William Allen,1875,Forward,Lancs,1,0,0,
George Andrews,1875,Forward,?,2,0,0,
W.H. Ash,1875,Forward,?,3,0,0,
Maurice Barlow,1875,Forward,Dublin,1,0,0,
Richard Bell,1875,Three-quarters,?,2,0,0,
Brab Casement,1875,Forward,Co Antri,3,0,0,
Abram Combe,1875,Forward,?,1,0,0,
Henry Cox,1875,Forward,Bangalore,4,0,0,
Abraham Cronyn,1875,Forward,?,3,0,0,
William Gaffikin,1875,Forward,?,1,0,0,
Edgar Galbraith,1875,Forward,Dublin,1,0,0,
Richard Galbraith,1875,Fullback,Dublin,3,0,0,
Francis Hewson,1875,Forward,?,1,0,0,
Sandy McDonald,1875,Forward,Northern Ireland,13,1,0,
Edward MacIlwaine,1875,Forward,?,2,0,0,
Robert Maginniss,1875,Forward,Northern Ireland,2,0,0,
John Myles,1875,Halfback,Limerick,1,0,0,
George Stack,1875,Forward,Omagh,1,0,0,
Robert Walkington,1875,Fullback,United States,10,0,0,
Henry Walsh,1875,Forward,Dublin,2,0,0,
David Arnott,1875,Forward,Tynemouth,1,0,0,
Tim Cuscaden,1875,Forward,Wexford,1,0,0,
William Finlay,1875,Forward,?,8,0,0,
R. Greer,1875,Forward,?,1,0,0,
Edward Hobson,1875,Three-quarters,Co.Wexford,1,0,0,
John Ireland,1875,Forward,?,2,0,0,
Hamilton Moore,1875,Fullback,Co.Antrim,2,0,0,
Ashley Westby,1875,Forward,Co.Dublin,1,0,0,
H. Brown,1877,Three-quarters,?,1,0,0,
Thomas Brown,1877,Forward,?,2,0,0,
Henry Edwards,1877,Forward,Carnarvon,2,0,0,
Thomas Gordon,1877,Halfback,?,3,0,0,
William Hamilton,1877,Forward,?,1,0,0,
Harry Jackson,1877,Forward,Co.Monaghan,1,0,0,
Hugh Kelly,1877,Forward,?,6,0,0,
Frederick Kidd,1877,Three-quarters,Newry,3,0,0,
Augustus Whitestone,1877,Halfback,Dublin,5,0,0,
William Wilson,1877,Forward,?,2,0,0,
J. Currell,1877,Forward,?,1,0,0,
James Heron,1877,Halfback,Co.Down,2,0,0,
Henry Murray,1877,Forward,Dublin,3,0,0,
Garvett Shaw,1877,Fullback,Belfast,1,0,0,
Edward Croker,1878,Forward,?,1,0,0,
George Fagan,1878,Halfback,Bengal,1,0,0,
W. Griffiths,1878,Forward,?,1,0,0,
Barney Hughes,1878,Forward,?,12,1,0,
Robert Matier,1878,Three-quarters,Belfast,2,0,0,
William Moore,1878,Forward,Co.Antrim,1,0,0,
Frederick Schute,1878,Forward,Bradford,2,0,0,
Arthur Archer,1879,Forward,Co.Kildare,1,0,0,
John Bagot,1879,Three-quarters,Galway,5,1,0,
William Cummins,1879,Forward,Cork,3,0,0,
William Goulding,1879,Halfback,Cork,1,0,0,
Thomas Harrison,1879,Three-quarters,?,3,0,0,
William Neville,1879,Forward,West Indie,2,0,0,
Henry Purdon,1879,Forward,?,5,1,0,
George Scriven,1879,Forward,Dublin,8,0,0,
John Taylor,1879,Forward,?,8,1,0,
James Bristow,1879,Forward,?,1,0,0,
John Cuppaidge,1879,Forward,Dublin,3,0,1,
Jack Keon,1879,Forward,Westmeath,1,0,0,
William Pike,1879,Three-quarters,Mayo,5,1,0,
Willington Willis,1879,Three-quarters,circa 1860,1,0,0,
Arthur Forrest,1880,Forward,Dublin,8,1,1,
William Heron,1880,Halfback,?,2,0,0,
Meredith Johnston,1880,Halfback,Dublin,8,1,1,
Francis Kennedy,1880,Forward,?,3,0,0,
Alfred Miller,1880,Forward,Kingstown,3,0,0,
William Wallis,1880,Forward,Dublin,5,1,0,
David Browning,1881,Forward,?,2,1,0,
John Burkitt,1881,Forward,Co.Clare,1,0,0,
Alfred MacMullen,1881,Forward,?,2,1,0,
Jones Morell,1881,Forward,Tyrone,4,1,0,
William Peirce,1881,Three-quarters,?,1,0,0,
Henry Spunner,1881,Halfback,?,3,1,0,
Jack Johnston,1881,Forward,?,9,2,0,
Robert McLean,1881,Three-quarters,?,10,1,0,
Joseph Atkinson,1882,Three-quarters,Dublin,2,0,0,
Gerrard Bent,1882,Halfback,Greenwich,2,0,0,
Arthur Downing,1882,Forward,Monkstown?,1,0,0,
William Fletcher,1882,Halfback,?,3,0,0,
Ernest Greene,1882,Three-quarters,Dublin,4,0,1,
Frederick Heuston,1882,Forward,Tipperary,3,0,0,
John Kennedy,1882,Forward,Co.Tipperar,2,0,0,
Ted McCarthy,1882,Forward,?,1,0,0,
Thomas McCarthy,1882,Three-quarters,Tipperary,1,0,0,
Bob Thompson,1882,Forward,?,1,0,0,
Thomas Johnson-Smyth,1882,Forward,?,1,0,0,
Robert Nelson,1882,Forward,?,4,0,0,
Oliver Stokes,1882,Forward,Kent,2,0,1,
Edward Wolfe,1882,Three-quarters,Northern Ireland,1,0,0,
John Buchanan,1882,Forward,?,3,0,0,
Robert Morrow,1882,Fullback,?,10,0,0,
Alexander O'Sullivan,1882,Forward,Cork,1,0,0,
Joe Pedlow,1882,Three-quarters,?,2,0,0,
Stewart Bruce,1883,Forward,Northern Ireland,3,0,0,
Henry King,1883,Forward,London,2,0,0,
Frank Moore,1883,Forward,Dublin,4,0,0,
Rowland Scovell,1883,Three-quarters,Kingstown,2,0,0,
Peyton Warren,1883,Halfback,?,1,0,0,
Samuel Collier,1883,Halfback,Northern Ireland,1,0,0,
Henry Brabazon,1884,Forward,nr Mullingar,3,0,0,
William Higgin,1884,Halfback,Belfast,2,0,0,
Francis Levis,1884,Forward,Co.Cork,1,0,0,
Daniel Ross,1884,Three-quarters,Co.Down,5,0,0,
William Rutherford,1884,Forward,Tipperary,6,1,0,
Alexander Gordon,1884,Forward,Dublin,1,0,0,
Thomas Hobbs,1884,Forward,Ambala,2,0,0,
Walter Kelly,1884,Forward,?,1,0,0,
Lewis McIntosh,1884,Three-quarters,?,1,0,1,
Forbes Maguire,1884,Forward,Dublin,1,0,0,
John O'Sullivan,1884,Fullback,Limerick,2,0,0,
George Wheeler,1884,Fullback,Belfast,2,0,0,
William Collis,1884,Forward,?,1,0,0,
Herbert Cook,1884,Forward,?,1,0,0,
John Fitzgerald,1884,Forward,?,1,0,0,
William Hallaran,1884,Halfback,1861,1,0,0,
Alexander Hamilton,1884,Forward,?,1,0,0,
Walter Johnstone,1884,Forward,Kingstown,1,0,0,
Charles Jordan,1884,Wing,date unknown,1,0,0,
John McDaniel,1884,Wing,Newport,1,0,0,
Frederick Moore,1884,Forward,Dublin,4,0,0,
Lambert Moyers,1884,Forward,Dublin,1,0,0,
Thomas Allen,1885,Forward,Derry,2,0,0,
Robert Bradshaw,1885,Forward,Co.Wexford,3,0,0,
Ernie Crawford,1885,Halfback,1861,2,0,0,
Thomas Lyle,1885,Forward,Northern Ireland,6,1,0,
Harry Neill,1885,Forward,Geelong,9,2,0,
John Ross,1885,Three-quarters,Dublin,5,0,0,
Thomas Shanahan,1885,Forward,Waterford,6,1,1,
Robert Warren,1885,Halfback,Co.Meath,15,3,1,0
J.A. Thompson,1885,Forward,?,2,0,0,
William Hogg,1885,Forward,?,1,0,0,
D.V. Hunter,1885,Halfback,?,1,0,0,
Joseph Chambers,1886,Forward,Co Cavan,5,1,0,
Victor le Fanu,1886,Forward,Dublin,11,3,0,0
Ralph Massy-Westropp,1886,Forward,Worcester,1,0,0,
Maxy Carpendale,1886,Three-quarters,Bombay,4,1,0,
Robert Herrick,1886,Halfback,Cork,1,0,0,
J. McMordie,1886,Forward,?,1,0,0,
Francis Miller,1886,Forward,?,1,0,0,
Joseph Ross,1886,Halfback,Co.Down,1,0,0,
Frank Stoker,1886,Forward,Dublin,5,1,0,0
James Waites,1886,Forward,Lancs,7,1,1,0
John Dick,1887,Forward,Lisburn.Co.Antrim,3,1,0,
John Macauley,1887,Forward,Limerick,2,1,0,
James McLaughlin,1887,Halfback,?,4,2,0,
Robert Montgomery,1887,Three-quarters,Belfast,5,2,4,0
Daniel Rambaut,1887,Three-quarters,Waterford,4,2,0,
Robert Stevenson,1887,Forward,Dungannon,14,3,0,0
Charles Tillie,1887,Three-quarters,Londonderry,4,2,1,
Dolway Walkington,1887,Fullback,Belfast,8,2,0,3
Edward Walshe,1887,Forward,?,7,2,2,4
Malcolm Moore,1887,Forward,Dublin,3,1,0,
W. Davison,1887,Forward,?,1,0,0,
Patrick O'Connor,1887,Halfback,?,1,0,0,
Thomas Taggart,1887,Forward,Bushmills,1,0,0,
William Ekin,1888,Forward,Co.Tyrone,2,1,0,
Robert Mayne,1888,Forward,?,2,1,0,
James Moffatt,1888,Forward,?,7,1,0,0
Ernest Stoker,1888,Forward,Dublin,2,1,0,
William Morton,1888,Forward,Tipperary,1,0,0,
Alfred Walpole,1888,Three-quarters,Roscommon,2,0,0,
Herbert Andrews,1888,Forward,Co Down,3,1,0,
Michael Bulger,1888,Three-quarters,Co Clare,1,0,0,
Taffy Edwards,1888,Three-quarters,Dublin,6,1,0,0
Edmund Forrest,1888,Forward,Dublin,13,5,0,4
Joseph Jameson,1888,Forward,Dublin,7,2,0,0
John Lytle,1888,Forward,Belfast,8,4,1,5
John O'Conor,1888,Forward,Letterkenny,17,6,0,0
James Stevenson,1888,Halfback,Dungannon,2,0,0,
David Woods,1888,Three-quarters,?,2,0,1,
Thomas Donovan,1889,Forward,Cork,1,0,0,
Luke Holmes,1889,Fullback,Belfast,2,1,0,
Llewellyn Nash,1889,Forward,Co.Cork,6,0,0,0
Thomas Pedlow,1889,Three-quarters,?,2,1,0,
Charles Stack,1889,Forward,Lifford,1,0,0,
Robert Yeates,1889,Three-quarters,W Bengal,2,1,0,
John Cotton,1889,Forward,?,1,1,1,
Robert Dunlop,1889,Three-quarters,?,11,2,1,1
Alaster McDonnell,1889,Halfback,Dublin,4,1,1,0
Henry Richey,1889,Forward,Dublin,2,1,0,0
William Davis,1890,Forward,Ferozopore,9,0,0,0
Eddie Doran,1890,Forward,Dublin,2,0,0,0
Harry Gifford,1890,Fullback,Dublin,1,0,0,0
Ralph Johnston,1890,Three-quarters,Kingstown,3,0,0,0
J. Roche,1890,Forward,?,7,1,0,5
Hugh Galbraith,1890,Forward,Londonderry,1,0,0,0
Benjamin Tuke,1890,Halfback,Dublin,9,3,0,0
Sam Lee,1891,Centre,Down,19,8,1,1
Charles Rooke,1891,Forward,Dublin,19,7,0,0
Edwin Cameron,1891,Halfback,Dublin,2,0,0,0
George Collopy,1891,Forward,Limerick,2,0,0,0
Edward Frazer,1891,Forward,Drumkeeran,2,0,0,0
Robert Stokes,1891,Forward,Kent,2,0,0,0
Herbert Wells,1891,Three-quarters,W Bengal,4,2,1,3
Thomas Fogarty,1891,Forward,?,1,0,0,0
Robert Pedlow,1891,Halfback,?,1,0,0,0
William Gardiner,1892,Wing,Northern Ireland,17,6,2,6
T.J. Johnston,1892,Forward,?,6,1,0,0
Thomas Peel,1892,Fullback,Limerick,3,1,0,0
Robert Smith,1892,Forward,Dublin,1,0,0,0
Thomas Thornhill,1892,Halfback,Co.Tyrone,4,1,0,0
Arthur Wallis,1892,Forward,Dublin,5,1,0,0
Coo Clinch,1892,Forward,Dublin,14,6,0,0
Frederick Davies,1892,Halfback,Dublin,5,1,1,2
Michael Egan,1893,Forward,?,2,0,0,0
Sam Gardiner,1893,Fullback,?,2,0,0,0
Robert Johnston,1893,Wing,Co Donegal,5,3,0,0
Harry Lindsay,1893,Forward,Northern Ireland,13,6,1,3
Walter Brown,1893,Halfback,Co.Dublin,5,3,0,0
Herbert Forrest,1893,Forward,Co.Dublin,2,0,0,0
Lucius Gwynn,1893,Centre,Donegal,7,4,0,0
Bryan O'Brien,1893,Forward,Co.Limerick,2,0,0,0
Robert Hamilton,1893,Forward,Dublin,1,0,0,0
William Sparrow,1893,Fullback,Kilkenny,2,1,0,0
Tom Crean,1894,Forward,Dublin,13,8,3,9
James Lytle,1894,Forward,Belfast,12,8,1,6
George Walmsley,1894,Forward,Co.Meath,1,1,0,0
Andrew Bond,1894,Forward,?,2,2,0,0
Patrick Grant,1894,Fullback,Co.Dublin,2,2,0,0
Alfred Brunker,1895,Forward,Co.Dublin,2,0,0,0
Hugh McCoull,1895,Forward,Co.Down,4,1,0,0
Louis Magee,1895,Halfback,Dublin,31,14,2,9
Joseph Magee,1895,Wing,Dublin,2,0,0,0
Thomas Stevenson,1895,Centre,Londonderry,7,3,1,3
Glascott Symes,1895,Fullback,Co.Mayo,1,0,0,0
John Fulton,1895,Fullback,?,16,6,0,0
Edward MacIlwaine,1895,Forward,Belfast,2,0,0,0
Alexander Montgomery,1895,Centre,Belfast,1,0,0,0
Jack O'Connor,1895,Wing,Limerick,1,0,0,0
William O'Sullivan,1895,Forward,?,1,0,0,0
Michael Delaney,1895,Halfback,?,1,0,0,0
Arthur Gwynn,1895,Wing,Donegal,1,0,0,0
Glyn Allen,1896,Halfback,Gibraltar,9,6,1,3
Lawrence Bulger,1896,Wing,Co Clare,12,7,3,25
Bill Byron,1896,Forward,Northern Ireland,11,7,0,0
James Sealy,1896,Forward,Dublin,13,8,2,6
George McAllan,1896,Fullback,Northern Ireland,2,1,0,0
John McIlwaine,1897,Forward,Belfast,7,4,0,0
John Ryan,1897,Forward,?,14,6,1,3
Michael Ryan,1897,Forward,?,17,7,1,3
Pierce O'Brien-Butler,1897,Fullback,Co.Tipperary,6,3,0,0
John Davis,1898,Forward,Co.Carlow,2,1,0,0
James Franks,1898,Forward,Co.Dublin,3,1,0,0
Francis Purser,1898,Wing,1876,3,1,0,0
Frederick Smithwick,1898,Centre,Kildare,2,0,0,0
Ainsworth Barr,1898,Halfback,Belfast,4,2,0,0
Thomas Little,1898,Forward,Dublin,7,3,0,0
Ned McCarthy,1898,Forward,Cork,1,0,0,0
Thomas Ahearne,1899,Forward,?,1,1,0,0
James Allison,1899,Centre,?,12,4,0,4
William Brown,1899,Wing,?,1,1,0,0
Ian Davidson,1899,Wing,Co.Do,10,3,2,6
George Harman,1899,Centre,Co Cork,2,2,0,0
Tom McGown,1899,Forward,Belfast,7,5,0,0
Edward Campbell,1899,Wing,?,4,2,1,3
Gerry Doran,1899,Wing,Dublin,10,4,2,6
Newry Meares,1896,Forward,Newry,6,3,0,0
Carl Reid,1899,Centre,Londonderry,4,2,1,3
Cecil Moriarty,1899,Forward,Tralee,1,1,0,0
Ellie Allen,1900,Forward,Gibraltar,21,6,1,3
John Coffey,1900,Forward,Dublin,19,8,0,0
John Ferris,1900,Scrum-half,?,3,0,0,0
Fred Gardiner,1900,Forward,Northern Ireland,22,8,3,15
Samuel Irwin,1900,Forward,Northern Ireland,9,2,0,4
Percy Nicholson,1900,Forward,Cork,3,0,0,0
Cecil Boyd,1896,Fullback,Dublin,4,1,0,0
Bertie Doran,1900,Centre,Dublin,8,2,1,3
Thomas Harvey,1900,Forward,Dublin,8,2,0,0
Albert Freear,1901,Wing,Lancs,3,1,1,3
Patrick Healey,1901,Forward,?,10,3,0,0
Archibald Heron,1901,Forward,?,1,1,0,0
Harry Irvine,1901,Forward,Belfast,1,0,0,2
Hugh Ferris,1901,Scrum-half,Co Down,2,1,0,0
Harry Corley,1902,Halfback,Dublin,8,2,0,5
Charles Fitzgerald,1902,Wing,Lurgan,3,1,0,0
George Hamlet,1902,Forward,Balbriggan,30,12,0,0
Alfred Tedford,1902,Forward,Belfast,26,9,6,18
John Pringle,1902,Forward,?,2,1,0,0
Henry Anderson,1903,Wing,Cape Town,4,2,0,0
George Harvey,1903,Centre,?,5,4,0,0
Robertson Smyth,1903,Forward,Northern Ireland,6,1,0,0
David Taylor,1903,Centre,?,1,1,0,0
James Wallace,1903,Forward,Roscrea,10,4,4,12
George Bradshaw,1903,Wing,Belfast,1,0,0,0
James Parke,1903,Centre,Co Monaghan,20,6,2,36
Fred Kennedy,1904,Halfback,Dublin,2,1,0,0
Campbell Robb,1904,Wing,Galway,5,1,1,3
Thomas Robinson,1904,Fly-half,?,10,3,1,3
Joseph Wallace,1903,Forward,Roscrea,5,0,0,0
Ernest Caddell,1904,Scrum-half,Louth,13,6,2,6
John Moffatt,1904,Wing,Dublin,4,2,4,12
Reg Edwards,1904,Forward,1882,4,3,0,0
Hercules Knox,1904,Forward,Mayo,10,6,0,0
Maurice Landers,1904,Fullback,Cork,5,3,0,0
Henry Millar,1904,Forward,Co.Dublin,4,3,0,0
Harry Thrift,1904,Wing,Dublin,18,8,5,15
Basil MacLear,1905,Centre,Portsmouth,11,5,4,18
Hugh Wilson,1905,Forward,Co Antrim,18,6,0,0
Harold Sugars,1905,Forward,Dungannon,3,0,2,6
Francis Casement,1906,Centre,?,3,2,0,0
Geoffrey Henebrey,1906,Fullback,Birkenhead,6,3,0,0
William Purdon,1906,Scrum-half,Belfast,3,2,1,3
Michael White,1906,Forward,?,6,3,0,0
Bertie Gotto,1906,Centre,Northern Ireland,1,0,0,0
George McIldowie,1906,Forward,Northern Ireland,4,0,1,3
William Cogan,1907,Forward,Cork,2,1,0,0
Robert Forbes,1907,Forward,Essex,1,1,0,0
Thomas Greeves,1907,Centre,?,5,2,0,0
James Sweeney,1907,Forward,Co Donegal,3,1,0,0
Charles Thompson,1907,Wing,?,13,4,5,15
Frederick Harvey,1907,Fullback,Co Meath,2,1,0,0
Billy Hinton,1907,Fullback,?,16,6,0,4
Charles Adams,1908,Forward,?,16,10,1,3
Herbert Aston,1908,Halfback,Co.Dublin,2,0,1,3
Gerald Beckett,1908,Centre,?,3,1,1,3
Thomas Harpur,1908,Forward,Mountmellick,3,1,0,0
Edward Morphy,1908,Forward,Dublin,1,0,0,0
Frank Smartt,1908,Scrum-half,?,3,1,0,0
Tom Smyth,1908,Forward,Northern Ireland,16,5,2,6
Bethel Solomons,1908,Forward,Dublin,10,2,0,0
Ernest Deane,1909,Wing,Limerick,1,0,0,0
Michael Garry,1909,Forward,?,7,3,0,0
Godfrey Pinion,1909,Fly-half,Northern Ireland,4,1,0,2
Oliver Piper,1909,Forward,Neath,9,2,0,0
John Blackham,1909,Hooker,Queen's Co.,6,1,0,0
Thomas Halpin,1909,Forward,?,13,6,0,0
Richard Magrath,1909,Wing,Cork City,1,0,0,0
Frederick McCormac,1909,Scrum-half,Dalkey,3,1,0,0
Jack O'Connor,1909,Scrum-half,?,1,1,1,3
Alexander Foster,1910,Centre,Northern Ireland,19,10,5,15
Dickie Lloyd,1910,Fly-half,Tyrone,19,8,2,75
Joseph Quinn,1910,Wing,Dublin,15,8,9,27
Harry Read,1910,Scrum-half,Tipperary,13,6,0,0
William Riordan,1910,Forward,?,1,0,0,0
Alfred Taylor,1910,Centre,Belfast,4,1,1,3
Herbert Moore,1910,Forward,Northern Ireland,8,4,0,0
Robert Lyle,1910,Centre,?,2,1,0,0
Arthur McClinton,1910,Fly-half,Northern Ireland,2,1,0,2
Cyril O'Callaghan,1910,Wing,Carlow,7,5,2,6
William Smyth,1910,Forward,Co.Antrim,3,1,0,0
William Beatty,1910,Prop,Co.Down,3,3,0,0
William Tyrrell,1910,Forward,Belfast,9,4,3,9
Samuel Campbell,1911,Forward,1889,12,7,0,0
Michael Heffernan,1911,Forward,?,4,3,1,3
Alexander Jackson,1911,Centre,Dublin,10,6,3,9
James Smyth,1911,Forward,Co.Antrim,3,3,0,0
Richard Graham,1911,Fullback,?,1,1,0,0
William Edwards,1912,Forward,Northern Ireland,2,1,0,0
Robert Hemphill,1912,Forward,?,4,3,0,0
George McConnell,1912,Forward,Co.Donegal,4,2,0,0
Charles MacIvor,1912,Wing,West Indies,7,4,1,3
d'Arcy Patterson,1912,Forward,Belfast,8,4,1,3
Myley Abraham,1912,Centre,Dublin,5,2,0,0
George Killeen,1912,Forward,Co Clare,10,4,0,0
George Brown,1912,Prop,Co.Kilkenny,3,2,1,3
Robin Wright,1912,Fullback,?,1,1,0,0
Robert Burgess,1912,Forward,?,1,0,0,0
John Clune,1912,Lock,Limerick,6,2,0,0
George Holmes,1912,Centre,Rathmines,3,0,0,0
John Minch,1912,Centre,Co Kildare,5,1,0,0
Geoffrey Schute,1912,Forward,Dublin North,3,0,1,3
Charles Stuart,1912,Fullback,?,1,0,0,0
Richard Watson,1912,Wing,?,1,0,0,0
James Finlay,1913,Forward,Northern Ireland,6,0,0,0
Ernest Jeffares,1913,Forward,Dublin,2,0,0,0
Patrick Stokes,1913,Flanker,Tipperary,12,3,4,12
Gordon Young,1913,Fullback,Cork,1,0,0,0
Frank Bennett,1913,Wing,Clonakilty,1,0,0,0
J.W. McConnell,1913,Fullback,?,1,0,0,0
Patrick O'Connell,1913,Forward,Co Tipperary,6,3,0,0
Stanhope Polden,1913,Scrum-half,Dublin,4,2,0,0
Albert Stewart,1913,Centre,Belfast,3,2,1,3
Andrew Todd,1913,Fullback,?,3,2,0,0
George Wood,1913,Wing,Co Mayo,2,1,0,0
William Collopy,1914,Prop,Dublin,19,7,0,0
John Dowse,1914,Forward,Co Dublin,3,2,0,0
Jack Parr,1914,Flanker,?,4,2,0,0
Vincent McNamara,1914,Scrum-half,Co Cork,3,1,1,3
Frank Montgomery,1914,Fullback,Belfast,3,1,0,0
James Taylor,1914,Forward,Londonderry,3,1,0,0
Henry Jack,1914,Fly-half,Cork,3,1,0,0
Jasper Brett,1914,Wing,Kingstown,1,0,0,0
Charles Bryant,1920,Wing,Penarth,2,0,0,0
Nick Butler,1920,Prop,Limerick,1,0,0,0
Henry Coulter,1920,Hooker,Co Down,3,0,0,0
William Crawford,1920,Fullback,Belfast,30,12,0,18
Robert Crichton,1920,Lock,?,15,3,0,0
William Cullen,1920,Centre,Balghupar,1,0,0,0
James Dickson,1920,Wing,Enniskillen,3,0,1,3
George Doherty,1920,Lock,Wandsworth,7,1,0,0
Arthur Horan,1920,Scrum-half,London,2,0,0,0
William Roche,1920,No. 8,Limerick,3,0,0,0
Thomas Wallace,1920,Centre,Ballymayo,3,0,0,0
Andy Courtney,1920,Prop,Nenagh,7,1,0,0
William Duggan,1920,Centre,Cork,2,0,0,0
Basil McFarland,1920,Wing,Northern Ireland,4,0,0,4
James O'Neill,1920,Scrum-half,Belfast,1,0,0,0
Alfred Price,1920,Prop,Co Kerry,2,0,1,3
Patrick Roddy,1920,Centre,?,2,0,0,0
Michael Bradley,1920,Prop,Cork,19,9,0,0
Bill Cunningham,1920,Fly-half,1900,9,2,2,6
Norman Potterton,1920,No. 8,Dublin,1,0,0,0
Declan Browne,1920,Hooker,?,1,0,0,0
John Smyth,1920,Flanker,Co Down,1,0,0,0
George Stephenson,1920,Centre,Northern Ireland,42,20,14,89
John Bermingham,1921,Prop,Co.Offaly,4,1,0,0
Henry Cormac,1921,Wing,Howth,3,1,0,0
Denis Cussen,1921,Wing,Limerick,15,6,5,15
Charles Hallaran,1921,Lock,Ceylon,15,6,0,0
Thomas McClelland,1921,Flanker,?,16,5,2,6
Thomas Mayne,1921,Scrum-half,Belfast,3,1,0,0
Noel Purcell,1921,No. 8,Dublin,4,1,0,0
John Thompson,1921,Flanker,?,8,2,0,0
Cecil Davidson,1921,Wing,?,1,0,0,0
Thomas Wallis,1921,Wing,Dublin,5,1,1,14
Samuel McVicker,1922,Lock,Northern Ireland,4,1,0,0
Reuben Owens,1922,Flanker,Dublin,2,0,0,0
Donal Sullivan,1922,Centre,Co Cork,4,1,0,0
Jim Wheeler,1922,Fly-half,Belfast,5,1,0,0
Joseph Clarke,1922,Scrum-half,Dundrum,7,2,1,3
John Egan,1922,Flanker,?,1,0,0,0
Ivan Popham,1922,Lock,?,4,1,0,0
Henry Stephenson,1922,Wing,Northern Ireland,14,5,4,12
Joseph Gillespie,1922,Prop,Co.Roscommon,2,1,0,0
Joe Stewart,1922,Fullback,Boghill,10,6,0,0
Dick Collopy,1923,Prop,?,13,5,0,0
Dunlop Cunningham,1923,Lock,Belfast,6,3,0,0
James Gardiner,1923,Centre,?,13,5,1,3
Robert Gray,1923,No. 8,Co Monaghn,4,2,0,0
William Hall,1923,Fly-half,Belfast,6,2,0,0
Finlay Jackson,1923,Centre,Belfast,1,0,0,0
Robert McClenahan,1923,Wing,?,3,1,0,0
Jack Mahony,1923,No. 8,?,1,0,0,0
Peter Dunn,1923,Lock,?,1,0,0,0
Jamie Clinch,1923,Flanker,Dublin,30,16,0,0
Arthur Douglas,1923,Wing,Belfast,5,1,2,6
Alfred Atkins,1924,Wing,Dublin,1,1,1,3
William Collis,1924,Hooker,Killiney,7,4,0,0
John McDowell,1924,Fly-half,?,2,1,0,0
Jim McVicker,1924,Lock,Northern Ireland,23,11,0,0
Ian Stuart,1924,Lock,Dublin,2,0,0,0
Frank Hewitt,1924,Fly-half,Belfast,9,5,2,6
Tom Hewitt,1924,Wing,Belfast,9,5,2,8
Norman Brand,1924,Forward,Northern Ireland,3,0,0,0
Alex Spain,1924,Lock,Cashel,1,0,0,0
Mark Sugden,1925,Scrum-half,Staffs,28,16,3,9
George Beamish,1925,No. 8,Munster,30,13,0,0
William Browne,1925,Hooker,Longford,12,6,1,3
Standish Cagney,1925,Lock,Harrow-on-the-Hill,13,9,0,0
Eugene Davy,1925,Fly-half,Dublin,34,19,8,36
Robert Flood,1925,No. 8,?,1,1,0,0
Terence Millin,1925,Centre,Northern Ireland,1,1,1,3
Jimmy Farrell,1926,Lock,Meath,34,18,0,0
Rex Hamilton,1926,Wing,Belfast,1,1,0,0
Joseph Neill,1926,Flanker,?,1,1,0,0
Allan Buchanan,1926,Prop,?,6,4,0,0
Charles Payne,1926,Hooker,Belfast,16,10,0,0
Jack Gage,1926,Wing,Worcester,5,4,1,3
Charles Hanrahan,1926,Prop,?,20,11,1,3
Maurice Atkinson,1927,Centre,Northern Ireland,2,1,0,0
Jim Ganly,1927,Wing,Dublin,12,7,7,24
Paul Murray,1927,Scrum-half,Dublin,23,11,1,33
Norman Ross,1927,No. 8,Ballymena,2,1,0,0
Hugh McVicker,1927,Lock,Northern Ireland,5,3,1,3
Theodore Pike,1927,Prop,Thurles,8,5,1,3
Joxer Arigho,1928,Wing,Dublin,16,8,6,18
Thomas Bramwell,1928,Hooker,Co.Antrim,1,1,0,0
Reginald Odbert,1928,Centre,Monkstown,1,1,0,0
Rowland Byers,1928,Wing,Belfast,5,3,0,0
Jerry Mullane,1928,Flanker,Newcastle West,2,2,0,0
Mike Dunne,1928,Lock,Co.Dublin,16,7,0,0
Hugh Browne,1929,Hooker,London,3,1,0,2
John Synge,1929,Flanker,Dublin,1,0,0,0
Morgan Crowe,1929,Centre,Dublin,13,6,2,6
Mark Deering,1929,Lock,Co Wicklow,1,0,0,0
Claude Carroll,1930,Lock,Thurles,1,0,0,0
Ted Hunt,1930,Centre,Dorset,5,2,2,6
William McCormick,1930,No. 8,Co Derry,1,1,0,0
Noel Murphy,1930,Flanker,Cork,11,5,0,0
Henry O'Neill,1930,Prop,Portstewart,11,4,0,0
Frederick Williamson,1930,Fullback,Wexford,3,2,0,0
Ter Casey,1930,Hooker,Limerick,2,1,0,0
Major Egan,1931,Fullback,?,3,1,0,0
Edward Lightfoot,1931,Wing,Dublin,11,5,3,9
Jack Russell,1931,Lock,Queenstown Cobh,19,8,2,6
Jack Siggins,1931,No. 8,Belfast,24,11,1,12
Hal Withers,1931,No. 8,?,5,2,0,0
Laurence McMahon,1931,Centre,London,12,5,3,12
Victor Pike,1931,Hooker,Thurles,13,5,1,3
John Entrican,1931,Fullback,Cookstown,1,1,0,0
Dermot Morris,1931,Fullback,Dublin,6,2,0,0
William Ross,1932,Flanker,?,9,3,2,6
Michael Sheehan,1932,Scrum-half,Limerick,1,0,0,0
Shaun Waide,1932,Wing,?,5,3,3,9
Ernest Ridgeway,1932,Centre,Dublin,5,4,1,3
Robin Pratt,1933,Fullback,Enniskillen,5,1,0,0
Bobby Barnes,1933,Centre,Northern Ireland,1,1,1,3
Charles Beamish,1933,Prop,Cork,12,5,1,3
Paddy Coote,1933,Centre,Eton,1,0,0,0
Joseph O'Connor,1933,Wing,Castleisland,11,3,3,9
Mebs Bardon,1934,Flanker,Wicklow,1,0,0,0
Bob Graves,1934,Hooker,Co Kerry,17,6,0,0
George Morgan,1934,Scrum-half,Dublin,20,9,2,6
James Reardon,1934,Centre,?,2,0,0,0
Sam Walker,1934,Prop,Belfast,18,7,1,7
Ham Lambert,1934,Centre,Dublin,2,0,0,0
David Lane,1934,Wing,Cork,4,1,0,0
John Reid,1934,Fly-half,Co Cork,2,0,0,0
Aidan Bailey,1934,Centre,Dublin,13,6,4,22
Daniel Langan,1934,Fullback,Dublin,1,0,0,0
Noel McGrath,1934,Prop,Wakefield,1,0,0,0
John Megaw,1934,No. 8,Belfast,2,0,0,0
Philip Crowe,1935,Fullback,Dublin,2,0,0,2
Seamus Deering,1935,Lock,Co Wicklow,9,5,0,0
Patrick Lawlor,1935,Flanker,Co Wicklow,6,4,1,3
Mike Sayers,1935,Flanker,Madras,10,6,0,3
Victor Hewitt,1935,Fly-half,Belfast,6,4,0,4
Jack Doyle,1935,Wing,?,1,1,1,3
Vesey Boyle,1935,Wing,Dublin,11,5,1,3
Thomas Dunn,1935,Prop,?,1,0,0,0
George Malcolmson,1935,Fullback,Northern Ireland,7,4,0,0
Clive Wallis,1935,Prop,Dublin,1,0,0,0
Bob Alexander,1936,Flanker,Belfast,14,7,2,6
Fred Moran,1936,Wing,?,9,5,6,18
Thomas Corken,1937,Hooker,Northern Ireland,3,2,0,0
George Cromey,1937,Fly-half,Northern Ireland,10,5,2,6
Blair Mayne,1937,Lock,Northern Ireland,9,4,1,3
Charles Reidy,1937,Prop,London,1,1,0,0
Ted Ryan,1937,Prop,Co.Clare,3,1,0,0
Maurice Daly,1938,Wing,?,1,0,1,3
John Irwin,1938,No. 8,Northern Ireland,5,2,1,3
Victor Lyttle,1938,Wing,Belfast,3,2,0,0
David O'Loughlin,1938,Lock,Glenbeigh,6,2,1,3
Ronald Craig,1938,Fullback,Belfast,2,0,0,0
Hector Kennedy,1938,Prop,?,2,0,0,0
Donough Tierney,1938,Lock,?,3,1,0,0
Harry McKibbin,1938,Centre,Belfast,7,3,0,12
Desmond Torrens,1938,Centre,?,4,2,1,3
Con Murphy,1939,Fullback,Dublin,5,3,0,0
James Ryan,1939,Prop,Dublin,3,2,0,0
Charles Teehan,1939,Prop,Co Cork,3,2,0,0
Thomas Headon,1939,Prop,Ballyporeen,2,1,0,0
Robert Agar,1947,No. 8,Co Carlow,10,5,0,0
Colm Callan,1947,Lock,Co Louth,10,7,0,0
Ray Carroll,1947,Scrum-half,Dublin,3,1,0,0
John Daly,1947,Prop,Queenstown,7,5,1,3
John Harper,1947,Centre,Belfast,3,2,0,0
Donal Hingerty,1947,Flanker,Dublin,4,2,0,0
Ernie Keeffe,1947,Lock,Cork,6,3,0,0
Jackie Kyle,1947,Fly-half,Northern Ireland,52,25,9,30
Bill McKay,1947,Flanker,Waterford,29,16,3,9
Barney Mullan,1947,Wing,?,8,6,6,36
Karl Mullen,1947,Hooker,Courtown Harbour,28,16,0,0
Matthew Neely,1947,Prop,Northern Ireland,4,2,0,0
Brendan Quinn,1947,Wing,Dublin,1,0,0,0
Kevin Quinn,1947,Centre,Co Galway,5,2,0,3
Jack Monteith,1947,Centre,Northern Ireland,3,2,0,0
Bertie O'Hanlon,1947,Wing,Cork,12,9,3,9
Ernest Strathdee,1947,Scrum-half,?,9,7,0,0
Dudley Higgins,1947,Fullback,Wicklow,6,4,0,0
Mick Lane,1947,Wing,Cork,19,10,1,3
Jimmy Corcoran,1947,Prop,Cork,2,1,0,0
Albert McConnell,1947,Prop,Belfast,7,5,0,0
Desmond McCourt,1947,No. 8,Northern Ireland,1,0,0,0
William McKee,1947,Centre,Northern Ireland,12,7,2,6
Jimmy Nelson,1947,Lock,Belfast,20,11,3,9
Kevin O'Flanagan,1947,Wing,Dublin,1,0,0,0
Paddy Reid,1947,Centre,Limerick,4,3,1,3
Richard Wilkinson,1947,Lock,Dublin,1,0,0,0
Jim McCarthy,1948,Flanker,Cork,28,15,8,24
Hugh de Lacy,1948,Scrum-half,?,2,2,0,0
John Mattsson,1948,Fullback,Co.Cork,1,1,0,0
Des O'Brien,1948,No. 8,Dublin,20,12,1,3
Michael O'Flanagan,1948,Centre,Dublin,1,1,0,0
Tom Clifford,1949,Prop,Tipperary,19,10,1,3
Thomas Cullen,1949,Scrum-half,Dublin,1,0,0,0
Tom Gavin,1949,Centre,Coventry,2,1,0,0
George Norton,1949,Fullback,Dublin,11,7,0,41
Leslie Griffin,1949,Prop,Arklow,2,2,0,0
Noel Henderson,1949,Centre,Northern Ireland,41,18,3,54
John Burges,1950,Scrum-half,Tipperary,2,0,0,3
Arthur Curtis,1950,Flanker,Shanghai,3,1,1,3
Des McKibbin,1950,Prop,Northern Ireland,8,4,0,3
Louis Crowe,1950,Wing,Co.Tipperary,3,1,1,3
George Phipps,1950,Centre,Peshawar,5,1,0,0
John Blayney,1950,Centre,Dublin,1,1,1,3
Jacko Molony,1950,Lock,Thurles,1,1,0,0
Hex Uprichard,1950,Centre,Northern Ireland,2,1,0,0
Richard Chambers,1951,Centre,Northern Ireland,6,4,0,0
Cornelius Griffin,1951,Wing,London,2,2,0,0
John O'Meara,1951,Scrum-half,Cork,22,10,2,6
John Smith,1951,Prop,Northern Ireland,12,5,0,0
William Millar,1951,Wing,Northern Ireland,5,3,0,0
James Brady,1951,Lock,Northern Ireland,12,6,0,0
Patrick Lawlor,1951,Lock,Dublin,12,5,1,3
Angus McMorrow,1951,Fullback,Sligo,1,0,0,0
Antony Browne,1951,Centre,?,1,0,1,3
Gerry Murphy,1951,Fullback,Northern Ireland,6,1,0,5
Robin Thompson,1951,Lock,Northern Ireland,14,4,0,0
John Notley,1952,Fullback,Co Roscom'n,2,2,0,2
Mick Dargan,1952,Flanker,Dublin,2,1,0,0
Archie O'Leary,1952,Lock,Cork,3,1,0,0
Niall Bailey,1952,Wing,Dublin,1,0,0,0
Michael Hillary,1952,Wing,Malaya,1,0,0,0
Patrick Kavanagh,1952,Flanker,Dublin,2,0,0,0
William O'Neill,1952,Prop,Dublin,6,2,0,0
Robin Roe,1952,Hooker,Ballybrophy,21,7,0,0
Fuzzy Anderson,1953,Prop,Northern Ireland,13,3,0,0
Ewart Bell,1953,Flanker,Northern Ireland,4,2,0,0
Robin Gregg,1953,Fullback,Northern Ireland,7,3,0,12
James Kavanagh,1953,Flanker,Dublin,35,12,4,12
Maurice Mortell,1953,Wing,Co Cork,9,3,5,15
Tom Reid,1953,Lock,Limerick,15,4,0,0
Seamus Byrne,1953,Wing,Dublin,3,1,4,12
Cecil Pedlow,1953,Wing,Northern Ireland,32,7,4,36
Gerard Reidy,1953,Flanker,Cork,5,1,0,0
Joseph Gaston,1954,Wing,Northern Ireland,8,1,1,3
William Hewitt,1954,Fly-half,Northern Ireland,4,1,0,0
James Murphy-O'Connor,1954,No. 8,Reading,1,0,0,3
Gordon Wood,1954,Prop,Limerick,31,10,1,3
Robin Godfrey,1954,Centre,Essex,2,1,0,0
Seamus Kelly,1954,Fly-half,Wexford,5,1,0,12
Patrick Berkery,1954,Fullback,Clonmel,11,6,0,5
Herbert McCracken,1954,Scrum-half,Northern Ireland,1,0,0,0
Marney Cunningham,1955,Flanker,Cork,7,2,1,3
William O'Connell,1955,Lock,Limerick,1,0,0,0
Patrick O'Donoghue,1955,Prop,Dun Laoghaire,11,4,0,0
Tony O'Reilly,1955,Wing,Dublin,39,15,10,30
William Tector,1955,Fullback,Co Wexford,3,0,0,0
Mick Madden,1955,Lock,Cork,3,0,0,0
Richard Roche,1955,Wing,Co Galway,4,1,0,0
Sean McDermott,1955,Scrum-half,Kinsale,2,0,0,0
David MacSweeney,1955,Flanker,Co Waterf,1,0,0,0
George Ross,1955,No. 8,Northern Ireland,1,0,0,0
Cecil Fagan,1956,Prop,Dublin,3,1,0,0
Adrian Kennedy,1956,No. 8,Northern Ireland,1,0,0,0
Jimmy McKelvey,1956,Fullback,Northern Ireland,2,0,0,0
Andy Mulligan,1956,Scrum-half,Kasauli,23,7,0,0
Sean Quinlan,1956,Wing,Cork,4,1,0,0
James Ritchie,1956,Flanker,Northern Ireland,2,0,0,0
Noel Feddis,1956,Flanker,Dublin,1,0,0,0
Brendan Guerin,1956,Lock,Waterford,1,1,0,0
Charlie Lydon,1956,Flanker,Westport,1,1,0,0
Leo Lynch,1956,Lock,Dublin,1,1,0,0
Timothy McGrath,1956,No. 8,Cork,7,1,0,0
Niall Brophy,1957,Wing,Dublin,22,7,4,12
Hubert O'Connor,1957,Flanker,Dublin,4,2,0,0
Tony O'Sullivan,1957,No. 8,Galway,15,5,1,3
James Brennan,1957,Prop,Northern Ireland,2,1,0,0
Ronnie Dawson,1958,Hooker,Dublin,33,10,2,6
James Donaldson,1958,Flanker,Northern Ireland,4,2,0,0
Dave Hewitt,1958,Centre,Northern Ireland,24,8,2,32
Bill Mulcahy,1958,Lock,Limerick,41,12,0,0
Noel Murphy,1958,Flanker,Cork,49,20,6,18
James Stevenson,1958,Lock,Northern Ireland,5,2,0,0
Michael English,1958,Fly-half,Limerick,16,3,0,9
Eric Brown,1958,Flanker,Northern Ireland,1,0,0,0
Dion Glass,1958,"Centre, Wing",Northern Ireland,4,0,0,0
Syd Millar,1958,Prop,Northern Ireland,46,14,0,0
Gerry Culliton,1959,Lock,Laois,19,4,1,3
John Dooley,1959,Centre,Galway,3,1,1,3
Kevin Flynn,1959,Centre,Dublin,22,8,5,17
Walter Bornemann,1960,Wing,,4,0,0,0
Tom Kiernan,1960,Fullback,Cork,59,23,2,193
Barton McCallan,1960,Hooker,Northern Ireland,2,0,0,0
Jerry Walsh,1960,Centre,Cork,26,9,1,3
Locky Butler,1960,Hooker,Bray,1,0,0,0
Paddy Costello,1960,Lock,Dublin,1,0,0,0
William Armstrong,1960,Fly-half,Northern Ireland,2,1,0,0
Ronald McCarten,1961,Wing,Cumberland,3,1,0,0
Jonathan Moffett,1961,Scrum-half,Northern Ireland,2,1,0,10
Ian Dick,1961,No. 8,Northern Ireland,8,1,0,0
Thomas Nesdale,1961,Flanker,Cork,1,0,0,0
Dennis Scott,1961,Flanker,Northern Ireland,3,0,0,0
Kenneth Houston,1961,Wing,?,6,2,0,0
Jimmy Dick,1962,Hooker,Northern Ireland,1,0,0,0
Francis Gilpin,1962,Fullback,Northern Ireland,3,0,0,0
Michael Hipwell,1962,No. 8,Carlow,12,5,0,0
Ray Hunter,1962,Wing,Northern Ireland,10,0,1,6
Laurence l'Estrange,1962,Wing,Lancs,1,0,0,0
Willie-John McBride,1962,Lock,Northern Ireland,80,33,2,7
Ray McLoughlin,1962,Prop,Ballinasloe,43,18,2,7
John Quirke,1962,Scrum-half,Dublin,3,1,0,0
Patrick Turley,1962,Flanker,Co Laois,1,0,0,0
Gerald Hardy,1962,Fly-half,Co Louth,1,0,0,0
Noel Byrne,1962,Wing,Co Kildare,1,0,0,0
James Kelly,1962,Scrum-half,Dublin,11,2,0,0
Patrick Dwyer,1962,Prop,Co Galway,5,0,0,0
Matthew Kiely,1962,Flanker,?,5,1,0,0
Michael O'Callaghan,1962,Prop,?,3,1,0,0
Patrick Casey,1963,Wing,Dublin,12,4,3,9
John Murray,1963,Fly-half,Dublin,1,0,0,0
Eamonn McGuire,1963,Flanker,Galway,8,2,0,0
Brian Marshall,1963,Fullback,1940,1,0,0,0
Alan Duggan,1963,Wing,Dublin,25,14,11,34
John Fortune,1963,Wing,Dublin,2,1,1,3
Mike Gibson,1964,Centre,Northern Ireland,81,31,9,112
Fergus Keogh,1964,Fullback,Dublin,2,0,0,6
Paddy Lane,1964,Hooker,Co Clare,1,0,0,0
Mick Leahy,1964,Lock,Co Galway,1,0,0,0
Al Moroney,1964,Prop,Co Clare,3,1,0,0
Mick Doyle,1965,Flanker,Castleisland,21,11,2,6
Ken Kennedy,1965,Hooker,Kent,49,25,1,3
Ronnie Lamont,1965,Flanker,Northern Ireland,16,5,2,6
Sean MacHale,1965,Prop,Ballina,12,6,0,0
Roger Young,1965,Scrum-half,Northern Ireland,30,15,1,3
Paddy McGrath,1965,Wing,Burma,10,6,4,12
Henry Wall,1965,No. 8,Cork,2,1,0,0
Mick Molloy,1966,Lock,Galway,27,14,2,6
Barry Bresnihan,1966,Centre,Waterford,28,13,5,15
Aidan Brady,1966,Hooker,Dublin,4,2,0,0
Oliver Waldron,1966,Lock,Cork,3,2,0,0
Ken Goodall,1967,No. 8,Leeds,19,12,3,9
Philo O'Callaghan,1967,Prop,Cork,21,10,0,0
Harry Rea,1967,Centre,Northern Ireland,2,2,0,0
Brendan Sherry,1967,Scrum-half,Cork,6,3,0,0
Robert Scott,1967,Wing,Northern Ireland,5,1,0,0
Sam Hutton,1967,Prop,?,4,3,0,0
Terry Moore,1967,No. 8,Cork,12,5,1,4
Billy McCombe,1968,Fly-half,Kampala,5,2,1,32
Brian O'Brien,1968,Centre,Limerick,3,1,0,0
Thomas Doyle,1968,Flanker,Castleisland,3,2,0,0
Laurence Hunter,1968,Centre,Northern Ireland,2,2,0,0
John Moroney,1968,Wing,Tipperary,6,5,1,20
Jim Tydings,1968,Wing,Limerick,1,1,0,0
James Davidson,1969,Flanker,Northern Ireland,6,3,0,0
Barry McGann,1969,Fly-half,?,25,11,1,72
Colin Grimshaw,1969,Scrum-half,?,1,1,0,0
William Brown,1970,Wing,Northern Ireland,4,2,1,3
Eric Campbell,1970,Lock,Co Carlow,1,0,0,0
Fergus Slattery,1970,Flanker,Dun Laoghaire,65,27,3,12
Edwin Grant,1971,Wing,Northern Ireland,4,1,3,9
Denis Hickie,1971,No. 8,Dublin,6,3,0,0
Sean Lynch,1971,Prop,Dublin,21,9,0,0
Barry O'Driscoll,1971,Fullback,Dublin,4,1,0,6
Con Feighery,1972,Lock,Dublin,3,3,0,0
Tom Grace,1972,Wing,Dublin,25,9,6,24
Stewart McKinney,1972,Flanker,Northern Ireland,25,9,2,11
Arthur McMaster,1972,Wing,Northern Ireland,18,8,2,8
John Moloney,1972,Scrum-half,Limerick,27,14,4,16
Kevin Mays,1973,Lock,London,4,1,0,0
James Buckley,1973,Flanker,?,2,1,0,0
Dick Milliken,1973,Centre,Northern Ireland,18,9,3,12
Anthony Ensor,1973,Fullback,Dublin,22,7,1,31
Roger Clegg,1973,Prop,Co Cork,5,3,0,0
Seamus Dennison,1973,Wing,Limerick,3,2,1,4
Michael Quinn,1973,Fly-half,Dublin,10,3,0,18
Vincent Becker,1974,Wing,Dublin,2,0,0,0
Moss Keane,1974,Lock,Co Kerry,52,17,1,4
Patrick Agnew,1974,Prop,Northern Ireland,2,0,0,0
Shay Deering,1974,Flanker,Dublin,8,1,0,0
Patrick Lavery,1974,Centre,Cheltenham,2,0,0,0
Alan Doherty,1974,,Enniscorthy,1,0,0,0
James Crowe,1974,Centre,Dublin,1,0,0,0
Pat Parfrey,1974,Wing,Cork,1,0,0,0
Willie Duggan,1975,No. 8,Kilkenny,45,13,2,8
Pa Whelan,1975,Hooker,Limerick,19,3,0,0
Michael Sherry,1975,Flanker,Co Mayo,2,1,0,0
Ollie Campbell,1976,Fly-half,Dublin,29,11,1,243
John Cantrell,1976,Hooker,Limerick,9,1,0,0
Ian McIlrath,1976,Centre,Northern Ireland,5,0,0,0
Phelim McLoughlin,1976,Prop,Ballinasloe,1,0,0,0
John Robbie,1976,Scrum-half,Dublin,10,1,0,9
Brendan Foley,1976,Lock,Limerick,11,2,0,0
Phil Orr,1976,Prop,Dublin,59,20,0,0
Donal Canniffe,1976,Scrum-half,Mullingar,2,1,0,0
Ronnie Hakin,1976,Lock,Northern Ireland,6,0,0,0
Lawrence Moloney,1976,Fullback,Co.Cork,4,1,0,0
Stephen Blake-Knox,1976,Wing,Dublin,3,1,0,0
Joseph Brady,1976,Centre,Dublin,2,1,0,0
Harold Steele,1976,Lock,Northern Ireland,10,4,0,0
Christopher McKibbin,1976,,Northern Ireland,1,0,0,0
Jimmy Bowen,1977,Wing,Cork,3,0,0,0
Thomas Feighery,1977,Prop,Dublin,2,0,0,0
Robbie McGrath,1977,Scrum-half,Dublin,16,6,1,4
Alistair McKibbin,1977,Centre,Northern Ireland,14,3,0,0
Frank Wilson,1977,Fullback,Northern Ireland,3,0,0,0
Ned Byrne,1977,Prop,Kilkenny,6,0,0,0
Charles Murtagh,1977,Lock,Northern Ireland,1,0,0,0
Raymond Finn,1977,Centre,Dublin,1,0,0,0
Freddie McLennan,1977,Wing,Dublin,18,2,4,16
Mick Fitzpatrick,1978,Prop,Dublin,10,3,0,0
Paul McNaughton,1978,Centre,Bray,15,6,0,0
John O'Driscoll,1978,Flanker,Dublin,32,12,3,12
Donal Spring,1978,Lock,Tralee,7,3,0,0
Tony Ward,1978,Fly-half,Dublin,20,5,0,131
Terry Kennedy,1978,Wing,Dublin,13,5,1,4
Colin Patterson,1978,Scrum-half,Northern Ireland,14,5,5,20
Michael Gibson,1979,No. 8,Dublin,10,3,0,0
Ginger McLoughlin,1979,Prop,Limerick,18,9,1,4
Dick Spring,1979,Fullback,Tralee,3,1,0,0
Colm Tucker,1979,Flanker,Limerick,5,1,0,0
Moss Finn,1979,Wing,Cork,14,7,4,16
Ron Elliott,1979,Fullback,Down,1,0,0,0
Ciaran Fitzgerald,1979,Hooker,Galway,29,13,1,4
Rodney O'Donnell,1979,Fullback,Dublin,6,4,0,0
Frank Ennis,1979,Fullback,Dublin,1,1,0,0
James Glennon,1980,Lock,Dublin,7,3,0,0
Kevin O'Brien,1980,Fullback,Manchester,3,0,1,4
Ian Burns,1980,Fly-half,Dublin,1,0,0,0
David Irwin,1980,Centre,Northern Ireland,28,7,2,8
Hugo MacNeill,1981,Fullback,Dublin,40,15,10,46
Francis Quinn,1981,Wing,Dublin,3,0,0,0
Kenneth Hooks,1981,Wing,Northern Ireland,6,2,1,4
Paul Dean,1981,Fly-half,Dublin,32,13,4,19
Jerry Holland,1981,Lock,Cork,3,0,0,0
John Murphy,1981,Fullback,Bray,3,1,0,5
John Hewitt,1981,"Fullback, Wing",Northern Ireland,2,0,0,0
Donal Lenihan,1981,Lock,Cork,52,21,1,4
Trevor Ringland,1981,Wing,Northern Ireland,35,14,9,36
Michael Kiernan,1982,Centre,Cork,46,18,6,308
Keith Crossan,1982,Wing,Northern Ireland,41,17,12,48
Ronan Kearney,1982,Flanker,Kilkenny,4,0,0,0
Rory Moroney,1984,Centre,Clonmel,3,0,0,0
William Duncan,1984,Flanker,Northern Ireland,2,0,0,0
JJ McCoy,1984,Prop,Northern Ireland,16,7,0,0
Harry Harbison,1984,Hooker,Dublin,8,3,0,0
Tony Doyle,1984,Scrum-half,Dublin,2,0,0,0
Des Fitzgerald,1984,Prop,Dublin,34,8,0,0
Derek McGrath,1984,Flanker,Dublin,5,2,0,0
Hugh Condon,1984,"Centre, Fly-half",Leamington Spa,1,0,0,0
Willie Anderson,1984,Lock,Northern Ireland,27,10,1,4
Michael Bradley,1984,Scrum-half,Cork,40,15,5,21
Philip Matthews,1984,Flanker,Gloucester,38,12,4,16
Brendan Mullin,1984,Centre,Jerusalem,56,19,17,72
William Sexton,1984,Flanker,?,3,1,0,0
Nigel Carr,1985,Flanker,Northern Ireland,11,6,0,0
Brian Spillane,1985,No. 8,Cork,13,5,1,4
Brian McCall,1985,Lock,Northern Ireland,3,0,1,4
Robert Morrow,1986,Flanker,?,3,0,0,0
Paul Kennedy,1986,Prop,?,2,0,0,0
Ralph Keyes,1986,Fly-half,Cork,8,2,1,94
Terry Kingston,1987,Hooker,Cork,30,14,2,8
Paul Collins,1987,Flanker,Cork,2,1,0,0
John McDonald,1987,Hooker,Northern Ireland,4,2,0,0
Neil Francis,1987,Lock,Dublin,36,13,4,19
Job Langbroek,1987,Prop,?,1,1,0,0
Phil Danaher,1988,Centre,Limerick,28,9,0,6
John Fitzgerald,1988,Prop,London,12,3,1,4
Don Whittle,1988,Flanker,Northern Ireland,1,0,0,0
Tom Clancy,1988,Prop,Dublin,9,3,0,0
Denis McBride,1988,Flanker,Northern Ireland,32,12,4,18
Michael Moylett,1988,Lock,Dublin,1,0,0,0
Fergus Aherne,1988,Scrum-half,Cork,16,4,1,4
Vince Cunningham,1988,Centre,Dublin,16,7,3,14
John Sexton,1988,Wing,Dublin,4,2,1,7
Steve Smith,1988,Hooker,Northern Ireland,25,4,2,8
Noel Mannion,1988,No. 8,Ballinasloe,16,6,3,12
Pat O'Hara,1988,Flanker,Essex,15,7,1,4
Fergus Dunlea,1989,Fullback,Dublin,3,1,1,4
Paul Haycock,1989,Wing,Dublin,1,0,0,0
Nick Popplewell,1989,Prop,Dublin,51,16,3,13
Philip Rainey,1989,Fullback,Northern Ireland,1,0,0,0
Brian Smith,1987,Scrum-half,St George,15,6,4,52
Gary Halpin,1990,Prop,Dublin,11,3,1,5
Kenny Murphy,1990,Fullback,Cork,11,2,0,0
Peter Russell,1990,Fly-half,Northern Ireland,4,0,0,23
Paddy Johns,1990,Lock,Northern Ireland,59,22,4,20
Philip Lawlor,1990,No. 8,Kildare,3,1,0,0
Alain Rolland,1990,Scrum-half,Dublin,3,2,0,0
Mick Galwey,1991,Lock,Co Kerry,41,18,3,15
Simon Geoghegan,1991,Wing,Knebworth,37,12,11,51
Gordon Hamilton,1991,Flanker,Northern Ireland,10,2,1,4
Brian Rigney,1991,Lock,Portlaoise,8,0,0,0
Brian Robinson,1991,No. 8,Northern Ireland,25,5,6,25
Rob Saunders,1991,Scrum-half,Nottingham,12,2,0,0
Jack Clarke,1991,Wing,Kisumu,6,1,1,4
David Curtis,1991,Centre,South Rhodesia,13,2,1,7
Jim Staples,1991,Fullback,Bermondsey,26,6,5,25
Richard Wallace,1991,Wing,Cork,29,9,5,23
Nicky Barry,1991,Fly-half,Limerick,1,0,0,0
Michael Fitzgibbon,1992,Flanker,Limerick,6,0,0,0
Paul Hogan,1992,Flanker,Limerick,1,0,0,0
Derek McAleese,1992,Fly-half,Northern Ireland,1,0,0,12
Ronald Carey,1992,Wing,Northern Ireland,2,0,0,0
Neville Furlong,1992,Wing,Waterford,2,0,1,4
Kelvin Leahy,1992,Flanker,Cork,1,0,0,0
Paul McCarthy,1992,Prop,Cork,5,1,0,0
Mark McCall,1992,Centre,Northern Ireland,13,1,0,0
Paddy Kenny,1992,Flanker,Philippine,1,0,0,0
John Murphy,1992,Hooker,Dublin,1,0,0,0
Richard Costello,1993,Lock,Limerick,1,0,0,0
Niall Malone,1993,"Fullback, Centre, Fly-half",Leeds,3,1,0,9
Colin Wilkinson,1993,Fullback,Northern Ireland,1,0,0,0
Ciaran Clarke,1993,Fullback,Dublin,5,2,0,3
Peter Clohessy,1993,Prop,Limerick,54,24,4,20
Brian Glennon,1993,Centre,?,1,0,0,0
Eric Elwood,1993,Fly-half,Galway,35,15,0,296
Conor O'Shea,1993,Fullback,Limerick,35,12,6,44
Ken O'Connell,1994,Flanker,Cork,2,1,0,0
Maurice Field,1994,Centre,Northern Ireland,17,6,0,0
Jonathan Bell,1994,Centre,Northern Ireland,36,16,8,40
David Corkery,1994,Flanker,Cork,27,7,3,15
Keith Wood,1994,Hooker,Limerick,63,26,15,75
Niall Woods,1994,Wing,Dublin,8,2,1,5
Gabriel Fulcher,1994,Lock,Aldershot,20,7,1,5
Alan McGowan,1994,Fly-half,Dublin,1,1,0,13
Paul Burke,1995,Fly-half,Paddington,13,7,0,108
Anthony Foley,1995,Back-row,Limerick,62,37,5,25
Niall Hogan,1995,Scrum-half,Dublin,13,5,1,5
Ben Cronin,1995,Back-row,Limerick,2,0,0,0
Eddie Halvey,1995,Flanker,Limerick,8,4,2,10
Davy Tweed,1995,Lock,Northern Ireland,4,2,0,0
David O'Mahony,1995,Scrum-half,Derry,1,0,0,0
Darragh O'Mahony,1995,Wing,Cork,4,1,1,5
Paul Wallace,1995,Prop,Cork,48,21,5,25
Jeremy Davidson,1995,Lock,Northern Ireland,35,15,0,0
Chris Saverimutto,1995,Scrum-half,Wallasey,3,2,0,0
Allen Clarke,1995,Hooker,Northern Ireland,8,4,0,0
Henry Hurley,1995,Prop,Doncaster,2,1,0,0
Sean McCahill,1995,Centre,Auckland,1,1,0,0
Victor Costello,1996,Back-row,Stepaside,39,20,4,20
Kurt McQuilkin,1996,Centre,Tekuiti,5,1,0,0
David Humphreys,1996,Fly-half,Northern Ireland,72,37,6,560
Simon Mason,1996,Fullback,Wirral,3,1,0,42
Rob Henderson,1996,Centre,Dover,32,16,6,30
James Topping,1996,Wing,Northern Ireland,8,2,1,5
Dominic Crotty,1996,Fullback,Cork,5,1,0,0
Stephen McIvor,1996,Scrum-half,Dublin,3,0,0,0
Eric Miller,1997,Back-row,Dublin,49,29,6,30
Paul Flavin,1997,Prop,Dublin,2,0,0,0
Denis Hickie,1997,Wing,Dublin,63,40,29,145
Ross Nesdale,1997,Hooker,Feilding,13,6,0,0
Brian O'Meara,1997,Scrum-half,Cork,9,5,0,0
Kieron Dawson,1997,Flanker,Northern Ireland,21,14,2,10
Conor McGuinness,1997,Scrum-half,Dublin,14,4,1,5
John McWeeney,1997,Wing,Dublin,1,0,0,0
Kevin Nowlan,1997,Fullback,Dublin,3,1,2,10
Malcolm O'Kelly,1997,Lock,Chelmsford,92,51,8,40
David Erskine,1997,"Lock, Flanker",Waltham Forest,3,1,0,0
Kevin Maggs,1997,Centre,Bristol,70,39,15,75
Reggie Corrigan,1997,Prop,Dublin,47,27,0,0
Dylan O'Grady,1997,Flanker,Manchester,1,0,0,0
Andy Ward,1998,Flanker,Whangarei,28,12,3,15
Killian Keane,1998,Centre,Drogheda,1,0,0,0
Justin Bishop,1998,Wing,Sussex,25,9,8,40
Justin Fitzpatrick,1998,Prop,Chichester,26,15,0,0
Dion O'Cuinneagain,1998,No. 8,Cape Town,19,8,1,5
Trevor Brennan,1998,Flanker,Leixlip,13,6,0,0
Pat Duignan,1998,"Wing, Centre",1972,2,2,1,5
Girvan Dempsey,1998,Fullback,Dublin,82,50,19,95
Cieran Scally,1998,Scrum-half,Dublin,4,3,2,10
Matt Mostyn,1999,"Fullback, Wing",NSW,6,3,3,15
Brian O'Driscoll,1999,Centre,Dublin,141,82,47,250
Tom Tierney,1999,Scrum-half,Limerick,8,3,1,5
Mike Mullins,1999,Centre,Auckland,16,12,3,15
Bob Casey,1999,Lock,Dublin,7,3,1,5
Gordon D'Arcy,1999,Centre,Wexford,82,52,7,35
Angus McKeen,1999,Prop,Drogheda,1,1,0,0
Alan Quinlan,1999,Back-row,Tipperary,27,19,6,30
Simon Easterby,2000,Back-row,Harrogate,67,43,9,45
John Hayes,2000,Prop,Cappamore,107,67,2,10
Shane Horgan,2000,"Centre, Wing",Co.Meath,69,40,21,105
Ronan O'Gara,2000,Fly-half,United States,130,73,16,1083
Peter Stringer,2000,Scrum-half,Cork,98,67,6,30
Peter McKenna,2000,"Wing, Fullback",Dublin,1,0,0,0
David Wallace,2000,Back-row,Cork,75,45,12,60
Guy Easterby,2000,Scrum-half,Tadcaster,28,24,6,30
Tyrone Howe,2000,Wing,Northern Ireland,14,11,6,30
Geordan Murphy,2000,Fullback,Dublin,74,43,18,98
Marcus Horan,2000,Prop,Limerick,67,44,6,30
Frank Sheahan,2000,Hooker,Toronto,29,23,5,25
Gary Longwell,2000,Lock,Northern Ireland,26,17,1,5
Emmet Byrne,2001,Prop,Dublin,9,6,0,0
Shane Byrne,2001,Hooker,Aughrim,45,30,3,15
Mick O'Driscoll,2001,Lock,Cork,23,11,0,0
Jeremy Staunton,2001,Fly-half,Limerick,5,3,1,21
Paul O'Connell,2002,Lock,Limerick,108,64,7,35
Keith Gleeson,2002,Flanker,Dublin,27,15,4,20
John Kelly,2002,Wing,Dublin,17,12,8,40
Leo Cullen,2002,Lock,Wicklow,32,25,0,0
Donncha O'Callaghan,2003,Lock,Cork,98,53,1,5
Mark McHugh,2003,"Fullback, Fly-half",Dun Laoighre,1,1,1,5
Simon Best,2003,Prop,Northern Ireland,23,17,1,5
Anthony Horgan,2003,Wing,Cork,7,5,1,5
Aidan McCullen,2003,Flanker,Drogheda,1,1,0,0
Paul Shields,2003,Hooker,Northern Ireland,2,2,0,0
Gavin Duffy,2004,Fullback,Ballina,10,5,3,18
Johnny O'Connor,2004,Back-row,Galway,12,8,1,5
Tommy Bowe,2004,Wing,Emyvale,66,36,28,140
Denis Leamy,2004,Back-row,Tipperary,57,36,2,10
Matt McCullough,2005,"Lock, Flanker",?,4,2,0,0
Roger Wilson,2005,No. 8,Northern Ireland,1,1,0,0
Kieran Campbell,2005,Scrum-half,London,3,3,0,0
Trevor Hogan,2005,Lock,Co.Tipperary,4,3,0,0
Bernard Jackman,2005,Hooker,Carlow,9,4,0,0
David Quinlan,2005,Centre,Dublin,2,2,0,0
Kieran Lewis,2005,"Wing, Centre",Dublin,3,1,0,0
Neil Best,2005,Back-row,Northern Ireland,18,8,2,10
Rory Best,2005,Hooker,Northern Ireland,83,47,8,40
Andrew Trimble,2005,Wing,Northern Ireland,57,31,16,80
Jerry Flannery,2005,Hooker,Galway,41,23,3,15
Eoin Reddan,2006,Scrum-half,Limerick,60,28,2,10
Isaac Boss,2006,Scrum-half,Tokoroa,21,13,3,15
Bryan Young,2006,Prop,Northern Ireland,8,3,0,0
Paddy Wallace,2006,Centre,Northern Ireland,30,17,2,53
Stephen Ferris,2006,Flanker,Northern Ireland,35,19,2,10
Luke Fitzgerald,2006,"Fullback, Wing",Wicklow,29,12,2,10
Jamie Heaslip,2006,No. 8,Tiberias,77,40,9,45
Brian Carney,2007,Outside back,Cork,4,1,1,5
Tony Buckley,2007,Prop,Cork,25,11,2,10
Barry Murphy,2007,"Wing, Centre",Limerick,4,2,1,5
Tomas O'Leary,2007,Scrum-half,Cork,24,13,3,15
Shane Jennings,2007,Flanker,Dublin,13,6,1,5
Rob Kearney,2007,"Fullback, Wing",Dublin,65,32,11,57
Keith Earls,2008,Utility back,Moyross,39,18,12,60
Donnacha Ryan,2008,"Flanker, Lock",Limerick,28,11,0,0
Tom Court,2009,Prop,QLD,32,18,1,5
Darren Cave,2009,Centre,Northern Ireland,8,7,1,5
Ian Dowling,2009,Wing,Kilkenny,2,2,0,0
Ian Keatley,2009,Fly-half,Dublin,4,4,0,31
John Muldoon,2009,Back-row,Ballinasloe,3,2,0,0
Niall Ronan,2009,Back-row,Co Meath,4,2,0,0
Ian Whitten,2009,Centre,Northern Ireland,2,2,2,10
Ryan Caldwell,2009,Lock,Northern Ireland,2,2,0,0
Mike Ross,2009,Prop,Cork,49,29,0,0
Denis Hurley,2009,"Wing, Fullback",West Cork,1,1,0,0
Cian Healy,2009,Prop,Clontarf,51,24,3,15
Johnny Sexton,2009,Fly-half,Dublin,54,29,9,486
Sean Cronin,2009,Hooker,Limerick,43,25,1,5
Sean O'Brien,2009,Back-row,Dublin,36,17,5,25
Kevin McLaughlin,2010,"Lock, Back-row",Dublin,8,2,0,0
John Fogarty,2010,Hooker,Cork,1,0,0,0
Dan Tuohy,2010,Lock,Bristol,9,4,1,5
Chris Henry,2010,Back-row,Northern Ireland,16,11,2,10
Rhys Ruddock,2010,Back-row,Dublin,5,4,1,5
Damien Varley,2010,Hooker,Limerick,3,2,0,0
Devin Toner,2010,Lock,Co Meath,25,18,0,0
Fergus McFadden,2011,"Wing, Centre",Kilkenny,28,14,9,45
Mike McCarthy,2011,Lock,London,17,8,0,0
Felix Jones,2011,Utility back,Dublin,11,8,2,10
Conor Murray,2011,Scrum-half,Limerick,37,19,3,15
Peter O'Mahony,2012,Back-row,Cork,30,16,1,5
Declan Fitzpatrick,2012,Prop,Worcs,7,3,0,0
Simon Zebo,2012,Wing,Cork,15,11,5,25
Ronan Loughney,2012,Prop,Galway,1,0,0,0
Richardt Strauss,2012,Hooker,Pretoria,6,5,2,10
Michael Bent,2012,Prop,Hawera,2,1,0,0
Iain Henderson,2012,Lock,Northern Ireland,17,11,0,0
Dave Kilcoyne,2012,Prop,Limerick,12,8,1,5
Craig Gilroy,2012,Wing,Northern Ireland,6,3,2,10
Paddy Jackson,2013,Fly-half,Northern Ireland,9,5,1,56
Luke Marshall,2013,Centre,Ballymoney,6,2,0,0
Ian Madigan,2013,Fly-half,Dublin,18,13,1,66
Stephen Archer,2013,Prop,Cork,2,0,0,0
Paul Marshall,2013,Scrum-half,Northern Ireland,3,2,0,0
Robbie Henshaw,2013,"Fullback, Centre",Athlone,10,8,1,5
Stuart Olding,2013,Fly-half,Northern Ireland,2,2,1,5
Jamie Hagan,2013,Prop,Dublin,1,1,0,0
Tommy O'Donnell,2013,Back-row,Tipperary,8,8,2,10
Mike Sherry,2013,Hooker,Limerick,1,1,0,0
James Downey,2013,Centre,Dublin,1,1,0,0
Jack McGrath,2013,Prop,Dublin,17,13,1,5
Dave Kearney,2013,"Fullback, Wing",Dublin,7,5,2,10
Martin Moore,2014,Prop,Dublin,10,8,0,0
Jordi Murphy,2014,Flanker,Barcelona,9,7,0,0
Robbie Diack,2014,No. 8,Johannesburg,2,2,0,0
Rodney Ah You,2014,Prop,Lower Hutt,3,3,0,0
Kieran Marmion,2014,Scrum-half,Barking,3,3,0,0
James Cronin,2014,Prop,Ballincollig,2,2,0,0
Rob Herring,2014,Hooker,Cape Town,1,1,0,0
Noel Reid,2014,"Fly-half, Centre",Dublin,1,1,0,0
Jared Payne,2014,Fullback,Tauranga,6,5,1,5
Dave Foley,2014,Lock,Tipperary,2,2,0,0
Dominic Ryan,2014,Flanker,Dublin,1,1,0,0
Robin Copeland,2014,Flanker,Wexford,1,1,0,0
