Enrico Allevi,1929,Lock,2,1,1,0,0,0,date unknown,g,n,i
Tommaso Altissimi,1929,Prop,1,0,1,0,0,0,date unknown,g,n,i
Aldo Balducci,1929,No. 8,1,0,1,0,0,0,date unknown,g,n,i
Vittorio Barzaghi,1929,Lock,3,2,1,0,0,0,date unknown,g,n,i
Ottavio Bottonelli,1929,Hooker,6,2,4,0,0,3,Firenze,Italia,TOS,FI
Luigi Bricchi,1929,Prop,3,2,1,0,0,0,VA,Civitatis Vaticanæ,Missing,Missing
Lucio Cesani,1929,Wing,4,2,2,0,0,0,date unknown,g,n,i
Domenico Dondana,1929,Fullback,2,1,1,0,0,0,date unknown,g,n,i
Giovanni Dora,1929,Centre,1,0,1,0,0,0,date unknown,g,n,i
Alberto Modonesi,1929,Scrum-half,1,0,1,0,0,0,date unknown,g,n,i
Piero Paselli,1929,Flanker,3,2,1,0,0,0,circa 1907,Perú,Tacna,Candarave
Carlo Raffo,1929,Prop,6,4,1,1,0,0,date unknown,g,n,i
Paolo Vinci II,1929,Centre,3,2,1,0,1,3,United States,United States of America,Missing,Missing
Francesco Vinci III,1929,Centre,15,7,6,2,4,20,United States,United States of America,Missing,Missing
Pietro Vinci IV,1929,Centre,13,7,5,1,0,0,Briey,France,54150,France métropolitaine
Amando Nisti,1929,Prop,2,1,1,0,0,0,Roma,Italia,LAZ,Roma Capitale
Giovanni Paolin,1929,,1,0,1,0,0,0,date unknown,g,n,i
Eugenio Vinci I,1929,,1,0,1,0,0,0,Dominican,Philippines,1709,Metro Manila
Giuseppe Bigi,1930,Scrum-half,2,2,0,0,0,0,circa 1910,Perú,Tacna,Candarave
Alberto di Bello,1930,Hooker,4,3,0,1,0,0,circa 1905,Perú,Tacna,Candarave
Angelo Morimondi,1930,Fullback,4,3,0,1,0,0,Milano,Italia,LOM,MI
Ernesto Nathan,1930,Centre,1,1,0,0,0,0,date unknown,g,n,i
Giuseppe Sessa,1930,Lock,1,1,0,0,0,0,1895,Svizra,Svizzera,Suisse
Amerigo Centinari,1930,,1,1,0,0,0,0,date unknown,g,n,i
Leandro Tagliabue,1930,Prop,7,4,2,1,0,0,circa 1909,Perú,Tacna,Candarave
Ivan Aloisio,1933,No. 8,7,5,1,1,1,7,Genova,Italia,LIG,GE
Aurelio Cazzini,1933,Wing,15,9,4,2,4,12,MI,United States of America,Missing,Missing
Felice Colombo,1933,Lock,1,1,0,0,0,0,Milano,Italia,LOM,MI
Alberto Crespi,1933,Lock,6,4,1,1,0,0,circa 1906,Perú,Tacna,Candarave
Giuseppe Gattoni,1933,Centre,2,2,0,0,0,0,circa 1908,Perú,Tacna,Candarave
Renzo Maffioli,1933,Centre,11,7,2,2,2,10,Milano,Italia,LOM,MI
Umberto Moretti,1933,Scrum-half,7,5,1,1,0,0,Milano,Italia,LOM,MI
Ferdinando Tozzi,1933,,1,1,0,0,0,0,Napoli,Italia,CAM,NA
Fernando Trebbi,1933,Fullback,2,2,0,0,0,0,Bologna,Italia,EMR,BO
Riccardo Aymonod,1933,Fly-half,4,2,1,1,2,6,circa 1908,Perú,Tacna,Candarave
Giogio Bortolini,1933,Prop,2,1,0,1,0,0,BO,Bolivia,Missing,Missing
Mario Campagna,1933,Scrum-half,8,3,3,2,1,3,Milano,Italia,LOM,MI
Arrigo Marescalchi,1933,No. 8,3,1,1,1,1,3,date unknown,g,n,i
Eraldo Sgorbati,1933,Flanker,12,5,6,1,0,0,Novi Piemonte,Italia,PIE,AL
Ariosto Agosti,1933,,1,1,0,0,0,0,PV,България,Област Пловдив,Марица
Luigi Brighetti,1934,Flanker,1,0,0,1,0,0,circa 1910,Perú,Tacna,Candarave
Gastone de Angelis,1934,Lock,5,2,1,2,0,0,Lecce,Italia,PUG,LE
Angelo Albonico,1934,Lock,10,4,5,1,0,0,Turin,Italia,PIE,TO
Giuseppe Piana,1934,Fly-half,6,3,3,0,0,0,circa 1912,Perú,Tacna,Candarave
Giancarlo Zani,1934,Hooker,1,1,0,0,0,0,Milano,Italia,LOM,MI
Orlando Maestri,1935,Prop,3,1,2,0,0,0,date unknown,g,n,i
Giuseppe Visentin,1935,Flanker,9,4,5,0,4,18,Padova,Italia,VEN,PD
Carlo Carloni,1935,Flanker,1,0,1,0,0,0,date unknown,g,n,i
Riccardo Centinari,1935,Fullback,6,2,4,0,0,0,PV,България,Област Пловдив,Марица
Renato de Marchis,1935,Scrum-half,1,0,1,0,0,0,date unknown,g,n,i
Filippo Caccia Dominioni,1935,Fly-half,2,0,2,0,0,0,date unknown,g,n,i
Giulio Rizzoli,1935,Centre,3,1,2,0,0,4,date unknown,g,n,i
Vincenzo Bertolotto,1936,Lock,6,2,3,1,0,0,Turin,Italia,PIE,TO
Sandro Bonfante,1936,Hooker,2,1,1,0,0,0,date unknown,g,n,i
Tommaso Fattori,1936,Prop,10,4,5,1,0,0,Foligno,Italia,UMB,PG
Arturo re Garbagnati,1936,No. 8,12,6,6,0,1,3,Milano,Italia,LOM,MI
Guglielmo Zoffoli,1936,Fullback,7,3,3,1,0,0,date unknown,g,n,i
Angelo Becca,1937,Centre,4,2,1,1,0,0,date unknown,g,n,i
Carlo d'Alessio,1937,Wing,5,1,3,1,2,6,date unknown,g,n,i
Renato Paciucci,1937,Hooker,3,1,1,1,0,0,date unknown,g,n,i
Torriglio Carraro,1937,,1,0,0,1,0,0,PC,Italia,EMR,PC
Sandro Vigliano,1937,Flanker,6,4,1,1,2,30,Torino,Italia,PIE,TO
Renato Bevilacqua,1937,Lock,9,5,4,0,0,0,Trieste,Italia,FVG,TS
Renzo Cova,1937,Wing,7,4,3,0,5,15,date unknown,g,n,i
Ugo Stenta,1937,Lock,9,5,4,0,1,3,date unknown,g,n,i
Giuseppe Testoni,1937,Hooker,3,2,1,0,0,0,date unknown,g,n,i
Cesare Ghezzi,1938,Scrum-half,5,2,3,0,0,0,Milano,Italia,LOM,MI
Genesio Bonati,1939,Hooker,2,1,1,0,0,0,PR,Česko,Praha,Hlavní město Praha
Lorenzo Clerici,1939,Fly-half,1,0,1,0,0,0,Milano,Italia,LOM,MI
Orazio Bracaglia,1939,Prop,1,1,0,0,0,0,date unknown,g,n,i
Mario Dotti IV,1939,Wing,3,2,1,0,0,0,date unknown,g,n,i
Adolfo Francese,1939,Flanker,2,1,1,0,0,0,NO,Norge,Missing,Missing
Mario Gorni,1939,Hooker,3,2,1,0,0,0,Mantova,Italia,LOM,MN
Ausonio Alacevich,1939,,1,1,0,0,0,0,Zara,Hrvatska,Zadarska županija,Zadar
Valerio Vagnetti,1939,Fly-half,2,1,1,0,0,0,Roma,Italia,LAZ,Roma Capitale
Mario Battaglini,1940,Flanker,5,3,2,0,1,18,Rovigo,Italia,VEN,RO
Luigi Bossi,1940,Fullback,2,1,1,0,0,0,Lonate Pozzolo,Italia,LOM,VA
Arturo Costa,1940,Wing,3,2,1,0,1,3,Tripoli,ليبيا,Tripoli,Tripoli طرابلس
Buby Farinelli,1940,Centre,5,2,3,0,0,0,Milano,Italia,LOM,MI
Gianni Figari,1940,Prop,3,2,1,0,1,3,date unknown,g,n,i
Eros Cicognani,1940,No. 8,1,1,0,0,0,0,date unknown,g,n,i
Ettore Parmiggiani,1942,Fly-half,2,2,0,0,0,4,date unknown,g,n,i
Guido Romano,1942,Prop,1,1,0,0,1,3,date unknown,g,n,i
Piero Romano,1942,Prop,1,1,0,0,0,0,date unknown,g,n,i
Enrico Zanetti,1942,Flanker,1,1,0,0,0,0,Venezia,Italia,VEN,VE
Giuseppe Sessi,1942,,1,1,0,0,0,0,RE,Italia,EMR,RE
Aldo Battagion,1948,Scrum-half,2,1,1,0,0,2,Bergamo,Italia,LOM,BG
Francesco Battaglini,1948,Flanker,1,0,1,0,0,0,Rovigo,Italia,VEN,RO
Vittorio Borsetto,1948,Prop,2,1,1,0,0,0,,g,n,i
Carlo de Vecchi,1948,No. 8,1,0,1,0,0,0,Milano,Italia,LOM,MI
Umberto Faccioli,1948,Fly-half,1,0,1,0,0,0,date unknown,g,n,i
Enrico Fava,1948,Centre,2,1,1,0,0,5,circa 1917,Perú,Tacna,Candarave
Renzo Maini,1948,Flanker,2,1,1,0,0,0,PR,Česko,Praha,Hlavní město Praha
Italo Mattacchini,1948,Hooker,9,4,5,0,0,0,TE,‏ايران‎,تهران,Missing
Giuseppe Molinari,1948,Prop,1,0,1,0,0,0,date unknown,g,n,i
Paolo Rosi,1948,Centre,12,6,6,0,7,21,Roma,Italia,LAZ,Roma Capitale
Enrico Rossini,1948,Wing,6,3,3,0,2,6,Roma,Italia,LAZ,Roma Capitale
Pietro Stievano,1948,Wing,8,4,4,0,2,6,Piove di Sacco,Italia,VEN,PD
Temistocle Tedeschi,1948,Fullback,1,0,1,0,0,0,date unknown,g,n,i
Vittorio Vicariotto,1948,Lock,1,0,1,0,0,0,Vicenza,Italia,VEN,VI
Sergio Barilari,1948,Lock,3,3,0,0,0,0,Roma,Italia,LAZ,Roma Capitale
Luciano Bove,1948,Lock,3,1,2,0,0,0,date unknown,g,n,i
Giovanni Favretto,1948,Prop,2,1,1,0,0,0,date unknown,g,n,i
Piero Gabrielli,1948,Flanker,5,2,3,0,1,3,Roma,Italia,LAZ,Roma Capitale
Primo Masci,1948,Flanker,9,4,5,0,2,6,Parma,Italia,EMR,PR
Fulvio Pitorri,1948,Wing,2,1,1,0,1,3,date unknown,g,n,i
Silvano Tartaglini,1948,Fullback,8,4,4,0,0,0,Roma,Italia,LAZ,Roma Capitale
Mario Pisaneschi,1948,Scrum-half,12,7,5,0,1,6,Parma,Italia,EMR,PR
Giovanni Bonino,1949,Flanker,1,0,1,0,0,0,date unknown,g,n,i
Giogio Dagnini,1949,Scrum-half,1,0,1,0,0,0,date unknown,g,n,i
Sergio Lanfranchi,1949,Back-row,21,7,14,0,4,36,Parma,Italia,EMR,PR
Piero Marini,1949,Fly-half,7,4,3,0,1,9,Roma,Italia,LAZ,Roma Capitale
Umberto Silvestri,1949,Lock,2,0,2,0,0,0,Roma,Italia,LAZ,Roma Capitale
Mario Turcato,1949,Prop,2,1,1,0,0,0,RO,România,Missing,Missing
Angelo Arrigoni,1949,Wing,1,0,1,0,0,0,CR,Costa Rica,Missing,Missing
Giulio Cherubini,1949,Flanker,2,1,1,0,1,3,Roma,Italia,LAZ,Roma Capitale
Gianni del Bono,1951,Wing,1,1,0,0,0,0,Parma,Italia,EMR,PR
Paolo Favaretto,1951,Hooker,1,1,0,0,0,0,Padova,Italia,VEN,PD
Romildo Gabanella,1951,Prop,2,2,0,0,0,0,Rovigo,Italia,VEN,RO
Rodolfo Giuliani,1951,No. 8,1,1,0,0,0,0,Roma,Italia,LAZ,Roma Capitale
Fausto Perrone,1951,Scrum-half,1,1,0,0,0,0,L'Aquila,Italia,ABR,AQ
Leonardo Riccioni,1951,Lock,7,4,3,0,0,0,Roma,Italia,LAZ,Roma Capitale
Paolo Dari,1951,Lock,8,6,2,0,3,19,RO,România,Missing,Missing
Gianni Aiolfi,1952,No. 8,6,3,3,0,1,3,Parma,Italia,EMR,PR
Aldo Cecchetto-Milani,1952,Scrum-half,3,2,1,0,0,8,Rovigo,Italia,VEN,RO
Lamberto de Santis,1952,Hooker,1,1,0,0,0,0,Roma,Italia,LAZ,Roma Capitale
Giorgio Fornari,1952,Prop,16,10,6,0,1,3,Parma,Italia,EMR,PR
Enzo Gerosa,1952,Wing,7,5,2,0,5,15,Milano,Italia,LOM,MI
Francis Martinenghi,1952,Centre,2,2,0,0,0,0,Milano,Italia,LOM,MI
Riccardo Santopadre,1952,Fly-half,5,3,2,0,0,0,Macerata,Italia,MAR,MC
Luciano Turcato,1952,Prop,5,4,1,0,0,2,MN,United States of America,Minnesota,Missing
Carlo Zucchi,1952,Centre,2,1,1,0,0,0,Milano,Italia,LOM,MI
Giorgio Grasselli,1952,Prop,1,1,0,0,0,0,Roma,Italia,LAZ,Roma Capitale
Gennaro Mancini,1952,Hooker,12,7,5,0,1,3,Parma,Italia,EMR,PR
Emilio Andina,1952,Centre,2,0,2,0,0,0,Pesaro,Italia,MAR,PU
Mario Percudani,1952,No. 8,9,5,4,0,3,9,Parma,Italia,EMR,PR
Giancarlo Malosti,1953,Flanker,7,2,5,0,1,3,Rovigo,Italia,VEN,RO
Nando Barbini,1953,Fullback,13,10,3,0,2,19,Milano,Italia,LOM,MI
Romano Bettarello,1953,Centre,2,2,0,0,0,0,RO,România,Missing,Missing
Gianfranco Zanchi,1953,No. 8,5,5,0,0,0,0,1929,Norge,Troms,Berg
Italo Scodavolpe,1954,Lock,1,1,0,0,0,0,Pescara,Italia,ABR,PE
Remo Zanatta,1954,Centre,2,1,1,0,0,0,Treviso,Italia,VEN,TV
Sergio Silvestri,1954,Wing,1,0,1,0,0,0,Roma,Italia,LAZ,Roma Capitale
Andrea Taveggia,1954,Prop,16,8,8,0,1,11,Milano,Italia,LOM,MI
Alberto Comin,1955,Centre,8,4,4,0,0,9,Padova,Italia,VEN,PD
Antonio Danieli,1955,Prop,5,3,2,0,0,0,1933,Norge,Troms,Balsfjord
Ciano Luise I,1955,Wing,10,6,4,0,1,3,Padova,Italia,VEN,PD
Aldo Mioni,1955,Fly-half,4,1,3,0,0,0,AQ,Antarctica,Missing,Missing
Gianni Riccardi,1955,Lock,7,4,3,0,0,0,BS,The Bahamas,Missing,Missing
Matteo Silini,1955,Lock,8,5,3,0,0,0,PR,Česko,Praha,Hlavní město Praha
Ivano Ponchia,1955,Wing,7,3,4,0,0,0,Padova,Italia,VEN,PD
Maurizio Carli,1955,Fly-half,2,2,0,0,0,0,Parma,Italia,EMR,PR
Franco Perrini,1955,Fullback,11,4,7,0,0,22,Roma,Italia,LAZ,Roma Capitale
Gastone Cecchetto,1955,Centre,1,0,1,0,0,0,Rovigo,Italia,VEN,RO
Franco Frelich,1955,Prop,5,3,2,0,0,0,Treviso,Italia,VEN,TV
Carlo Cantoni,1956,Wing,4,3,1,0,2,6,Milano,Italia,LOM,MI
Lollo Levorato,1956,Prop,15,5,10,0,1,3,VE,Venezuela,Missing,Missing
Paolo Pescetto,1956,Wing,3,2,1,0,3,9,Genova,Italia,LIG,GE
Giovanni Raisi,1956,Lock,7,4,3,0,0,0,RO,România,Missing,Missing
Ferdinando Sartorato,1956,Scrum-half,3,1,2,0,0,0,TV,Tuvalu,Missing,Missing
Lamberto Simonelli,1956,Centre,6,3,3,0,1,3,Roma,Italia,LAZ,Roma Capitale
Arturo Zucchello,1956,Fly-half,2,1,1,0,0,0,Treviso,Italia,VEN,TV
Giuseppe Bottacin,1956,Scrum-half,1,1,0,0,0,0,Padova,Italia,VEN,PD
Guglielmo Geremia,1956,Prop,1,1,0,0,0,0,Padova,Italia,VEN,PD
Guglielmo Colussi,1957,Fullback,7,3,4,0,0,0,Roma,Italia,LAZ,Roma Capitale
Natale Molari,1957,Wing,2,1,1,0,0,0,date unknown,g,n,i
Enrico Saibene,1957,Fly-half,2,1,1,0,0,0,Milano,Italia,LOM,MI
Sergio Brusin,1957,Scrum-half,1,1,0,0,0,0,UD,Italia,FVG,UD
Giancarlo Busson,1957,Fullback,10,5,5,0,0,7,Trieste,Italia,FVG,TS
Giancarlo Navarrini,1957,Hooker,2,2,0,0,1,3,La Spezia,Italia,LIG,SP
Riccardo Saetti,1957,Lock,9,4,5,0,0,0,Venezia,Italia,VEN,VE
Luciano Valtorta,1957,Flanker,2,1,1,0,0,0,Brescia,Italia,LOM,BS
Ottorino Bettarello,1958,Scrum-half,3,1,2,0,0,0,Rovigo,Italia,VEN,RO
Enzo Bellinazzo,1958,Wing,14,6,7,1,1,3,RO,România,Missing,Missing
Gastone Biadene,1958,Centre,2,1,1,0,0,0,date unknown,g,n,i
Massimo Braga,1958,Scrum-half,1,1,0,0,0,0,Brescia,Italia,LOM,BS
Antonio di Zitti,1958,Flanker,22,12,9,1,0,25,AQ,Antarctica,Missing,Missing
Paolo Quintavalla,1958,Lock,1,1,0,0,0,0,Parma,Italia,EMR,PR
Pietro Sguario,1958,Wing,6,3,3,0,1,3,Abbazia Fiume,Hrvatska,Primorsko-Goranska županija,Grad Opatija
Lucio Avigo,1959,Hooker,11,4,6,1,0,0,Brescia,Italia,LOM,BS
Roberto Luise III,1959,Centre,15,5,9,1,1,3,Padova,Italia,VEN,PD
Roberto Martini,1959,Fly-half,10,5,5,0,0,31,AR,Argentina,Missing,Missing
Zefferino Rossi,1959,No. 8,6,2,4,0,0,0,TV,Tuvalu,Missing,Missing
Alfio Angioli,1960,Prop,8,3,5,0,1,3,Palermo,Italia,SIC,PA
Gian Maria del Bono,1960,Wing,10,4,6,0,1,3,Brescia,Italia,LOM,BS
Elio Fusco,1960,Scrum-half,11,3,8,0,2,6,Napoli,Italia,CAM,NA
Basilio Rovelli,1960,Hooker,4,2,2,0,0,0,BG,България,Missing,Missing
Franco Zani,1960,Lock,11,3,7,1,0,0,BS,The Bahamas,Missing,Missing
Angelo Autore,1961,Fullback,12,8,3,1,1,13,AQ,Antarctica,Missing,Missing
Erasmo Augeri,1962,Fly-half,4,1,3,0,1,3,Napoli,Italia,CAM,NA
Giorgio Troncon,1962,Centre,12,5,6,1,1,3,Padova,Italia,VEN,PD
Vittorio Ambron,1962,Wing,24,13,9,2,10,42,Benevento,Italia,CAM,BN
Giorgio Ricciarelli,1962,Lock,1,1,0,0,0,0,Milano,Italia,LOM,MI
Marco Bollesan,1963,No. 8,47,19,25,3,7,24,VE,Venezuela,Missing,Missing
Giancarlo Degli Antoni,1963,Flanker,6,1,4,1,1,3,date unknown,g,n,i
Franco Piccinini,1963,Lock,3,1,2,0,0,0,Milano,Italia,LOM,MI
Giuseppe Martini,1965,Centre,3,1,2,0,0,0,AR,Argentina,Missing,Missing
Ivo Mazzucchelli,1965,Lock,20,10,7,3,2,8,Roma,Italia,LAZ,Roma Capitale
Gianni Romagnoli,1965,Prop,4,2,2,0,0,0,Roma,Italia,LAZ,Roma Capitale
Carlo Salmaso,1965,Wing,2,0,2,0,1,3,date unknown,g,n,i
Domenico Armellin,1965,Prop,9,7,1,1,1,3,Treviso,Italia,VEN,TV
Umberto Conforto,1965,Scrum-half,17,10,6,1,2,6,Novara,Italia,PIE,NO
Ettore Giugovaz,1965,Fullback,2,1,1,0,0,0,Venezia,Italia,VEN,VE
Franco Mazzantini,1965,Prop,3,1,2,0,0,0,LI,Liechtenstein,Missing,Missing
Romano Sciacol,1965,Centre,1,1,0,0,0,0,Livorno,Italia,TOS,LI
Francesco Soro II,1965,Fly-half,4,2,1,1,0,0,Milano,Italia,LOM,MI
Eugenio Speziali,1965,Lock,1,1,0,0,0,2,Roma,Italia,LAZ,Roma Capitale
Andrea d'Alberton,1966,Centre,5,1,3,1,0,0,date unknown,g,n,i
Oreste Vene',1966,Hooker,1,0,1,0,0,0,Parma,Italia,EMR,PR
Gastone Giani,1966,Centre,5,2,2,1,0,0,Bologna,Italia,EMR,BO
Luciano Modonesi,1966,Fullback,17,10,5,2,2,6,Brescia,Italia,LOM,BS
Loreto Cucchiarelli,1966,Flanker,2,1,1,0,0,0,RI,United States of America,Rhode Island,Missing
Carlo Prosperini,1966,Prop,4,2,2,0,1,3,L'Aquila,Italia,ABR,AQ
Franco Gargiulo,1967,Lock,4,2,2,0,0,0,Roma,Italia,LAZ,Roma Capitale
Adriano Agujari,1967,Wing,1,1,0,0,0,0,date unknown,g,n,i
Luciano Bosciano,1967,Scrum-half,1,1,0,0,0,0,Napoli,Italia,CAM,NA
Franco Cioni,1967,Flanker,10,8,2,0,3,9,Roma,Italia,LAZ,Roma Capitale
Mauro Gatto,1967,Centre,2,1,1,0,0,0,Roma,Italia,LAZ,Roma Capitale
Giampiero Ricci,1967,Fly-half,5,4,1,0,0,3,L'Aquila,Italia,ABR,AQ
Uriele Silvestri,1967,Hooker,4,3,1,0,0,0,Roma,Italia,LAZ,Roma Capitale
Dalmazio Bertoli,1967,Lock,1,0,1,0,0,0,date unknown,g,n,i
Maurizio Bocconcelli,1967,Prop,1,0,1,0,0,0,Roma,Italia,LAZ,Roma Capitale
Mauro Mattei,1967,Wing,1,0,1,0,0,0,Firenze,Italia,TOS,FI
Roberto Cinelli,1968,Flanker,2,2,0,0,0,0,FR,France,Missing,Missing
Massimo Gini,1968,Prop,17,10,6,1,1,3,Roma,Italia,LAZ,Roma Capitale
Giuseppe Giorgio,1968,No. 8,2,2,0,0,0,0,date unknown,g,n,i
Marco Pulli,1968,Centre,3,2,0,1,0,0,Parma,Italia,EMR,PR
Ettore Abbiati,1968,Prop,11,4,6,1,2,7,CR,Costa Rica,Missing,Missing
Claudio Della Valle,1968,Centre,6,4,2,0,0,3,TV,Tuvalu,Missing,Missing
Fernando Pignotti,1968,Centre,5,5,0,0,3,9,date unknown,g,n,i
Erminio Sgorbati,1968,Flanker,2,2,0,0,0,0,date unknown,g,n,i
Adolfo Gerardo,1968,Hooker,6,4,2,0,0,0,AV,Italia,CAM,AV
Andrea Miele,1968,Prop,5,2,2,1,0,0,AV,Italia,CAM,AV
Franco Valier,1968,Flanker,7,2,4,1,0,0,VE,Venezuela,Missing,Missing
Maurizio Finocchi,1968,Centre,8,4,4,0,1,3,Roma,Italia,LAZ,Roma Capitale
Walter Rista,1968,Wing,5,4,1,0,3,9,CN,中华人民共和国,Missing,Missing
Lucio Boccaletto,1969,Flanker,13,5,6,2,1,3,TV,Tuvalu,Missing,Missing
Raffaele D'Orazio,1969,Hooker,1,1,0,0,0,0,Napoli,Italia,CAM,NA
Pierluigi Pacifici,1969,Wing,9,5,4,0,2,19,L'Aquila,Italia,ABR,AQ
Luigi Bettella,1969,Lock,3,2,1,0,0,0,Padova,Italia,VEN,PD
Italo Vittorini,1969,,1,1,0,0,0,0,L'Aquila,Italia,ABR,AQ
Alessandro Brunelli,1969,Hooker,3,2,1,0,0,0,Bologna,Italia,EMR,BO
Elio Michelon,1969,Wing,7,4,3,0,5,34,Padova,Italia,VEN,PD
Giancarlo Delli Ficorilli,1969,Hooker,1,0,1,0,0,0,AN,España,Andalucía,Missing
Rocco Caligiuri,1969,Fullback,26,10,16,0,2,31,RC,Italia,CAL,RC
Gianmatteo Cecchin,1970,Fly-half,5,1,3,1,0,3,VI,Chile,VI Región del Libertador Bernardo O'Higgins,Missing
Lelio Lazzarini,1970,Fullback,24,6,15,3,0,70,Padova,Italia,VEN,PD
Guido Porzio,1970,Lock,3,3,0,0,0,0,date unknown,g,n,i
Corrado Possamai,1970,Prop,3,3,0,0,0,0,Treviso,Italia,VEN,TV
Luigi Bernabo,1970,Lock,5,2,2,1,0,0,La Spezia,Italia,LIG,SP
Angelo Sagramora,1970,Scrum-half,3,2,1,0,0,0,Venezia,Italia,VEN,VE
Aldo Caluzzi,1970,Wing,11,3,6,2,0,6,Genova,Italia,LIG,GE
Pietro Monfeli,1970,Hooker,13,3,8,2,0,0,VT,United States of America,Vermont,Missing
Isidoro Quaglio,1970,Lock,15,4,10,1,0,0,Rovigo,Italia,VEN,RO
Angelo Visentin,1970,Scrum-half,23,8,12,3,3,18,Rovigo,Italia,VEN,RO
Umberto Cossara,1971,Flanker,24,7,13,4,1,4,Trieste,Italia,FVG,TS
Francesco di Maura,1971,Lock,1,0,1,0,0,0,Catania,Italia,SIC,CT
Francesco Dotto,1971,Wing,5,1,2,2,3,11,Treviso,Italia,VEN,TV
Loris Salsi,1971,Flanker,28,10,14,4,1,4,RE,Italia,EMR,RE
Giuseppe Puglisi,1971,No. 8,3,1,1,1,1,3,Catania,Italia,SIC,CT
Romano Baraldi,1971,Wing,1,0,1,0,0,0,MN,United States of America,Minnesota,Missing
Savino Colombini,1971,Prop,1,0,1,0,0,0,TR,Türkiye,Missing,Missing
Ettore Piras,1971,,1,0,1,0,0,0,Venezia,Italia,VEN,VE
Faustino Crepaz,1972,Wing,1,0,0,1,0,0,TN,تونس,Missing,Missing
Agostino Puppo,1972,Centre,20,4,14,2,1,4,Genova,Italia,LIG,GE
Giancarlo Cecotti,1972,No. 8,2,1,1,0,0,0,UD,Italia,FVG,UD
Mario Galletto,1972,Fly-half,3,2,1,0,0,0,Trieste,Italia,FVG,TS
Paolo Paoletti,1972,Hooker,20,7,12,1,0,0,RM,Italia,LAZ,Roma Capitale
Giovanni di Cola,1972,Centre,3,0,2,1,0,0,Acciano.AQ,Italia,ABR,AQ
Ambrogio Bona,1972,Prop,50,23,24,3,1,4,MI,United States of America,Missing,Missing
Franco Paganelli,1972,,1,0,0,1,0,0,Roma,Italia,LAZ,Roma Capitale
Salvatore Bonetti,1972,No. 8,34,12,20,2,3,12,BS,The Bahamas,Missing,Missing
Elio de Anna,1972,Wing,27,12,13,2,8,32,PN,Pitcairn Islands,Missing,Missing
Adriano Fedrigo,1972,Lock,41,17,21,3,2,8,VE,Venezuela,Missing,Missing
Nello Francescato,1972,Centre,42,15,25,2,6,24,CA,Canada,Missing,Missing
Fabio Gargiullo,1972,Centre,1,1,0,0,0,0,Roma,Italia,LAZ,Roma Capitale
Manrico Marchetto,1972,Wing,43,19,19,5,21,84,Treviso,Italia,VEN,TV
Francesco Vialetto,1972,Fullback,1,1,0,0,0,9,,g,n,i
Giorgio Lari,1972,Fly-half,8,4,4,0,0,24,Roma,Italia,LAZ,Roma Capitale
Edano Cottafava,1973,Wing,1,0,1,0,0,0,Novi di Modena,Italia,EMR,MO
Paolo Fedrigo,1973,Prop,1,0,1,0,0,0,VE,Venezuela,Missing,Missing
Mario Piovan,1973,Lock,10,1,9,0,0,0,Padova,Italia,VEN,PD
Crescenzo Vitelli,1973,Hooker,5,2,2,1,0,0,NA,Norge,7810,Nord-Trøndelag
Anacleto Altigieri,1973,Prop,27,12,14,1,0,0,VT,United States of America,Vermont,Missing
Gerardo Cinti,1973,Wing,3,0,3,0,0,0,Roma,Italia,LAZ,Roma Capitale
Gilberto Luchini,1973,Centre,2,0,2,0,0,0,Roma,Italia,LAZ,Roma Capitale
Andrea Selvaggio,1973,Wing,6,1,5,0,0,0,Genova,Italia,LIG,GE
Antonio Spagnoli,1973,,1,0,1,0,0,0,RM,Italia,LAZ,Roma Capitale
Antonio Rocca,1973,No. 8,4,0,4,0,0,0,Padova,Italia,VEN,PD
Arturo Bergamasco,1973,Flanker,4,1,3,0,0,0,,g,n,i
Renzo Ganzerla,1973,Wing,2,0,2,0,0,0,VE,Venezuela,Missing,Missing
Luigi Mattarolo,1973,Fullback,7,1,5,1,1,31,Padova,Italia,VEN,PD
Fabio Molinari,1973,Centre,1,0,1,0,0,0,Piacenza,Italia,EMR,PC
Marco Pitorri,1973,,1,0,1,0,0,0,Roma,Italia,LAZ,Roma Capitale
Carlo Loranzi,1973,Flanker,5,1,4,0,0,0,Piacenza,Italia,EMR,PC
Paolo Gargiullo,1973,Scrum-half,4,0,4,0,0,0,Roma,Italia,LAZ,Roma Capitale
Franco Baraldi,1973,Flanker,15,6,8,1,0,0,MN,United States of America,Minnesota,Missing
Giancarlo Checchinato,1973,Lock,5,3,1,1,0,0,RO,România,Missing,Missing
Ennio Ponzi,1973,Fly-half,20,10,8,2,0,133,L'Aquila,Italia,ABR,AQ
Nino Rossi,1973,Wing,16,10,6,0,3,12,RO,România,Missing,Missing
Raffaello Salvan,1973,Centre,2,2,0,0,1,7,RO,România,Missing,Missing
Pietro Vezzani,1973,Centre,10,6,3,1,3,12,,g,n,i
Bernadino di Cola,1973,Centre,1,0,1,0,0,0,Acciano.AQ,Italia,ABR,AQ
Antonio Tassin,1973,Flanker,1,0,1,0,0,0,RO,România,Missing,Missing
Mauro Zingarelli,1973,Hooker,1,0,1,0,0,0,TE,‏ايران‎,تهران,Missing
Giancarlo Cucchiella,1973,Prop,22,9,12,1,1,4,L'Aquila,Italia,ABR,AQ
Pasquale Presutti,1974,Prop,8,2,5,1,0,0,AQ,Antarctica,Missing,Missing
Edoardo Scalzotto,1974,Centre,3,0,3,0,1,4,Padova,Italia,VEN,PD
Evelino Aio,1974,Scrum-half,1,1,0,0,1,4,L'Aquila,Italia,ABR,AQ
Fiorenzo Blessano,1975,Centre,21,10,9,2,4,16,TV,Tuvalu,Missing,Missing
Fulvio di Carlo,1975,Prop,13,7,5,1,1,4,AQ,Antarctica,Missing,Missing
Paolo Ferracin,1975,Hooker,10,5,4,1,0,0,RO,România,Missing,Missing
Pierluigi Camiscioni,1975,Lock,7,3,4,0,0,0,San Benedetto Tronto,Italia,63084,MAR
Antonio Falancia,1975,Scrum-half,2,1,1,0,0,0,L'Aquila,Italia,ABR,AQ
Gianni Franceschini,1975,Scrum-half,11,4,6,1,1,4,Venezia,Italia,VEN,VE
Fabrizio Gaetaniello,1975,Fullback,39,19,16,4,5,23,Livorno,Italia,TOS,LI
Eusebio Passarotto,1975,,1,1,0,0,0,0,date unknown,g,n,i
Giorgio Morelli,1976,Hooker,26,12,13,1,3,12,L'Aquila,Italia,ABR,AQ
Paolo Mariani,1976,Flanker,22,10,12,0,4,16,,g,n,i
Narcisio Zanella,1976,Flanker,8,5,3,0,0,0,Rovigo,Italia,VEN,RO
Ercole Manni,1976,Scrum-half,5,3,2,0,2,8,Roma,Italia,LAZ,Roma Capitale
Rino Francescato,1976,Centre,38,19,18,1,3,12,Treviso,Italia,VEN,TV
Claudio Appiani,1976,Lock,5,1,4,0,0,0,BS,The Bahamas,Missing,Missing
Serafino Ghizzoni,1977,Wing,60,27,30,3,17,77,L'Aquila,Italia,ABR,AQ
Massimo Mascioletti,1977,Wing,54,27,24,3,17,68,L'Aquila,Italia,ABR,AQ
Sabatino Pace,1977,Flanker,3,2,1,0,0,0,L'Aquila,Italia,ABR,AQ
Andrea Rinaldo,1977,Lock,4,2,2,0,0,0,Venezia,Italia,VEN,VE
Alessandro Zanella,1977,Fullback,1,0,1,0,0,0,Rovigo,Italia,VEN,RO
Carlo Casagrande,1977,,1,0,1,0,0,0,Treviso,Italia,VEN,TV
Giuseppe Artuso,1977,Flanker,31,12,16,3,1,4,Reggio Calabria,Italia,CAL,RC
Crescenzo Bentivoglio,1977,Fullback,1,0,1,0,0,0,Reggio Calabria,Italia,CAL,RC
Luciano Borsetto,1977,Prop,1,0,1,0,0,0,Rovigo,Italia,VEN,RO
Oscar Collodo,1977,Fly-half,15,4,9,2,2,47,Switzerlan,g,n,i
Andrea Lijoi,1977,Lock,5,2,2,1,0,0,Roma,Italia,LAZ,Roma Capitale
Paolo Pavesi,1977,Hooker,3,1,2,0,0,0,PR,Česko,Praha,Hlavní město Praha
Lucio Pelliccione,1977,Centre,1,0,1,0,0,0,L'Aquila,Italia,ABR,AQ
Bruno Francescato,1977,Centre,7,2,4,1,0,0,CA,Canada,Missing,Missing
Nick Screnci,1977,Prop,9,3,4,2,1,4,United States,United States of America,Missing,Missing
Loredano Zuin,1977,Fly-half,7,4,3,0,0,38,Rovigo,Italia,VEN,RO
Claudio Robazza,1978,Hooker,33,15,15,3,1,4,Treviso,Italia,VEN,TV
Giafranco Barbini,1978,,1,0,1,0,0,0,Venezia,Italia,VEN,VE
Bruno Ancillotti,1978,Scrum-half,4,2,2,0,0,0,Roma,Italia,LAZ,Roma Capitale
Stefano Bettarello,1979,Fly-half,55,26,25,4,7,483,Rovigo,Italia,VEN,RO
Luciano Catotti,1979,No. 8,2,1,0,1,0,0,Catania,Italia,SIC,CT
Donato Daldoss,1979,Lock,5,3,1,1,0,0,BS,The Bahamas,Missing,Missing
Giorgio Fanton,1979,,1,1,0,0,0,0,Treviso,Italia,VEN,TV
Luca Bonaiti,1979,Wing,2,1,1,0,0,0,Padova,Italia,VEN,PD
Giancarlo Pivetta,1979,"Prop, Hooker",53,30,20,3,5,20,VE,Venezuela,Missing,Missing
Concetto Angelozzi,1979,Scrum-half,3,1,1,1,0,0,Catania,Italia,SIC,CT
Franco Bargelli,1979,Flanker,14,6,7,1,2,8,RM,Italia,LAZ,Roma Capitale
Louis Basei,1979,Lock,15,5,9,1,1,4,Nerac,France,47600,France métropolitaine
Gianluca Limone,1979,Centre,10,5,3,2,2,8,Roma,Italia,LAZ,Roma Capitale
Fulvio Lorigiola,1979,Scrum-half,34,14,18,2,2,8,Padova,Italia,VEN,PD
Andrea Angrisani,1979,No. 8,7,4,3,0,1,4,Roma,Italia,LAZ,Roma Capitale
Fabio Trentin,1979,Fly-half,5,2,3,0,0,17,Padova,Italia,VEN,PD
Massimo Trippitelli,1979,Lock,9,6,3,0,0,0,L'Aquila,Italia,ABR,AQ
Claudio Torresan,1980,Fullback,21,9,11,1,0,21,VE,Venezuela,Missing,Missing
Stefano Annibal,1980,Lock,23,13,9,1,0,0,Treviso,Italia,VEN,TV
Fabrizio Sintich,1980,Flanker,6,2,4,0,0,0,Nairobi,Kenya,Nairobi,Missing
Claudio Tinari,1980,No. 8,19,10,8,1,1,4,Roma,Italia,LAZ,Roma Capitale
Renato de Bernardo,1980,Prop,24,10,13,1,2,8,BL,Italia,VEN,BL
Mario Pavin,1980,Flanker,8,2,5,1,0,0,Treviso,Italia,VEN,TV
Fabio Gaetaniello,1980,Centre,30,15,14,1,5,20,Livorno,Italia,TOS,LI
Alberto Osti,1981,Wing,14,5,8,1,1,4,Rovigo,Italia,VEN,RO
Gianni Zanon,1981,Flanker,45,22,21,2,9,36,Treviso,Italia,VEN,TV
Mauro Gardin,1981,Lock,25,12,11,2,1,4,Padova,Italia,VEN,PD
Claudio Jannone,1981,Flanker,3,1,1,1,0,0,Treviso,Italia,VEN,TV
Guido Rossi,1981,Prop,45,17,25,3,0,0,Treviso,Italia,VEN,TV
Alessandro Ghini,1981,Scrum-half,26,12,12,2,0,0,Parma,Italia,EMR,PR
Andrea Azzali,1981,Wing,16,9,6,1,5,20,Parma,Italia,EMR,PR
Marzio Innocenti,1981,Flanker,42,19,21,2,2,8,Livorno,Italia,TOS,LI
Giancarlo Morelli,1981,Centre,6,4,2,0,0,0,L'Aquila,Italia,ABR,AQ
Claudio Colusso,1982,Centre,1,0,1,0,0,0,Treviso,Italia,VEN,TV
Mario Nicolosi,1982,Lock,1,1,0,0,0,0,CT,United States of America,Connecticut,Missing
Alessandro Fusco,1982,Scrum-half,5,4,1,0,0,0,Napoli,Italia,CAM,NA
Stefano Romagnoli,1982,Prop,15,11,4,0,0,0,Bologna,Italia,EMR,BO
Antonio Colella,1983,Lock,41,19,21,1,2,8,Roma,Italia,LAZ,Roma Capitale
Luigi de Joanni,1983,Centre,21,9,12,0,0,0,Benevento,Italia,CAM,BN
Edgardo Venturi,1983,Wing,28,15,13,0,11,46,BO,Bolivia,Missing,Missing
Luca Pelliccione,1983,Flanker,3,2,1,0,0,0,Orthez,France,64300,France métropolitaine
Mario Fumei,1984,No. 8,1,0,1,0,0,0,VE,Venezuela,Missing,Missing
Giovanni Petralia,1984,Lock,1,0,1,0,0,0,Catania,Italia,SIC,CT
Mariano Crescenzo,1984,,1,1,0,0,0,0,AQ,Antarctica,Missing,Missing
Mauro Quaglio,1984,Prop,3,1,2,0,0,0,Rovigo,Italia,VEN,RO
Raffaele Dolfato,1985,Flanker,9,3,6,0,0,0,Treviso,Italia,VEN,TV
Roberto Corvo,1985,No. 8,3,2,1,0,0,0,Roma,Italia,LAZ,Roma Capitale
Franco Berni,1985,Lock,10,3,6,1,0,0,Alessandria,Italia,PIE,AL
Stefano Barba,1985,Centre,35,17,17,1,7,30,Roma,Italia,LAZ,Roma Capitale
Antonio Galeazzo,1985,Hooker,5,2,3,0,0,0,Padova,Italia,VEN,PD
Filipo Vittadello,1985,Fullback,2,2,0,0,1,4,Padova,Italia,VEN,PD
Francesco Salvadego,1985,Flanker,1,1,0,0,0,0,Padova,Italia,VEN,PD
Daniele Tebaldi,1985,Fullback,15,5,10,0,1,7,Parma,Italia,EMR,PR
Stefano Boccazzi,1985,Scrum-half,2,1,1,0,0,0,MN,United States of America,Minnesota,Missing
Sergio Appiani,1985,Flanker,4,2,2,0,1,4,BS,The Bahamas,Missing,Missing
Luigi Troiani,1985,Fullback,47,23,24,0,2,294,NA,Norge,7810,Nord-Trøndelag
Sergio Zorzi,1985,Centre,7,3,4,0,0,0,Treviso,Italia,VEN,TV
Alvise Russo,1986,No. 8,1,0,0,1,0,0,Treviso,Italia,VEN,TV
Marcello Cuttitta,1987,Wing,54,25,28,1,25,110,Latina,Italia,LAZ,LT
Piergianni Farina,1987,Flanker,3,1,2,0,0,0,V,Việt Nam,Missing,Missing
Tito Lupini,1987,Prop,11,2,9,0,0,0,Johannesburg,South Africa,2001,Gauteng
Rodolfo Ambrosio,1987,Centre,12,3,9,0,1,13,Cordoba,España,Andalucía,Córdoba
Francesco Pietrosanti,1987,Scrum-half,25,12,13,0,5,20,L'Aquila,Italia,ABR,AQ
Pietro Reale,1987,Flanker,7,2,5,0,1,4,Rovigo,Italia,VEN,RO
Luigi Salvati,1987,Wing,3,0,3,0,0,0,Roma,Italia,LAZ,Roma Capitale
Carlo de Biase,1987,Wing,3,1,2,0,1,4,Roma,Italia,LAZ,Roma Capitale
Massimo Bonomi,1988,Centre,34,16,18,0,6,93,Brescia,Italia,LOM,BS
Corrado Covi,1988,No. 8,19,4,15,0,1,4,Belluno,Italia,VEN,BL
Roberto Favaro,1988,Lock,42,18,24,0,1,5,Venezia,Italia,VEN,VE
Moreno Trevisiol,1988,Hooker,8,0,8,0,0,0,Treviso,Italia,VEN,TV
Carlo Pratichetti,1988,Hooker,2,1,1,0,0,0,Roma,Italia,LAZ,Roma Capitale
Roberto Saetti,1988,Flanker,19,9,10,0,1,4,Padova,Italia,VEN,PD
Massimo Brunello,1988,Wing,8,5,3,0,3,15,RO,România,Missing,Missing
Giulio Morelli,1988,Centre,3,0,3,0,0,0,L'Aquila,Italia,ABR,AQ
Vittorio Pesce,1988,No. 8,2,0,2,0,0,0,Treviso,Italia,VEN,TV
Luigi Capitani,1989,Fly-half,6,2,4,0,1,13,Parma,Italia,EMR,PR
Giovanni Grespan,1989,Prop,20,12,8,0,1,5,Treviso,Italia,VEN,TV
Enrico Ceselin,1989,Wing,2,0,2,0,1,4,Treviso,Italia,VEN,TV
Guido Porcellato,1989,Flanker,1,0,1,0,0,0,Treviso,Italia,VEN,TV
Alessandro Caranci,1989,,1,0,1,0,0,0,Roma,Italia,LAZ,Roma Capitale
Massimo Bimbati,1989,Wing,1,1,0,0,0,0,Rovigo,Italia,VEN,RO
Mose de Stefani,1989,Hooker,1,1,0,0,0,0,Rovigo,Italia,VEN,RO
Pierpaolo Pedroni,1989,"Lock, No. 8",25,11,14,0,2,10,Cremona,Italia,26100,LOM
Massimo Giovanelli,1989,Flanker,60,27,32,1,4,19,Parma,Italia,EMR,PR
Massimo Cuttitta,1990,Prop,69,32,36,1,6,29,Latina,Italia,LAZ,LT
Franco Properzi-Curti,1990,Prop,54,21,32,1,3,15,Derha Dun,g,n,i
Mauro Tommasi,1990,Centre,7,5,2,0,2,10,Brindisi,Italia,PUG,BR
Umberto Casellato,1990,Scrum-half,10,8,2,0,1,5,Treviso,Italia,VEN,TV
Carlo Checchinato,1990,Lock,83,31,51,1,21,105,RO,România,Missing,Missing
Giambattista Croci,1990,Lock,24,14,9,1,3,13,Ascoli,ኢትዮጵያ Ethiopia,Afar,Zone 1
Massimo Goti,1990,Hooker,1,1,0,0,0,0,Livorno,Italia,TOS,LI
Stefano Bordon,1990,Centre,29,13,16,0,1,5,Rovigo,Italia,VEN,RO
Ivan Francescato,1990,Centre,38,16,21,1,16,77,Treviso,Italia,VEN,TV
Antonio Piazza,1990,Prop,1,1,0,0,0,0,VE,Venezuela,Missing,Missing
Gustavo Milano,1982,Lock,33,16,15,2,6,24,Rosario,Argentina,S2000,SFE
Diego Dominguez,1989,Fly-half,76,29,46,1,9,1010,Cordoba,España,Andalucía,Córdoba
Paolo Vaccari,1991,Centre,64,27,36,1,22,107,Calvisano,Italia,LOM,BS
Alessandro Bottacchiari,1991,Flanker,6,4,2,0,2,9,PG,Papua Niugini,Missing,Missing
Walter Cristofoletto,1992,Lock,31,11,19,1,1,5,Treviso,Italia,VEN,TV
Daniele Sesenna,1992,Lock,5,4,1,0,0,0,Piacenza,Italia,EMR,PC
Tito Ciccio,1992,No. 8,5,3,2,0,0,0,Messina,Italia,SIC,ME
Julian Gardner,1987,Flanker,24,12,12,0,4,20,QLD,Australia,Queensland,Missing
Mark Giacheri,1992,Flanker,48,15,33,0,0,0,NSW,Australia,New South Wales,Missing
Ramiro Cassina,1992,Lock,2,1,1,0,0,0,Villa Elisa,Argentina,BA,Partido de La Plata
Carlo Orlandi,1992,Hooker,42,18,23,1,4,20,Piacenza,Italia,EMR,PC
Stefano Rigo,1992,Flanker,4,2,2,0,3,15,Treviso,Italia,VEN,TV
Piero Dotto,1993,Fullback,4,4,0,0,3,15,Treviso,Italia,VEN,TV
Fabio Coppo,1993,No. 8,5,4,1,0,1,5,Padova,Italia,VEN,PD
Mauro dal Sie,1993,Prop,7,2,5,0,0,0,VE,Venezuela,Missing,Missing
Hector de Marco,1993,"Fly-half, Scrum-half",1,1,0,0,0,0,Cordoba,España,Andalucía,Córdoba
Gabriel Filizzola,1993,Centre,12,9,3,0,5,72,Mendoza,Argentina,MZA,Departamento Capital
Alessandro Moscardi,1993,Hooker,44,10,34,0,6,30,Rovigo,Italia,VEN,RO
Leonardo Perziano,1993,Wing,1,1,0,0,1,5,Treviso,Italia,VEN,TV
Giuliano Faltiba',1993,Scrum-half,1,1,0,0,0,0,VE,Venezuela,Missing,Missing
Andrea Sgorlon,1993,Flanker,37,17,19,1,2,10,VE,Venezuela,Missing,Missing
Massimiliano Capuzzoni,1993,Flanker,2,2,0,0,0,0,Milano,Italia,LOM,MI
Massimo Ravazzolo,1993,"Fullback, Wing",23,10,12,1,3,15,Calvisano,Italia,LOM,BS
Vittorio d'Anna,1993,Wing,1,1,0,0,0,0,Benevento,Italia,CAM,BN
Orazio Arancio,1993,Flanker,34,12,22,0,2,10,Catania,Italia,SIC,CT
Danilo Beretta,1993,Flanker,1,1,0,0,0,0,Bergamo,Italia,LOM,BG
Roberto Crotti,1993,Wing,2,1,1,0,0,0,Milano,Italia,LOM,MI
Nicola Aldrovandi,1994,Centre,3,3,0,0,5,25,Bologna,Italia,EMR,BO
Claudio de Rossi,1994,Flanker,3,3,0,0,0,0,Treviso,Italia,VEN,TV
Alessandro Troncon,1994,Scrum-half,101,33,67,1,19,95,Treviso,Italia,VEN,TV
Javier Pertile,1994,Fullback,15,3,12,0,1,5,General San Martin,Argentina,Salta,General San Martín
Andrea Castellani,1994,Prop,20,9,10,1,1,5,L'Aquila,Italia,ABR,AQ
Mario Gerosa,1987,Wing,9,5,4,0,8,36,Rosario,Argentina,S2000,SFE
Diego Scaglia,1994,Lock,6,1,5,0,1,5,Cordoba,España,Andalucía,Córdoba
Massimo Alfonsetti,1994,Hooker,1,0,1,0,0,0,L'Aquila,Italia,ABR,AQ
Marco Platania,1994,Centre,4,2,2,0,2,10,Cremona,Italia,26100,LOM
Francesco Mazzariol,1995,Fly-half,33,12,21,0,2,78,Treviso,Italia,VEN,TV
Fabio Roselli,1995,Wing,16,5,11,0,5,25,Roma,Italia,LAZ,Roma Capitale
Carlo Caione,1995,Back-row,25,10,15,0,3,15,L'Aquila,Italia,ABR,AQ
Matteo Piovene,1995,Centre,1,0,1,0,0,0,Padova,Italia,VEN,PD
Nicola Mazzucato,1995,Wing,39,12,27,0,5,25,Padova,Italia,VEN,PD
Federico Williams,1995,Fullback,1,0,1,0,0,0,San Miguel de Tucuma,g,n,i
Tommaso Visentin,1996,Centre,1,0,1,0,0,0,Treviso,Italia,VEN,TV
Giampiero de Carli,1996,Prop,32,10,22,0,5,25,Roma,Italia,LAZ,Roma Capitale
Simone Babbo,1996,Wing,1,1,0,0,2,10,VE,Venezuela,Missing,Missing
Andrea Gritti,1996,Lock,15,3,12,0,0,0,Treviso,Italia,VEN,TV
Gianluca Guidi,1996,Scrum-half,5,3,1,1,0,0,Livorno,Italia,TOS,LI
Piergiorgi Menapace,1996,Prop,1,1,0,0,0,0,Padova,Italia,VEN,PD
Riccardo Piovan,1996,No. 8,4,3,1,0,0,0,Padova,Italia,VEN,PD
Leandro Manteri,1996,Wing,4,0,4,0,0,0,Livorno,Italia,TOS,LI
Roberto Rampazzo,1996,Back-row,2,0,2,0,0,0,Padova,Italia,VEN,PD
Andrea Barattin,1996,Lock,2,0,2,0,0,0,Treviso,Italia,VEN,TV
Cristian Stoica,1997,Centre,71,21,49,1,11,55,Bucuresti,România,București,Sector 2
Luca Martin,1997,Centre,38,9,29,0,9,45,Padova,Italia,VEN,PD
Manuel Dallan,1997,Centre,18,8,9,1,4,20,TV,Tuvalu,Missing,Missing
Andrea Moretti,1997,Hooker,13,6,7,0,0,0,Mantova,Italia,LOM,MN
Corrado Pilat,1997,"Fly-half, Fullback",7,2,5,0,2,13,Belluno,Italia,VEN,BL
Stefano Saviozzi,1998,Hooker,14,4,10,0,2,10,Pisa,Italia,TOS,PI
Giuseppe Lanzi,1998,Lock,8,4,4,0,0,0,Viterbo,Italia,LAZ,VT
Mauro Bergamasco,1998,Flanker,102,30,72,0,15,75,Padova,Italia,VEN,PD
Matt Pini,1994,Fullback,20,10,10,0,4,20,Canberra,Australia,Australian Capital Territory,Canberra
Simone Stocco,1998,Lock,4,1,3,0,1,5,VE,Venezuela,Missing,Missing
Michele Birtig,1998,Flanker,2,1,1,0,0,0,Udine,Italia,FVG,UD
Giampiero Mazzi,1998,Scrum-half,5,3,2,0,1,5,RM,Italia,LAZ,Roma Capitale
Nanni Raineri,1998,"Centre, Fly-half",22,6,16,0,2,13,RM,Italia,LAZ,Roma Capitale
Marco Baroni,1999,Wing,6,0,6,0,1,5,Padova,Italia,VEN,PD
Denis Dallan,1999,Wing,42,11,31,0,7,35,TV,Tuvalu,Missing,Missing
Giacomo Preo,1999,"Centre, Fly-half",7,1,6,0,0,2,VE,Venezuela,Missing,Missing
Wim Visser,1999,Lock,22,5,17,0,1,5,Durban,South Africa,KwaZulu-Natal,eThekwini Metropolitan Municipality
Gianluca Faliva,1999,Prop,4,0,4,0,0,0,PD,Polska,województwo podlaskie,Missing
Laurent Travini,1999,Lock,5,2,3,0,0,0,Gap,France,05000,France métropolitaine
Sandro Ceppolino,1999,Centre,5,2,3,0,1,5,Villa Ballester,Argentina,BA,Partido de General San Martín
Andrea de Rossi,1999,No. 8,34,11,23,0,2,10,Genova,Italia,LIG,GE
Andrea Scanavacca,1999,Fly-half,11,6,5,0,2,49,Rovigo,Italia,VEN,RO
Luciano Cornella,1999,No. 8,1,1,0,0,0,0,1977,Svizra,Svizzera,Suisse
Andrea Masi,1999,Centre,91,23,68,0,13,65,L'Aquila,Italia,ABR,AQ
Federico Pucciariello,1999,Prop,8,1,7,0,1,5,Rosario,Argentina,S2000,SFE
Nicolas Zisti,1999,Centre,4,0,4,0,0,0,NSW,Australia,New South Wales,Missing
Alejandro Moreno,1998,Prop,8,4,4,0,0,0,Buenos Aires,Argentina,CABA,Comuna 6
Tino Paoletti,2000,Prop,15,5,10,0,0,0,Firenze,Italia,TOS,FI
Matteo Mazzantini,2000,"Scrum-half, Fly-half",9,2,7,0,0,0,Livorno,Italia,TOS,LI
Aaron Persico,2000,Flanker,56,15,41,0,2,10,Lower Hutt,New Zealand/Aotearoa,Wellington,Lower Hutt City
Marco Rivaro,2000,Centre,4,1,3,0,0,0,Genova,Italia,LIG,GE
Juan Francesio,2000,Wing,4,1,3,0,0,0,Rosario,Argentina,S2000,SFE
Salvatore Perugini,2000,Prop,83,20,62,1,0,0,Benevento,Italia,CAM,BN
Andrea Lo Cicero Vaina,2000,Prop,103,32,70,1,8,40,Catania,Italia,SIC,CT
Ramiro Pez,2000,Fly-half,40,12,27,1,4,260,Cordoba,España,Andalucía,Córdoba
Juan Manuel Queirolo,2000,Scrum-half,9,3,6,0,0,0,Rosario,Argentina,S2000,SFE
David dal Maso,2000,Back-row,14,3,11,0,0,0,VR,Italia,VEN,VR
Luca Mastrodomenico,2000,Lock,5,1,4,0,0,0,Segni,Italia,LAZ,Roma Capitale
Lisandro Villagra,2000,Scrum-half,2,0,2,0,0,0,Cordoba,España,Andalucía,Córdoba
Maurizio Zaffiri,2000,Flanker,14,6,7,1,0,0,L'Aquila,Italia,ABR,AQ
Filippo Frati,2000,Scrum-half,4,0,4,0,0,0,PR,Česko,Praha,Hlavní město Praha
Andrea Muraro,2000,Prop,13,4,9,0,0,0,PD,Polska,województwo podlaskie,Missing
Fabio Ongaro,2000,Hooker,81,25,55,1,5,25,Venezia,Italia,VEN,VE
Massimiliano Perziano,2000,Wing,10,3,7,0,3,15,TV,Tuvalu,Missing,Missing
Ezio Galon,2001,Utility back,19,6,12,1,1,5,Treviso,Italia,VEN,TV
Walter Pozzebon,2001,Centre,22,8,14,0,4,20,Treviso,Italia,VEN,TV
Giovanni Antoni,2001,Fullback,2,1,1,0,0,0,Mombasa,Kenya,Mombasa,Missing
Marco Bortolami,2001,Lock,111,29,81,1,7,35,Padova,Italia,VEN,PD
Roberto Pedrazzi,2001,"Wing, Centre",8,1,7,0,0,0,Modena,Italia,EMR,MO
Salvatore Garozzo,2001,"Lock, Back-row",3,1,2,0,0,0,Catania,Italia,SIC,CT
Andrea Benatti,2001,Back-row,5,1,4,0,1,5,Viadana,Italia,LOM,MN
Samuele Pace,2001,Centre,3,1,2,0,0,0,PC,Italia,EMR,PC
Cristian Zanoletti,2001,Centre,7,1,6,0,0,0,Brescia,Italia,LOM,BS
Santiago Dellape,2002,Lock,64,18,45,1,3,15,La Plata,Argentina,BA,Partido de La Plata
Matthew Phillips,2002,No. 8,14,1,13,0,3,15,Kaitaia,New Zealand/Aotearoa,Northland,Far North District
Mirco Bergamasco,2002,Utility back,89,22,66,1,17,256,Padova,Italia,VEN,PD
Gert Peens,2002,Fullback,23,5,18,0,0,105,Germiston,South Africa,Gauteng,Ekurhuleni Metropolitan Municipality
Carlos Nieto,2002,Prop,34,9,24,1,0,0,La Plata,Argentina,BA,Partido de La Plata
Ramiro Martinez-Frugoni,2002,Prop,10,3,7,0,0,0,Buenos Aires,Argentina,CABA,Comuna 6
Sergio Parisse,2002,No. 8,112,31,80,1,13,68,La Plata,Argentina,BA,Partido de La Plata
Matteo Barbini,2002,Centre,15,3,12,0,1,5,Venezia,Italia,VEN,VE
Martin Castrogiovanni,2002,Prop,110,29,80,1,12,60,Parana,Brasil,Região Nordeste,PE
Enrico Pavanello,2002,Lock,8,4,4,0,0,0,TV,Tuvalu,Missing,Missing
Scott Palmer,2002,Back-row,12,1,11,0,2,10,Palmerston North,New Zealand/Aotearoa,Manawatu-Wanganui,Palmerston North City
Cristian Bezzi,2003,Lock,11,2,9,0,0,0,Reggio Emilia,Italia,EMR,RE
Carlo Festuccia,2003,Hooker,54,19,34,1,3,15,L'Aquila,Italia,ABR,AQ
Gonzalo Canale,2003,Centre,86,27,58,1,7,35,Cordoba,España,Andalucía,Córdoba
Diego Sacca,2003,Centre,1,0,1,0,0,0,Livorno,Italia,TOS,LI
Rima Wakarua-Noema,2003,Fullback,11,6,5,0,0,99,North Shore,United States of America,Wisconsin,Jefferson County
Paul Griffen,2004,Scrum-half,42,13,28,1,1,13,Dunedin,New Zealand/Aotearoa,Otago,Dunedin City
Roland de Marigny,2004,Utility back,19,7,12,0,1,47,Durban,South Africa,KwaZulu-Natal,eThekwini Metropolitan Municipality
Silvio Orlando,2004,Flanker,14,6,8,0,0,0,Venezia,Italia,VEN,VE
Roberto Mandelli,2004,"Back-row, Lock",9,3,6,0,0,0,Brescia,Italia,LOM,BS
Simon Picone,2004,Scrum-half,23,7,16,0,1,5,Roma,Italia,LAZ,Roma Capitale
Carlo Antonio del Fava,2004,Back-row,54,13,40,1,1,5,Umtala,g,n,i
Salvatore Costanzo,2004,Prop,4,2,2,0,0,0,Catania,Italia,SIC,CT
Kaine Robertson,2004,Wing,47,15,32,0,14,70,Auckland,New Zealand/Aotearoa,Auckland,Missing
Danilo Carpente,2004,Fullback,2,1,1,0,0,0,L'Aquila,Italia,ABR,AQ
Giorgio Intoppa,2004,Hooker,7,2,5,0,0,0,Milano,Italia,LOM,MI
Mario Savi,2004,Prop,3,1,2,0,0,0,MN,United States of America,Minnesota,Missing
Ludovico Nitoglia,2004,Wing,17,4,12,1,0,0,Roma,Italia,LAZ,Roma Capitale
Luciano Orquera,2004,Fly-half,48,10,38,0,3,154,Cordoba,España,Andalucía,Córdoba
Pietro Travagli,2004,Scrum-half,9,2,7,0,1,5,Treviso,Italia,VEN,TV
Matteo Pratichetti,2004,Centre,24,6,18,0,5,25,Roma,Italia,LAZ,Roma Capitale
Valerio Bernabo,2004,Lock,23,9,14,0,0,0,Roma,Italia,LAZ,Roma Capitale
Antonio Mannato,2004,Back-row,3,2,1,0,1,5,Varese,Italia,LOM,VA
Josh Sole,2005,Flanker,47,11,35,1,3,15,Hamilton,Canada,Ontario,Hamilton
Antonio Pavanello,2005,Lock,23,6,17,0,0,0,PL,Polska,Missing,Missing
Pablo Canavosio,2005,Scrum-half,38,10,27,1,6,30,Cordoba,España,Andalucía,Córdoba
Michele Rizzo,2005,Prop,16,4,12,0,0,0,VE,Venezuela,Missing,Missing
Matias Aguero,2005,Prop,33,8,25,0,1,5,San Nicolas,Philippines,Calabarzon,Batangas
Alessandro Zanni,2005,Flanker,87,25,61,1,3,15,Udine,Italia,FVG,UD
David Bortolussi,2006,Fullback,16,8,8,0,1,147,Auch,France,32000,France métropolitaine
Benjamin de Jager,2006,Wing,1,1,0,0,1,5,Cape Town,South Africa,Western Cape,City of Cape Town
Robert Barbieri,2006,Back-row,39,10,29,0,3,15,Toronto,Canada,Ontario,Toronto
Leonardo Ghiraldini,2006,Hooker,75,16,59,0,4,20,Padova,Italia,VEN,PD
Andrea Marcato,2006,Fly-half,16,4,12,0,0,81,Padova,Italia,VEN,PD
Michele Sepe,2006,Wing,3,1,2,0,1,5,Roma,Italia,LAZ,Roma Capitale
Fabio Staibano,2006,Prop,11,3,8,0,0,0,Eboli,Italia,CAM,SA
Marko Stanojevic,2006,Wing,7,4,3,0,9,45,Birmingham,United Kingdom,England,West Midlands
Warren Spragg,2006,"Fullback, Wing",1,1,0,0,0,0,Manchester,United Kingdom,England,North West England
Kris Burton,2007,Fly-half,21,7,14,0,1,87,QLD,Australia,Queensland,Missing
Enrico Patrizio,2007,Centre,4,2,2,0,0,0,Camposampiero,Italia,VEN,PD
Alessio Galante,2007,Utility back,2,1,1,0,0,0,Varese,Italia,LOM,VA
Manoa Vosawai,2007,Flanker,17,5,12,0,1,5,Suva,Viti,Central,Suva
Lorenzo Cittadini,2008,Prop,38,9,29,0,2,10,Bergamo,Italia,LOM,BG
Tommaso Reato,2008,Lock,9,1,8,0,0,0,Rovigo,Italia,VEN,RO
Alberto Sgarbi,2008,Centre,29,7,22,0,2,10,TV,Tuvalu,Missing,Missing
Paolo Buso,2008,Fly-half,1,0,1,0,0,0,Treviso,Italia,VEN,TV
Jaco Erasmus,2008,Flanker,3,1,2,0,0,0,Humansdorf,España,08301,CAT
Gonzalo Garcia,2008,Centre,35,6,29,0,1,8,Mendoza,Argentina,MZA,Departamento Capital
Luke McLean,2008,Fullback,68,14,54,0,7,74,Townsville,Australia,Queensland,Townsville
Ignacio Fernandez-Rouyet,2008,Prop,7,2,5,0,0,0,Buenos Aires,Argentina,CABA,Comuna 6
Riccardo Pavan,2008,"Wing, Centre",1,0,1,0,0,0,TV,Tuvalu,Missing,Missing
Giulio Toniolatti,2008,Wing,15,6,9,0,2,10,Roma,Italia,LAZ,Roma Capitale
Jean-Francois Montauriol,2009,"Lock, Flanker",2,0,2,0,0,0,Muret,France,31600,France métropolitaine
Andrea Bacchetti,2009,Wing,2,0,2,0,0,0,Rovigo,Italia,VEN,RO
Guilio Rubini,2009,Utility back,4,0,4,0,0,0,RM,Italia,LAZ,Roma Capitale
Franco Sbaraglini,2009,Hooker,5,0,5,0,0,0,Mar del Plata,Argentina,BA,Partido de General Pueyrredón
Roberto Quartaroli,2009,Centre,5,1,4,0,0,0,L'Aquila,Italia,ABR,AQ
Quintin Geldenhuys,2009,Lock,54,13,41,0,0,0,Krugersdorp,South Africa,Gauteng,West Rand District Municipality
Craig Gower,2009,Halfback,14,2,12,0,0,17,NSW,Australia,New South Wales,Missing
Paul Derbyshire,2009,Flanker,24,7,17,0,0,0,LI,Liechtenstein,Missing,Missing
Tito Tebaldi,2009,Scrum-half,20,4,16,0,0,3,Parma,Italia,EMR,PR
Simone Favaro,2009,Flanker,24,9,15,0,1,5,Treviso,Italia,VEN,TV
Riccardo Bocchino,2010,Scrum-half,14,5,9,0,0,29,Viterbo,Italia,LAZ,VT
Tommaso Benvenuti,2010,Centre,30,11,19,0,4,20,Vittorio Veneto,Italia,VEN,TV
Edoardo Gori,2010,Scrum-half,42,13,29,0,4,20,Prato,Italia,TOS,PO
Fabio Semenzato,2011,Scrum-half,12,2,10,0,1,5,Treviso,Italia,VEN,TV
Tommaso d'Apice,2011,Hooker,10,5,5,0,1,5,Benevento,Italia,CAM,BN
Cornelius van Zyl,2011,Lock,8,3,5,0,0,0,Nelspruit,South Africa,Mpumalanga,Ehlanzeni District Municipality
Joshua Furno,2011,Lock,29,8,21,0,2,10,VIC,Australia,Victoria,Missing
Giovanbattista Venditti,2012,Wing,27,7,20,0,5,25,Avezzano,Italia,ABR,AQ
Tobie Botes,2012,Scrum-half,22,5,17,0,0,8,Worcester,United Kingdom,England,West Midlands
Luca Morisi,2012,Centre,14,4,10,0,2,10,Milano,Italia,LOM,MI
Alberto de Marchi,2012,Prop,28,6,22,0,0,0,Jesolo,Italia,VEN,VE
Davide Giazzon,2012,Hooker,20,5,15,0,0,0,VE,Venezuela,Missing,Missing
Lorenzo Romano,2012,Prop,2,1,1,0,0,0,Bagni-a-Ripoli,g,n,i
Alberto Benettin,2012,"Fly-half, Centre",1,1,0,0,0,0,Padova,Italia,VEN,PD
Andrea Pratichetti,2012,Centre,1,1,0,0,0,0,Roma,Italia,LAZ,Roma Capitale
Marco Fuser,2012,Lock,4,2,2,0,0,0,Villorba,Italia,VEN,TV
Tommaso Iannone,2012,Utility back,10,2,8,0,1,5,Treviso,Italia,VEN,TV
Francesco Minto,2012,Flanker,16,3,13,0,0,0,Mirano,Italia,VEN,VE
Alberto di Bernardo,2013,Fly-half,4,0,4,0,0,31,Rosario,Argentina,S2000,SFE
Andrea Manici,2013,Hooker,11,2,9,0,0,0,Parma,Italia,EMR,PR
Leandro Cedaro,2013,Lock,1,0,1,0,0,0,Resistencia,Argentina,Chaco,Departamento San Fernando
Leonardo Sarto,2013,Wing,16,1,15,0,4,20,VR,Italia,VEN,VR
Alberto Chillon,2013,Scrum-half,1,0,1,0,0,0,Venezia,Italia,VEN,VE
Tommaso Allan,2013,Fly-half,14,2,12,0,2,43,Vicenza,Italia,VEN,VI
Michele Campagnaro,2013,Centre,13,2,11,0,3,15,Mirano,Italia,VEN,VE
Angelo Esposito,2014,Wing,5,0,5,0,0,0,Napoli,Italia,CAM,NA
George Fabio Biagi,2014,Lock,8,1,7,0,0,0,Irvine,United States of America,California,Orange County
Guglielmo Palazzani,2014,Scrum-half,8,0,8,0,0,0,Gardone val Trompia,Italia,LOM,BS
Andrea de Marchi,2014,Prop,2,0,2,0,0,0,TV,Tuvalu,Missing,Missing
Dario Chistolini,2014,Prop,10,2,8,0,0,0,Kempton Park,United Kingdom,TW16 5AQ,England
Kelly Haimona,2014,Fly-half,7,2,5,0,0,46,Rotorua,New Zealand/Aotearoa,Bay of Plenty,Rotorua District
Samuela Vunisa,2014,No. 8,5,1,4,0,0,0,Suva,Viti,Central,Suva
Marco Barbini,2015,Back-row,2,0,2,0,0,0,Padova,Italia,VEN,PD
Giulio Bisegni,2015,Centre,2,1,1,0,0,0,Frascati,Italia,LAZ,Roma Capitale
Enrico Bacchin,2015,Centre,3,1,2,0,0,0,San Dona,Italia,VEN,PD
Michele Visentin,2015,Wing,1,1,0,0,0,0,Paese,Italia,VEN,TV
