John Bentley,1871,Halfback,Derbyshire,2,1,0,
Reginald Birkett,1871,Forward,London,4,2,1,
Benjamin Burns,1871,Forward,Perth,1,0,0,
John Clayton,1871,Forward,Liverpool,1,0,0,
Charles Crompton,1871,Forward,Cork,1,0,0,
Alfred Davenport,1871,Forward,Oxford,1,0,0,
John Dugdale,1871,Forward,Salford,1,0,0,
Arthur Gibson,1871,Forward,Hampshire,1,0,0,
Joseph Green,1871,Halfback,W Ham,1,0,0,
Arthur Guillemard,1871,Fullback,Lewisham,2,1,0,
Alfred Hamersley,1871,Forward,Oxon,4,2,1,
Harry Luscombe,1871,Forward,Kent,1,0,0,
Arthur Lyon,1871,Fullback,W Derby,1,0,0,
William MacLaren,1871,Three-quarters,Lancashire,1,0,0,
Richard Osborne,1871,Fullback,Yorks,1,0,0,
Charles Sherrard,1871,Forward,London,2,1,0,
Frederic Stokes,1871,Forward,Greenwich,3,1,0,
Frank Tobin,1871,Halfback,Liverpool,1,0,0,
Dawson Turner,1871,Forward,Calcutta,6,3,0,
Henry Turner,1871,Forward,Sussex,1,0,0,
Thomas Batson,1872,Forward,Hereford,3,3,0,
James Body,1872,Forward,Kent,2,1,0,
James Bush,1872,Forward,Cawnpore,5,3,0,
Frederick Currey,1872,Forward,Kent,1,1,0,
Francis d'Aguilar,1872,Forward,Bengal,1,1,1,
Stephen Finney,1872,Halfback,Marylebone,2,1,1,
Harold Freeman,1872,Three-quarters,Glos,3,2,0,
Francis Isherwood,1872,Forward,Berkshire,1,1,0,
Frank Luscombe,1872,Forward,Surrey,6,4,0,
James Mackinlay,1872,Forward,Guildford,3,2,0,
Frederick Mills,1872,Fullback,Chertsey,2,1,0,
William Moberly,1872,Fullback,Sx,1,1,0,
Nipper Pinching,1872,Forward,Gravesend,1,1,0,
P. Wilkinson,1872,Halfback,date unknown,1,1,0,
Cecil Boyle,1873,Halfback,London,1,0,0,
Ernest Cheston,1873,Forward,Hackney,5,3,1,
William Fletcher,1873,Forward,Kensington,2,0,0,
Henry Lawrence,1873,Forward,Lahore,4,2,0,
Henry Marsh,1873,Forward,1850,1,0,0,
Murray Marshall,1873,Forward,Goldalming,10,6,0,
Sydney Morse,1873,Fullback,Birmingham,3,1,0,
Cyril Rickards,1873,Forward,Jeypon,1,0,0,
Ernest Still,1873,Forward,Epsom,1,0,0,
Charles Vanderspar,1873,Fullback,Ceylon,1,0,0,
John Batten,1874,Fullback,Kumaon,1,1,0,
Marshall Brooks,1874,Fullback,Lancs,1,1,0,
Henry Bryden,1874,Forward,Banbury,1,1,0,
William Collins,1874,Halfback,Monghyr,5,4,1,
Charles Crosse,1874,Forward,Herts,2,2,0,
Foster Cunliffe,1874,Forward,Llanfyllin,1,1,0,
James Genth,1874,Forward,Charlton,2,1,0,
Edward Kewley,1874,Forward,Bucks,7,4,1,
William Milton,1874,Three-quarters,Bucks,2,2,0,
Sidney Parker,1874,Forward,Oxon,2,1,0,
William Stafford,1874,Forward,1854,1,1,0,
Roger Walker,1874,Forward,Bury,5,4,0,
Frank Adams,1875,Forward,Newcastle-upon-Tyne,7,4,2,
Edward Fraser,1875,Forward,Burnside,1,1,0,
Harry Graham,1875,Forward,Kingston,4,3,0,
William Hutchinson,1875,Forward,Sculcoates,2,2,0,
Arthur Michell,1875,Halfback,Headington,3,2,1,
Edward Nash,1875,Halfback,Eton,1,1,0,
Alec Pearson,1875,Fullback,VIC,7,4,0,
Edward Perrott,1875,Forward,Llanfyllin,1,1,0,
Lennard Stokes,1875,Three-quarters,Greenwich,12,8,0,
Louis Birkett,1875,Fullback,St Saviour,3,1,0,
Wyndham Evanson,1875,Halfback,Llansoy,5,1,1,
Josiah Paul,1875,Forward,Glos,1,0,0,
Jeaffreson Brewer,1875,Forward,Ebbw Vale,1,1,0,
Charles Bryden,1875,Forward,Banbury,2,1,0,
Mark Bulteel,1875,Forward,Liverpool,1,1,0,
Charles Clark,1875,Halfback,W Derby,1,1,1,
John Graham,1875,Forward,Surrey,1,1,0,
Walter Greg,1875,Forward,Macclesfield,2,2,0,
Charles Gunner,1875,Three-quarters,Bishops Waltham,1,1,0,
Spencer Login,1875,Fullback,Punjab,1,1,0,
Ernest Marriott,1875,Forward,Salford,1,1,0,
Edward Turner,1875,Forward,Epping,3,3,1,
Courteney Verelst,1875,Forward,Wirral,2,2,0,
Arthur Heath,1876,Fullback,Newcastle-under-Lyme,1,1,0,
William Hunt,1876,Forward,Preston,4,3,0,
William Hutchinson,1876,Halfback,Charlton,2,2,2,
Frederic Lee,1876,Forward,Chelsea,2,2,1,
William Rawlinson,1876,Forward,Bury St Edmunds,1,1,0,
Thomas Tetley,1876,Three-quarters,Bradford,1,1,0,
George Turner,1876,Forward,Essex,1,1,0,
Henry Fowler,1877,Forward,Herts,1,1,0,
Gillie Harrison,1877,Forward,Cottingham,7,5,0,
Monkey Hornby,1877,Fullback,Blackburn,9,4,1,
Petley Price,1877,Halfback,Poona,3,1,0,
Charles Touzel,1877,Forward,Cheshire,2,1,0,
Harry Garnett,1877,Forward,Yorks,1,0,0,
Archibald Law,1877,Forward,Nice,1,0,0,
Robert Todd,1877,Forward,Bury,1,0,0,
John Biggs,1878,Forward,Reading,2,1,0,
Frank Fowler,1878,No. 8,Newbury,2,0,0,
Howard Fowler,1878,Forward,Tottenham,3,1,0,
Temple Gurdon,1878,Forward,Norflk,16,12,1,
Henry Kayll,1878,Fullback,Sunderland,1,0,0,
George Thomson,1878,Forward,Yorks,9,6,1,
George Vernon,1878,Forward,London,5,4,0,
John Bell,1878,Halfback,Newcastle-uunder-Lym,1,1,0,
Thomas Blatherwick,1878,Forward,Quebec,1,1,0,
Jimmy Budd,1878,Forward,Bristol,5,3,1,
Ernest Dawson,1878,Forward,Charlottetown,1,1,0,
Henry Enthoven,1878,Three-quarters,Liverpool,1,1,0,
Herbert Gardner,1878,Forward,Cawnpore,1,1,1,
Allan Jackson,1878,Halfback,Spanish Town,,,,
William Penny,1878,Fullback,Langport,3,2,1,
George Burton,1879,Forward,Wakefield,6,4,6,
Harry Huth,1879,Fullback,Huddersfield,1,0,0,
Norman McLeod,1879,Forward,Madras,2,1,0,
Stuart Neame,1879,Forward,Preston FavershaKent,4,3,0,
Hugh Rowley,1879,Forward,Chorlton-upon-Medloc,9,5,3,
Henry Springmann,1879,Forward,W Derby,2,0,0,
Henry Taylor,1879,Halfback,Greenwich,5,3,6,
Harold Bateson,1879,Forward,Liverpool,1,1,0,
William Openshaw,1879,Halfback,Cape Town,1,1,0,
Henry Twynam,1879,Halfback,Hants,8,7,4,
Sidney Ellis,1880,Forward,Lewisham,1,1,1,
Thomas Fry,1880,Fullback,Greenwich,3,3,1,
Charles Gurdon,1880,Forward,Norfolk,14,10,0,
Robert Hunt,1880,Three-quarters,Preston,4,2,2,
Barron Kilner,1880,Forward,Thornhill Leer,1,1,0,
Ellis Markendale,1880,Forward,Salford,1,1,1,
John Schofield,1880,Forward,Stretford,1,1,0,
Ernie Woodhead,1880,Forward,Huddersfield,1,1,0,
Charles Coates,1880,Forward,Lambeth,3,1,0,
Richard Finch,1880,Halfback,Kensington,1,1,0,
Charles Phillips,1880,Forward,?,3,2,0,
Charles Sawyer,1880,Three-quarters,Manchester,2,2,1,
Charles Fernandes,1881,Forward,Wakefield,3,2,1,
Walter Hewitt,1881,Forward,Kent,4,2,0,
John Ravenscroft,1881,Forward,Wirral,1,1,0,
Ryder Richardson,1881,Halfback,Chorlton,1,1,0,
James Ward,1881,Forward,Staines,2,1,0,
Harry Vassall,1881,Forward,Tadcaster,5,2,3,
Charles Wilson,1881,Forward,Norfolk,1,1,0,
Frank Wright,1881,Halfback,Leigh,1,0,0,
Teddy Beswick,1882,Three-quarters,Penrith,2,0,0,
Wilfred Bolton,1882,Three-quarters,Sx,11,7,6,
Herbert Fuller,1882,Forward,Bath,6,4,0,
James Hunt,1882,Forward,Preston,3,1,0,
Bernard Middleton,1882,Forward,Whitehaven,2,1,0,
Aubrey Spurling,1882,Forward,Camberwell,1,0,0,
Philip Newton,1882,Forward,Brentford,1,0,0,
John Payne,1882,Halfback,Lancs,7,6,0,
William Tatham,1882,Forward,Walsingham,7,6,1,
Arthur Evanson,1882,Three-quarters,nr.Usk,4,4,0,
Robert Henderson,1882,Forward,Calcutta,5,5,1,
Richard Kindersley,1882,Forward,Devon,3,3,2,
Alan Rotherham,1882,Halfback,Coventry,12,8,2,
Graham Standing,1882,Forward,Clapham,2,2,0,
Arthur Taylor,1882,Fullback,Greenwich,4,4,0,
Gregory Wade,1882,Three-quarters,NSW,8,8,7,
Charles Wooldridge,1882,Forward,Winchester,7,7,0,
Edward Moore,1883,Forward,Dudley,2,2,0,
Richard Pattisson,1883,Forward,Tonbridge,2,2,0,
Henry Tristram,1883,Fullback,Durham,5,4,0,
Charles Chapman,1884,Three-quarters,Lincs,1,1,0,
Charles Marriott,1884,Forward,Suffolk,7,5,0,
Edward Strong,1884,Forward,Axbridge,3,3,0,
Henry Bell,1884,Forward,Liverpool,1,1,0,
Herbert Fallas,1884,Three-quarters,Wakefield,1,1,0,
Charles Sample,1884,Fullback,Castle Ward,3,2,0,
Alfred Teggin,1884,Forward,Manchester,6,3,1,
Henry Wigglesworth,1884,Three-quarters,Doncaster,1,1,0,
Albert Wood,1884,Forward,date unknown,1,1,0,
Edward Court,1885,Forward,Northwich,1,1,0,
John Hawcridge,1885,Three-quarters,Macclesfield,2,2,2,
Arthur Kemble,1885,Forward,Carlisle,3,2,0,
Henry Ryalls,1885,Forward,Wirral,2,2,1,
Frank (Slazenger-)Moss,1885,Forward,Manchester,3,3,0,
Drewy Stoddart,1885,Three-quarters,S Shields,10,6,2,5
Charles Horley,1885,Forward,Pendlebury,1,1,0,
Fred Bonsor,1886,Halfback,1862,6,3,0,0
William Clibbon,1886,Forward,Co Tipperary,6,2,0,
Charles Elliot,1886,Forward,Sunderland,1,1,0,
Froude Hancock,1886,Forward,Somerset,10,8,1,3
Rupert Inglis,1886,Forward,Hanover Square,3,2,0,
George Jeffery,1886,Forward,London,6,2,1,
Rawson Robertshaw,1886,Three-quarters,Bradford,5,2,0,
Edgar Wilkinson,1886,Forward,Bradford,5,2,2,
Norman Spurling,1886,Forward,Blackheath,3,1,0,
Rev Brutton,1886,Three-quarters,Tynemouth,1,0,0,
Hiatt Baker,1887,Forward,Clifton,1,0,0,
Charles Cleveland,1887,Forward,Bombay,2,0,0,
John Dewhurst,1887,Forward,Yorks,4,0,0,0
John Hickson,1887,Forward,Clapham Common,6,2,0,0
John le Fleming,1887,Three-quarters,Tonbridge,1,0,0,
Dicky Lockwood,1887,Three-quarters,Crigglestone,14,8,5,28
Sam Roberts,1887,Fullback,date unknown,2,0,0,
Bob Seddon,1887,Forward,Lancashire,3,0,0,
Arthur Fagan,1887,Three-quarters,Calcutta,1,0,0,
Frank Pease,1887,Forward,Darlington,1,0,0,
Mason Scott,1887,Halfback,Newcastle-upon-Tyne,3,2,0,0
Charles Anderton,1889,Forward,Machester,1,1,0,0
Harry Bedford,1889,Forward,Leeds,3,3,2,2
John Cave,1889,Forward,Surbiton,1,1,0,0
Frank Evershed,1889,Forward,Staffs,10,7,4,7
Donald Jowett,1889,Forward,Bradford,6,5,0,2
Frederick Lowrie,1889,Forward,Wakefield,2,1,0,0
Arthur Robinson,1889,Forward,Darlington,4,3,0,0
Artie Royle,1889,Fullback,date unknown,1,1,0,0
William Scott,1889,Halfback,Gateshead,1,1,0,0
John Sutcliffe,1889,Three-quarters,nr Halifax,1,1,1,3
Harry Wilkinson,1889,Forward,Halifax,1,1,0,0
William Yiend,1889,Forward,Winchcome,6,5,0,0
Richard Budworth,1890,Forward,Essex,3,1,1,1
Francis Fox,1890,Halfback,Wellington,2,1,0,0
Willie Mitchell,1890,Fullback,Quebec,10,7,0,3
Dolly Morrison,1890,Three-quarters,Guisborough,4,3,1,1
John Rogers,1890,Forward,Aston,4,2,1,1
Jim Valentine,1890,Centre,Salford,4,1,0,2
Samuel Woods,1890,Forward,NSW,13,9,1,6
James Wright,1890,Halfback,Yorks,1,0,0,0
Randolph Aston,1890,Centre,Kensington,5,5,2,2
Jack Dyson,1890,Three-quarters,Skelmanthorpe,4,3,1,2
Edgar Holmes,1890,Forward,Bradford,2,2,0,0
Jack Toothill,1890,Forward,Bradford,12,9,1,1
William Spence,1890,Halfback,Cheshire,1,1,0,0
Frederick Alderson,1891,Three-quarters,Nthumberlnd,6,4,1,11
John Berry,1891,Halfback,Fellside,3,2,0,0
William Bromet,1891,Forward,Tadcaster,15,11,1,2
Percy Christopherson,1891,Three-quarters,Blackheath,2,1,2,2
Tom Kent,1891,Forward,Nottingham,6,5,0,0
William Leake,1891,Halfback,Ceylon,3,2,0,0
Eustace North,1891,Forward,Lewisham,3,2,0,0
James Richards,1891,Forward,Warks,3,2,0,0
Roger Wilson,1891,Forward,W Derby,3,2,2,2
Launcelot Percival,1891,Forward,Clifton,3,2,1,2
Edgar Bonham-Carter,1891,Forward,Kensington,1,0,0,0
Alfred Allport,1892,Forward,Brixton,5,3,0,0
Arthur Briggs,1892,Halfback,?,3,3,0,0
Edward Bullough,1892,Forward,Wigan,3,3,0,0
Charles Emmott,1892,Halfback,Bradford,1,1,0,0
Scatter Hubbard,1892,Three-quarters,Benares,2,2,1,2
William Nicholl,1892,Forward,Yorks?,2,2,1,2
James Pyke,1892,Forward,St Helens,1,1,0,0
Wardlaw Thomson,1892,Centre,South Rhodesia,4,3,1,3
Abel Ashworth,1892,Forward,Ashton,1,1,0,0
Samuel Houghton,1892,Fullback,Runcorn,2,2,0,0
James Marsh,1889,Three-quarters,?,3,3,0,0
Ernest Taylor,1892,Halfback,Newcastle-upon-Tyne,14,7,2,15
Harry Bradshaw,1892,Forward,Leeds,7,3,2,5
Thomas Coop,1892,Fullback,Lancs,1,1,0,0
Harry Varley,1892,Scrum-half,Yorks,1,1,0,0
Tom Broadley,1893,Forward,Bingley,6,1,0,0
Robert de Winton,1893,Halfback,Hay,1,0,0,0
Edwin Field,1893,Fullback,Hampstead,2,1,0,0
John Greenwell,1893,Forward,Tynemouth,2,1,0,0
Frederick Lohden,1893,Forward,Hartlepool,1,0,1,2
Howard Marshall,1891,Halfback,Sunderland,3,2,3,6
Philip Maud,1893,Forward,Sudbury,2,1,0,0
Horace Duckett,1893,Halfback,Bradford,2,1,0,0
Thomas Nicholson,1893,Three-quarters,date unknown,1,1,0,0
Frederic Jones,1893,Three-quarters,Birkenhead,1,0,0,0
John Robinson,1893,Forward,Burton-on-Trent,4,2,1,3
Buster Soane,1893,Forward,Bath,4,1,0,0
Cyril Wells,1893,Halfback,London,6,2,0,0
Fred Byrne,1894,Fullback,Birmingham,17,7,0,36
Frederick Firth,1894,Wing,Yorks,3,1,0,0
John Hall,1894,Forward,date unknown,3,1,0,0
Charles Hooper,1894,Centre,Glos,3,1,0,0
Samuel Morfitt,1894,Centre,Kingston-upon-Hull,6,2,3,9
Harry Speed,1894,Forward,Castleford,4,1,0,0
William Tucker,1894,Forward,1872,5,3,0,0
Bob Wood,1894,Halfback,Pontefract,1,0,0,0
Albert Elliott,1894,Forward,Sthampton,1,0,0,0
Walter Jackson,1894,Wing,Gloucester,1,0,0,0
William Walton,1894,Forward,?,1,0,0,0
Edward Baker,1895,Centre,United States,7,3,0,0
Godfrey Carey,1895,Forward,Guernsey,5,3,1,3
Dick Cattell,1895,Fly-half,Erdington,7,3,2,6
John Fegan,1895,Wing,Kent,3,2,1,3
Horace Finlinson,1895,Forward,Bedford,3,2,0,0
Frederick Leslie-Jones,1895,Centre,Fylde,2,2,1,3
Frank Mitchell,1895,Forward,Market Weighton,6,3,1,5
Francis Poole,1895,Forward,Houghton,3,2,0,0
Charles Thomas,1895,Forward,Barnstaple,4,2,1,3
Herbert Ward,1895,Fullback,Bradford,1,1,0,0
Thomas Dobson,1895,Centre,Bradford,1,0,0,0
Ernest Fookes,1896,Wing,Waverley,10,3,5,15
Lyndhurst Giblin,1896,Forward,Tasmania,3,2,0,0
John Pinch,1896,Forward,Lancaster,3,2,0,0
John Rhodes,1896,Forward,Pontefract,3,1,0,0
Anthony Starks,1896,Forward,Castleford,2,1,0,0
John Ward,1896,Forward,Castleford,3,1,0,0
Willie Whiteley,1896,Forward,Yorks,1,1,0,0
James Baron,1896,Forward,Micklethwaite,3,0,0,0
George Hughes,1896,Forward,Yorks,1,0,0,0
Edward Knowles,1896,Forward,Cumb.,2,1,0,0
Bob Poole,1896,Fullback,Hartlepool,1,0,0,0
William Ashford,1897,Forward,Devon,4,1,0,0
Francis Byrne,1897,Wing,Birmingham,1,0,0,0
Percy Ebdon,1897,Forward,Somerset,2,0,0,0
Tom Fletcher,1897,Centre,Cumberland,1,0,0,0
Frederick Jacob,1897,Forward,Kent,8,2,0,0
Roland Mangles,1897,Forward,Guildford,2,0,0,0
Robert Oakes,1897,Forward,Hartlepool,8,2,0,0
Wilfred Stoddart,1897,Forward,Liverpool,3,1,0,0
Frank Stout,1897,Forward,Gloucester,21,5,1,5
William Bunting,1897,Centre,Daventry,9,2,0,0
Samuel Northmore,1897,Fly-half,Cumberland,1,0,0,0
Tot Robinson,1897,Wing,Gateshead,8,2,8,24
John Taylor,1897,Centre,?,11,3,1,5
James Davidson,1897,Forward,?,5,2,0,0
Herbert Dudgeon,1897,Forward,Tynemouth,7,2,0,0
Osbert Mackie,1896,Centre,Wakefield,6,4,1,7
Joseph Blacklock,1898,Forward,S Shields,2,0,0,0
Philip Jacob,1898,Scrum-half,Seoni,1,0,0,0
Harry Myers,1898,Fly-half,Leeds,1,0,0,0
Richard Pierce,1898,Forward,W Derby,2,0,0,0
Frederick Shaw,1898,Forward,Huddersfield,1,0,0,0
Charles Wilson,1898,Forward,Co Cork,1,0,0,0
William Pilkington,1898,Wing,Prescot,1,0,0,0
Harold Ramsden,1898,Forward,Bingley,2,1,0,0
Arthur Rotherham,1891,Scrum-half,Coventry,8,4,0,4
Percy Royds,1898,Centre,Rochdale,3,1,1,3
James Shaw,1898,Forward,Burton,2,1,0,0
Percy Stout,1898,Centre,Gloucester,5,1,1,3
Geoffrey Unwin,1898,Fly-half,Ecclesall Bay,1,0,0,0
Robert Livesay,1898,Fly-half,Gillinghm,2,1,0,0
John Daniell,1899,Forward,Bath,7,4,0,0
Joseph Davidson,1899,Forward,Chester-le-Street,2,0,0,0
Reginald Forrest,1899,Wing,Bristol,6,2,1,3
Octopus Gamlin,1899,Fullback,Somerset,15,4,0,3
George Gibson,1899,Forward,Gateshead,6,3,0,0
Charles Harper,1899,Forward,Caistor,1,0,0,0
William Mortimer,1896,Forward,Warrington,5,3,0,0
Stanley Anderson,1899,Wing,r Tynemouth,1,0,0,0
Arthur Darby,1899,Forward,Chester,1,0,0,0
John Shooter,1899,Forward,Nottingham,4,1,0,0
Aubrey Dowson,1899,Forward,Stockport,1,0,0,0
Reginald Hobbs,1899,Forward,Tyldesley,2,0,0,0
John Matters,1899,Wing,Stoke Damerel,1,0,0,0
Reginald Schwarz,1899,Fly-half,Lewisham,3,0,0,0
Bim Baxter,1900,Forward,Cheshire,3,1,0,0
Fred Bell,1900,Forward,Cullercoates,1,0,0,0
Robert Bell,1900,Forward,Newcastle-upon-Tyne,3,1,0,0
Arthur Brettargh,1900,Centre,Cheshire,8,1,1,3
William Cobby,1900,Forward,Hull,1,0,0,0
Arthur Cockerham,1900,Forward,Bradfo,1,0,0,0
Sydney Coopper,1900,Wing,Hoo,7,1,2,6
Gerald Gordon-Smith,1900,Centre,Southampton,3,1,1,7
Wallace Jarman,1899,Forward,Towcester,5,3,0,0
George Marsden,1900,Fly-half,Morley,3,1,0,0
Elliot Nicholson,1899,Wing,W Derby,4,3,1,3
Shirley Reynolds,1900,Forward,Lahore,4,1,0,0
Charles Scott,1900,Forward,Wimbledon,4,1,0,0
Harry Alexander,1900,Forward,Cheshire,7,2,0,7
John Marquis,1900,Scrum-half,Birkenhead,2,1,0,0
Alexander Todd,1896,Forward,London,6,4,1,3
Arthur Luxmoore,1900,Forward,Hendon,2,0,0,0
Edgar Elliot,1901,Wing,Sunderland,4,0,2,6
Nigel Fletcher,1901,Forward,London,4,0,0,0
Charles Gibson,1901,Forward,Gateshead,1,0,0,0
David Graham,1901,Forward,Aspatria?,1,0,0,0
Arthur O'Neill,1901,Forward,?,3,0,0,0
Ernest Roberts,1901,Forward,Lowestoft,6,0,0,0
John Sagar,1901,Fullback,Easington,2,0,0,0
Whacker Smith,1901,Wing,Gloucester,1,0,0,0
Elliott Vivyan,1901,Wing,Stoke Damerel,4,1,3,13
Katie Walton,1901,Scrum-half,York,4,2,0,0
Charlie Hall,1901,Forward,Gloucester,2,0,0,0
Robert Wood,1901,Forward,W Derby,3,0,0,0
Norman Cox,1901,Centre,Sunderland,1,0,0,0
Charles Edgar,1901,Forward,W Derby,1,0,0,0
Jock Hartley,1901,Forward,Woodford,2,1,0,0
Toggie Kendall,1901,Scrum-half,Prescot,3,0,0,0
Bernard Oughtred,1901,Fly-half,Hartlepool,6,2,0,0
Henry Weston,1901,Forward,Potterspury,1,0,0,0
Denys Dobson,1902,Forward,Isle of Ma,10,5,3,9
George Fraser,1902,Forward,Fulham,5,2,0,0
John Jewitt,1902,Lock,Co.Durham,1,0,0,0
Philip Nicholas,1902,Wing,Monmouth,1,0,0,0
John Raphael,1902,Centre,Brussels,9,4,1,3
Leonard Tosswill,1902,Forward,Exeter,3,2,0,0
Thomas Willcocks,1902,Forward,Buckfastleigh,1,0,0,0
Samuel Williams,1902,Forward,Stoke Damerel,7,2,2,6
Peter Hardwick,1902,Forward,Tynemouth,8,3,0,0
Thomas Simpson,1902,Wing,Newcastle-upon-Tyne,11,4,3,9
Robert Bradley,1903,Forward,date unknown,1,0,0,0
Vincent Cartwright,1903,Forward,Nottingham,14,2,0,8
James Duthie,1903,Forward,Hartlepool,1,0,0,0
Frankie Hulme,1903,Halfback,Cheshire,5,1,0,0
Jack Miles,1903,Wing,Grimsby,1,0,0,0
Reginald Spooner,1903,Centre,Lancs,1,0,0,0
Walter Heppel,1903,Forward,Weston-super-Mare,1,0,0,0
Basil Hill,1903,Forward,Broughty Ferry,9,2,0,10
Edward Barrett,1903,Centre,Sy,1,0,0,0
Walter Butcher,1903,Scrum-half,Sy,7,1,0,0
Edward Dillon,1904,Centre,Kent,4,1,0,0
Patrick Hancock,1903,Fly-half,Assam,6,1,0,0
George Keeton,1904,Hooker,Peterborough,3,1,0,0
Jumbo Milton,1904,Forward,Cape Colony,5,1,0,0
Norman Moore,1904,Forward,Lewisham,3,1,2,6
Charles Newbold,1904,Hooker,Tunbridge Wells,6,1,0,0
William Cave,1903,Forward,Croydon,4,0,1,3
Thomas Gibson,1903,Forward,Gateshead,5,0,0,0
Sam Irvin,1905,Fullback,Hartlepool,1,0,0,0
John Mathias,1905,Lock,Cardigan,4,0,0,0
Francis Palmer,1905,Wing,Hereford,1,0,0,0
Walter Rogers,1905,Forward,Wilts,2,0,0,0
John Green,1905,Forward,Skipton?,8,3,0,0
William Grylls,1905,Lock,Redruth,1,0,0,0
Harry Shewring,1905,Centre,Keynsham,10,3,1,3
Christopher Stanger-Leathes,1904,Fullback,Kensington,2,1,0,0
George Vickery,1905,Forward,Chard,1,0,0,0
Curly Hammond,1905,Forward,Pontefract,8,3,0,0
Sidney Osborne,1905,Forward,Camberwell,1,0,0,0
Adrian Stoop,1905,Fly-half,Kensington,15,8,2,6
Jacky Braithwaite,1905,Scrum-half,Leeds,1,0,0,0
Dai Gent,1905,Fly-half,Llandovery,5,1,0,0
Reginald Godfray,1905,Centre,Jersey,1,0,0,0
Alfred Hind,1905,Wing,Preston,2,0,0,0
Henry Imrie,1905,Wing,Durham,2,0,1,3
John Jackett,1905,Fullback,Falmouth,16,4,0,4
Richard Russell,1905,Forward,Bingham,1,0,0,0
George Summerscale,1905,Forward,Durham,1,0,0,0
George Dobbs,1906,Flanker,Kildare,2,0,0,0
Harold Hodges,1906,Prop,Mansfield Woodhouse,2,0,0,0
Arthur Hudson,1906,Wing,Gloucester,8,4,9,27
Raphael Jago,1906,Scrum-half,Dorset,5,0,1,3
Thomas Kelly,1906,Lock,Tiverton,12,5,0,0
Alf Kewney,1906,Forward,Tynemouth,16,7,2,6
William Mills,1906,No. 8,Stoke Damerel,11,4,4,12
James Hutchinson,1906,Wing,Stockton-on-Tees,1,0,0,0
Cecil Milton,1906,Centre,Cape Colony,1,0,0,0
Joseph Sandford,1906,Centre,Devon,1,0,0,0
John Birkett,1906,Centre,Richmond,21,12,10,34
Robert Dibble,1906,Forward,Bridgwater,22,11,0,0
Darkie Peters,1906,Fly-half,Salford,5,2,2,6
Cecil Shaw,1906,Forward,Wolverhampton,6,2,0,0
Thomas Hogarth,1906,Forward,Hartlepool,1,1,1,3
Arnold Alcock,1906,Hooker,Staffs,1,0,0,0
Freddie Brooks,1906,Wing,Cape Town,1,0,1,3
Tremlett Batchelor,1907,Wing,Wirral,1,1,0,0
John Hopley,1907,Flanker,Grahamstown,3,2,0,0
Danny Lambert,1907,Wing,Cranbrook,7,3,8,46
Harry Lee,1907,Fullback,Dewsbury,1,1,0,0
Billy Nanson,1907,Forward,Carlisle,2,1,1,3
Andrew Slocock,1907,Forward,Stratford,8,3,3,9
Thomas Wedge,1907,Scrum-half,Penzance,2,1,0,0
Frank Scott,1907,Wing,WA,1,0,0,0
Jumbo Leather,1907,Forward,Leigh,1,0,0,0
Arthur Pickering,1907,Centre,Dewsbury,1,0,0,3
Walter Wilson,1907,Wing,QLD,2,0,0,0
Andrew Newton,1907,Wing,Co Down,1,0,0,0
Khaki Roberts,1907,Forward,Exeter,3,1,0,6
Sydney Start,1907,Scrum-half,Salford,1,0,0,0
Patsy Boylan,1908,Forward,Hartlepool,4,2,0,0
Ernest Chambers,1908,Forward,Hackney,3,2,0,0
Harry Havelock,1908,Flanker,Hartlepool,3,2,0,0
Walter Lapage,1908,Centre,Nantwich,4,2,2,6
Garnet Portus,1908,Fly-half,NSW,2,2,1,3
Herbert Sibree,1908,Scrum-half,Antananarivo,3,2,0,0
Alf Wood,1908,Fullback,Wolverhampton,3,2,0,8
R. Gilbert,1908,Forward,date unknown,3,1,0,0
Rupert Williamson,1908,Scrum-half,South Africa?,5,2,2,6
Jumbo Vassall,1908,Centre,Devon,4,1,0,0
Fischer Burges-Watson,1908,Forward,Portsea,2,0,1,3
Maffer Davey,1908,Fly-half,Redruth,3,0,0,0
George Lyon,1908,Fullback,Bankipore,2,0,0,0
William Oldham,1908,Forward,Coventry,3,0,0,0
Tommy Woods,1908,Forward,Bridgwater,1,0,0,0
Alec Ashcroft,1909,Fly-half,W Derby,1,0,0,0
Eric Assinder,1909,Centre,Kings Norton,2,0,0,0
Barrie Bennetts,1909,Wing,Penzance,2,0,0,0
John Cooper,1909,Forward,Birmingham,2,0,0,0
Percy Down,1908,Forward,Clifton,4,0,0,0
Frederick Knight,1909,Flanker,Devon,1,0,0,0
Edgar Mobbs,1909,Wing,Northampton,7,3,4,12
Alfred Morris,1909,Forward,Richmond,3,1,0,0
Sid Penny,1909,Forward,London,1,0,0,0
Frank Tarr,1909,Centre,Belper,4,2,2,6
Herbert Archer,1908,Forward,Bridgwater,6,2,0,0
Frank Handford,1909,Flanker,Lancs,7,3,0,0
Ernest Ibbitson,1909,Lock,Leeds,4,2,0,0
William Johns,1909,Forward,Gloucester,7,4,1,3
Charles Bolton,1909,Flanker,Kensington,1,1,0,0
Frank Hutchinson,1909,Fly-half,Wakefield,3,2,1,3
Ronald Poulton-Palmer,1909,Centre,Headington,17,14,8,28
Harold Morton,1909,Prop,Sheffield,4,2,0,0
Alexander Palmer,1909,Wing,Dunedin,2,1,2,10
Arthur Wilson,1909,Forward,Newcastle-upon-Tyne,1,1,0,0
Cyril Wright,1909,Centre,Oporto,2,1,0,0
Harold Harrison,1909,Forward,Solihull,4,3,0,4
Lancelot Barrington-Ward,1910,No. 8,Droitwich,4,3,0,0
Harry Berry,1910,Forward,Gloucester,4,3,2,6
Fred Chapman,1908,Wing,S Shields,8,6,1,20
Leonard Haigh,1910,Prop,Prestwich,7,4,0,0
Billy Johnston,1910,Fullback,Bristol,16,13,0,0
Cherry Pillman,1910,Flanker,Bromley,20,15,8,30
Fenton Smith,1910,Forward,Brighton,5,2,0,0
Bert Solomon,1910,Centre,Redruth,1,1,1,3
Leslie Hayward,1910,Centre,Cheltenham,1,0,0,0
Alan Adams,1910,Centre,Greymouth,1,1,0,0
Harry Coverdale,1910,Fly-half,Hartlepool,4,3,0,4
Reginald Hands,1910,Forward,Cape Town,2,2,0,0
Anthony Henniker-Gotley,1910,Scrum-half,Warks,6,4,0,0
John Ritson,1908,Forward,Chester-le-Street,9,7,2,6
Edward Scorfield,1910,Lock,Preston,1,1,0,0
Cyril Williams,1910,Fullback,Stroud,1,1,0,0
Norman Wodehouse,1910,Forward,Notts,14,10,2,6
Guy Hind,1908,Forward,Stoke-on-Trent,4,1,0,0
Percy Lawrie,1910,Wing,Lutterworth,2,2,1,3
Tim Stoop,1910,Centre,Kensington,4,2,0,0
Bruno Brown,1911,Prop,QLD,18,14,4,12
John King,1911,No. 8,Leeds,12,8,0,0
William Mann,1911,Forward,Edmonton,3,1,1,3
Alan Roberts,1911,Wing,Newcastle-upon-Tyne,8,5,5,15
John Scholfield,1911,Centre,Fylde,1,0,1,3
Samuel Williams,1910,Fullback,Rogerston,7,3,0,0
Ronald Lagden,1911,No. 8,Basutoland,1,1,0,4
Henry Brougham,1912,Wing,Wellington College,4,3,3,9
John Eddison,1912,Forward,Edinburgh,4,3,1,3
Dave Holland,1912,Forward,Gloucester,3,2,1,3
Alfred MacIlwaine,1912,Prop,Sculcoates,5,4,0,0
John Pym,1912,Scrum-half,Kingston,4,3,1,3
Dick Stafford,1912,Prop,Bedford,4,3,0,0
John Greenwood,1912,Forward,Lewisham,13,11,0,30
William Hynes,1912,Lock,Portsea,1,1,0,0
Maurice Neale,1910,Wing,Thornbury,4,2,1,3
William Cheesman,1913,Scrum-half,Pancras,4,3,0,0
Vincent Coates,1913,Wing,Edinburgh,5,4,6,18
Dave Davies,1913,Fly-half,Pembroke,22,20,4,24
Cyril Lowe,1913,Wing,Lincs,25,21,18,58
Sidney Smart,1913,No. 8,Gloucester,12,10,0,0
Francis Steinthal,1913,Centre,Bradford,2,2,0,0
George Ward,1913,No. 8,Leicester,6,6,0,0
Arthur Dingle,1913,Wing,Durhm,3,3,0,0
Alfred Kitching,1913,Lock,Scarborough,1,1,0,0
Francis Oakeley,1913,Scrum-half,Hereford,4,4,0,0
Joseph Brunton,1914,Lock,Tynemouth,3,3,0,0
Arthur Bull,1914,Prop,Newport Pagnell,1,1,0,0
Alfred Maynard,1914,Hooker,Kent,3,3,0,0
Tim Taylor,1914,Fly-half,Leicester,1,1,0,0
Bungy Watson,1914,Centre,Southsea,3,3,1,3
Pedlar Wood,1914,Scrum-half,Leicester,1,1,0,0
Arthur Harrison,1914,Forward,Torquay,2,2,0,0
Robert Pillman,1914,Flanker,Kent,1,1,0,0
Francis Stone,1914,No. 8,Lewisham,1,1,0,0
Alexander Sykes,1914,Forward,Birkenhead,1,1,0,0
Barry Cumberlege,1920,Fullback,Newcastle-upon-Tyne,8,6,0,2
Harold Day,1920,Wing,Darjeeling,4,0,2,16
George Halford,1920,Lock,Gloucester,2,1,0,0
Ernest Hammett,1920,Centre,Radstock,8,6,0,12
Cecil Kershaw,1920,Scrum-half,Dacca,16,13,2,6
Jannie Krige,1920,Centre,Caledon,1,0,0,0
Frank Mellish,1920,Flanker,Rondebosch,12,8,1,3
Laurence Merriam,1920,Lock,Islington,2,1,0,0
James Morgan,1920,Hooker,Cockermouth?,1,0,0,0
Wavell Wakefield,1920,Flanker,Beckenham,31,20,6,18
Jock Wright,1920,Prop,Plymouth,2,1,0,0
Geoffrey Conway,1920,No. 8,Cardiff,18,15,1,25
Wilfrid Lowry,1920,Wing,Birkenhead,1,1,0,0
Harry Millett,1920,Fullback,Islington,1,1,0,0
Alastair Smallwood,1920,Wing,Alloa,14,12,7,25
Sos Taylor,1920,Prop,Leicester,2,2,0,0
Stan Harris,1920,Wing,Somerset East,4,2,2,6
Edward Myers,1920,Centre,United States,18,15,3,13
Tom Voyce,1920,Flanker,Gloucester,29,19,6,21
Freddie Blakiston,1920,Flanker,W Derby,21,13,3,9
Tom Woods,1920,Forward,Pontypool,5,5,1,3
Reg Edwards,1921,Prop,Newport,11,8,1,3
Ernest Gardner,1921,Hooker,Cardiff,10,8,1,3
Ron Cove-Smith,1921,Lock,Edmonton,33,22,1,3
Quentin King,1921,Wing,Bedford,1,1,1,3
Len Corbett,1921,Centre,Bristol,16,11,3,15
Vivian Davies,1922,Fly-half,Bromley,2,0,0,0
Sam Tucker,1922,Hooker,Bristol,27,14,2,6
Matthew Bradby,1922,Centre,Rugby,2,1,0,0
Robert Duncan,1922,Prop,Glamorgan,3,2,0,0
John Maxwell-Hyslop,1922,Flanker,Bristol,3,2,1,3
Reg Pickles,1922,Fullback,Bristol,2,1,0,0
Leo Price,1922,Flanker,Surrey,4,4,2,6
John Middleton,1922,Fullback,Dublin,1,1,0,0
James Pitman,1922,Wing,Kensington,1,1,0,0
Peveril William-Powlett,1922,Prop,Abergavenny,1,1,0,0
Frederick Gilbert,1923,Fullback,Plymouth,2,2,0,0
William Luddington,1923,Prop,Farnham,13,10,0,16
Frank Sanders,1923,Hooker,Newton Abbot,3,3,0,0
Toff Holliday,1923,Fullback,Wigton,7,4,0,0
Harold Locke,1923,Centre,Birkenhead,12,9,1,3
Carston Catcheside,1924,Wing,Sunderland,8,5,6,18
Bunny Chantrill,1924,Fullback,Barton Regis,4,4,0,0
Jake Jacob,1924,Wing,Elham,5,5,4,12
Alan Robson,1924,Hooker,Lanark,5,4,0,0
Arthur Young,1924,Scrum-half,Darjeeling,19,12,2,6
Chubby Faithfull,1924,Prop,Fareham,3,2,0,0
Richard Hamilton-Wickes,1924,Wing,Uxbridge,10,4,4,12
Jim Brough,1925,Fullback,Silloth,2,1,0,0
John Gibbs,1925,Wing,Bromley,7,4,2,6
Ronald Hillard,1925,Prop,Durham,1,0,0,0
Harold Kittermaster,1925,Fly-half,Uppingham,7,2,3,9
Rex Armstrong,1925,Prop,Newcastle-upon-Tyne,1,1,0,3
Edward Massey,1925,Scrum-half,W Derby,3,1,0,0
Joe Periton,1925,Flanker,Belfast,21,12,6,18
Richard Lawson,1925,No. 8,Workington,1,0,0,0
Roderick MacLennan,1925,Prop,Glasgow,3,1,0,0
Duncan Cumming,1925,No. 8,Blackburn,2,1,0,0
Stanley Considine,1925,Wing,Bilasur,1,1,0,0
Alfred Aslett,1926,Centre,Calcutta,6,2,2,6
Hyde Burton,1926,Wing,Bishop's Stortford,1,0,0,0
Tim Francis,1926,Centre,Uitenhage,4,1,0,8
Bob Hanvey,1926,Prop,Wigton,4,1,0,0
Edward Stanbury,1926,Flanker,Plympton,16,9,0,13
John Worton,1926,Scrum-half,Fulham,2,1,0,0
Thomas Devitt,1926,Wing,Surrey,4,3,0,0
Leslie Haslett,1926,Lock,Pontypool,2,1,1,3
Bill Tucker,1926,No. 8,1903,3,1,0,0
James Webb,1926,No. 8,Northampton,3,1,1,3
Thomas Coulson,1927,No. 8,Bristol,3,3,0,0
Jerry Hanley,1927,Flanker,Cork,7,5,1,3
Colin Laird,1927,Fly-half,London,10,8,5,15
Monkey Sellar,1927,Fullback,Lewisham,7,6,0,0
Kendrick Stark,1927,Prop,Edmonton,9,7,0,5
Harry Davies,1927,Flanker,Stockport,1,1,0,0
Wallace Eyres,1927,No. 8,Barton Regis,1,1,0,0
Douglas Law,1927,Prop,Huddersfield,1,1,0,0
William Pratten,1927,Lock,Lewisham,2,0,0,0
William Alexander,1927,Wing,?,1,0,0,0
Colin Bishop,1927,Fly-half,Hampstead,1,0,0,0
Ralph Buckingham,1927,Centre,Blaby,1,0,0,0
Jack Wallens,1927,Fullback,Birkenhead,1,0,0,0
Carl Aarvold,1928,Centre,Hartlepool,21,10,7,21
William Kirwan-Taylor,1928,Wing,Surrey,5,5,2,6
Thomas Lawson,1928,No. 8,Cockermouth,2,2,0,0
James Richardson,1928,Centre,Cheshire,5,5,1,23
David Turquand-Young,1928,Lock,London,5,3,0,0
Godfrey Palmer,1928,Wing,Steyning,3,3,2,6
Doug Prentice,1928,No. 8,Leicester,5,3,0,6
Robert Sparks,1928,Prop,E Stonehouse,9,4,0,0
Thomas Brown,1928,Fullback,Bristol,9,5,0,0
Roy Foulds,1929,No. 8,W Derby,2,1,0,0
Geoffrey Sladen,1929,Centre,Reigate,3,1,0,0
Robert Smeddle,1929,Wing,Leeds,4,1,2,6
Jack Swayne,1929,No. 8,Musoorie,1,1,0,0
Herbert Whitley,1924,Scrum-half,Morpeth,4,1,0,0
Harry Wilkinson,1929,Flanker,Halifax,4,2,2,6
Guy Wilson,1929,Wing,Leigh,2,1,0,4
Thomas Harris,1929,No. 8,Northampton,2,1,0,0
Stephen Meikle,1929,Fly-half,West Derby,1,0,1,3
Tony Novis,1929,Wing,1906,10,4,6,18
Henry Rew,1929,Prop,Exeter,14,6,0,0
Edward Richards,1929,Scrum-half,E Stonehouse,2,1,0,0
Eric Coley,1929,No. 8,Northampton,2,1,1,3
Charles Gummer,1929,No. 8,Surrey,1,1,1,3
Sam Martindale,1929,Lock,Kendal,2,1,0,0
Jim Reeve,1929,Wing,Kensington,12,4,6,18
Roger Spong,1929,Fly-half,Barnet,13,4,0,0
John Askew,1930,Fullback,Gateshead,3,2,0,0
Alfred Bateson,1930,Prop,Yorks,4,2,0,0
Brian Black,1930,Lock,1907,15,4,2,34
Jeff Forrest,1930,Lock,Barnet,10,4,0,2
Peter Howard,1930,No. 8,Maidenhead,8,2,0,0
Joe Kendrew,1930,Prop,Barnstaple,10,5,0,2
Frank Malir,1930,Centre,1905,3,1,0,0
Matthew Robson,1930,Centre,Bellingham,4,2,1,3
Wilf Sobey,1930,Scrum-half,1905,5,2,0,0
Alan Key,1930,Scrum-half,Amersham,2,0,0,0
Peter Brook,1930,Flanker,Thornton Heath,3,1,0,0
John Hubbard,1930,Fullback,Woolwich,1,0,0,0
Christopher Tanner,1930,Wing,Cheltenham,5,2,1,3
Jimmy Barrington,1931,Fly-half,Bridgwater,2,0,0,0
Lawrence Bedford,1931,Fullback,Leeds,2,0,0,0
Maurice Bonaventura,1931,Prop,?,1,0,0,0
Don Burland,1931,Centre,Bristol,8,3,3,23
Richard Davey,1931,Flanker,Paddington,1,0,0,0
Maurice McCanlis,1931,Centre,Quetta,2,0,0,0
Brian Pope,1931,Scrum-half,Barnet,3,0,0,0
Deneys Swayne,1931,Flanker,?,1,0,0,0
Tinny Dean,1931,Scrum-half,Lewisham,1,0,0,0
Pop Dunkley,1931,No. 8,Daventry,6,2,0,0
Gordon Gregory,1931,Hooker,Taunton,13,6,0,4
Ernest Harding,1931,No. 8,Mile End,1,0,0,0
Cliff Harrison,1931,Wing,Hartlepool,2,0,0,0
Peter Hordern,1931,Flanker,Berkhampstead,4,1,0,0
Tom Knowles,1931,Fly-half,W Bromwich,1,0,0,0
John Tallent,1931,Centre,Bromley,5,1,3,9
Eric Whiteley,1931,Fullback,Croydon,2,0,0,0
Bobby Barr,1932,Fullback,Blisworth,3,1,0,2
Alfred Carpenter,1932,Prop,Mitcheldean,1,0,0,0
Ronald Gerrard,1932,Centre,1912,14,8,0,0
Reginald Hobbs,1932,Lock,Elham,4,2,0,0
John Hodgson,1930,Flanker,Gosforth,9,5,0,0
Doug Norman,1932,Hooker,Leicester,2,0,0,0
Arthur Rowley,1932,No. 8,Coventry,1,0,0,0
Les Saxby,1932,Flanker,Bradfield,2,0,0,0
Charles Webb,1932,Lock,Plymouth,12,5,0,0
Barney Evans,1932,Prop,Kent,5,3,0,0
Walter Elliot,1932,Fly-half,Birkenhead,7,5,1,3
Bernard Gadney,1932,Scrum-half,Oxford,14,9,1,3
Reginald Roberts,1932,Hooker,Coventry,1,1,0,0
Arthur Vaughan-Jones,1932,Flanker,Pontarddulais,3,2,0,0
Ray Longland,1932,Prop,Lavendon,19,11,0,0
Reggie Bolton,1933,Flanker,Prescot,5,3,2,6
Lewis Booth,1933,Wing,Leeds,7,3,3,9
Anthony Roncoroni,1933,Lock,Hendon,3,1,0,0
Edward Sadler,1933,Flanker,Colchester,2,1,1,3
Carlton Troop,1933,No. 8,Malton,2,1,0,0
William Weston,1933,Flanker,Potterspury,16,10,0,0
Peter Cranmer,1934,Centre,BHam,16,10,1,14
John Dicks,1934,Lock,Nthants,8,6,0,0
Henry Fry,1934,Flanker,W Derby,3,3,2,6
Graham Meikle,1934,Wing,Waterloo,3,3,4,12
Tuppy Owen-Smith,1934,Fullback,Rondebosch,10,8,0,0
Tim Warr,1934,Wing,Birmingham,2,2,1,3
John Wright,1934,Lock,Salop,1,1,0,0
Charles Slow,1934,Fly-half,Northampton,1,1,0,0
Harold Boughton,1935,Fullback,Gloucester,3,1,0,14
Peter Candler,1935,Fly-half,Exeter,10,5,2,6
Allan Clarke,1935,Lock,Coventry,6,2,0,0
Arthur Cridlan,1935,Flanker,Ealing,3,1,0,0
Jimmy Giles,1935,Scrum-half,Coventry,8,5,2,6
Jack Heaton,1935,Centre,Lancs,9,5,0,17
Dudley Kemp,1935,No. 8,Isle of Wight,1,0,0,0
Roy Leyland,1935,Wing,Astley,3,1,0,0
Ernie Nicholson,1935,Hooker,Long Ashton,5,2,0,0
Arthur Payne,1935,No. 8,Bristol,2,1,0,0
Dick Auty,1935,Fly-half,Yorks,1,0,0,0
Edward Hamilton-Hill,1936,Flanker,Peterborough,3,1,0,0
Alexander Obolensky,1936,Wing,Petrograd,4,2,2,6
Hal Sever,1936,Wing,Bucklow,10,6,5,19
Harold Wheatley,1936,Prop,Coventry,7,3,0,0
Herbert Toft,1936,Hooker,Salford,10,7,0,0
Arthur Butler,1937,Wing,Oxford,2,2,1,3
David Campbell,1937,Flanker,NSW,2,2,0,0
Thomas Huskisson,1937,Lock,Richmond,8,6,0,0
Tommy Kemp,1937,Fly-half,Bolton,5,3,0,0
Dermot Milman,1937,No. 8,Kent,4,2,0,0
Robin Prescott,1937,Prop,Paddington,6,5,1,3
Arthur Wheatley,1937,Lock,Coventry,5,3,0,0
John Cook,1937,Flanker,Beds,1,1,0,0
Jeff Reynolds,1937,Fly-half,Canton,5,2,1,7
Jimmy Unwin,1937,Wing,Essex,6,2,3,9
Hubert Freakes,1938,Fullback,Durban,3,1,0,2
Basil Nicholson,1938,Centre,Lewisham,3,1,1,3
Mike Marshall,1938,No. 8,Yorkshire,5,3,1,3
Grahame Parker,1938,Fullback,Gloucester,2,1,0,24
Alan Brown,1938,Flanker,St Helens,1,0,0,0
Tom Berry,1939,Flanker,Slawston,3,2,0,0
Robert Carr,1939,Wing,Backlow,3,2,0,0
Paul Cooke,1939,Scrum-half,Marylebone,2,1,0,0
Dickie Guest,1939,Wing,Prescot,13,7,5,15
George Hancock,1939,Centre,Wirral,3,2,0,0
Derek Teden,1939,Prop,Edmonton,3,2,1,3
Gus Walker,1939,Fly-half,Garforth,2,1,0,0
John Watkins,1939,Flanker,Taunton,3,2,0,0
Jack Ellis,1939,Scrum-half,Leeds,1,1,0,0
Ernest Parsons,1939,Fullback,Christchurch,1,1,0,0
Billy Bennett,1947,Centre,Putney,7,3,1,3
Arthur Gray,1947,Fullback,Leeds,3,2,0,2
Nim Hall,1947,Fly-half,Huddersfield,17,9,0,39
Alan Henderson,1947,Hooker,Kirkintilloch,9,3,1,3
Geoffrey Kelly,1947,Prop,Royston,4,2,0,0
Bill Moore,1947,Scrum-half,Leicester,7,4,0,0
Joe Mycock,1947,Lock,Lancs,5,3,0,0
Sam Perry,1947,Lock,Isle of Wight,7,1,0,0
Edward Scott,1947,Centre,Cornwall,5,1,0,0
Micky Steele-Bodger,1947,Flanker,Tamworth,9,3,0,0
David Swarbrick,1947,Wing,Tynemouth,6,2,0,0
Jika Travers,1947,Flanker,Waverley,6,3,0,4
Harry Walker,1947,Prop,Aston,9,3,0,0
Don White,1947,Flanker,Northants,14,8,2,6
Squib Donnelly,1947,Centre,Ngaruawahia,1,0,0,0
James George,1947,Lock,Falmouth,3,2,0,0
Cyril Holmes,1947,Wing,Bolton,3,1,1,3
Ossie Newton-Thompson,1947,Scrum-half,Paddington,2,2,0,0
Bob Weighill,1947,No. 8,Kings Norton,4,2,0,0
George Gibbs,1947,Prop,1920,2,1,0,0
Syd Newman,1947,Fullback,Pretoria,3,1,0,3
Vic Roberts,1947,Flanker,Penryn,16,7,2,6
Eric Evans,1948,Hooker,Droylsden,30,17,5,15
John Keeling,1948,Hooker,Cairo,2,0,0,0
Richard Madge,1948,Scrum-half,Exeter,4,0,0,0
Douglas Vaughan,1948,No. 8,Wrexham,8,2,0,0
Humphrey Luya,1948,Lock,W Derby,5,0,0,0
Ivor Preece,1948,Fly-half,Coventry,13,3,0,3
Dick Uren,1948,Fullback,West Kirby,4,1,0,7
Thomas Price,1948,Prop,?,6,2,0,0
Martin Turner,1948,Wing,Croydon,2,0,0,0
Lewis Cannell,1948,Centre,Coventry,19,9,2,6
Patrick Sykes,1948,Scrum-half,Vancouver,7,5,0,0
Allan Towell,1948,Centre,Middlesbrough,2,1,0,0
Mike Berridge,1949,Prop,Huntingdon,2,0,0,0
Bryan Braithwaite-Exley,1949,No. 8,Wetherby,1,0,0,0
Tom Danby,1949,Wing,Durham,1,0,0,0
Jack Gregory,1949,Wing,Bristol,1,0,0,0
Barry Holmes,1949,Fullback,Buenos Aires,6,2,0,4
Edward Horsfall,1949,Flanker,Huddersfield,1,0,0,0
Geoffrey Hosking,1949,Lock,St Thomas,5,2,1,3
Gordon Rimmer,1949,Scrum-half,Southport,13,3,0,0
Clive van Ryneveld,1949,Centre,Cape Town,4,2,3,9
John Kendall-Carpenter,1949,No. 8,Cardiff,23,12,1,3
Robert Kennedy,1949,Wing,Rhodesia,3,2,1,3
John Matthews,1949,Lock,Hastings,10,6,0,0
John Steeds,1949,Hooker,Edmonton,5,3,0,0
Brian Boobbyer,1950,Centre,Ealing,9,4,2,6
Ian Botting,1950,Wing,Dunedin,2,1,0,0
John Cain,1950,Flanker,W Derby,1,0,0,0
Murray Hofmeyer,1950,Fullback,Pretoria,3,0,0,7
Wally Holmes,1950,Prop,Nuneaton,16,8,0,0
Herbert Jones,1950,Lock,Barnstaple?,3,1,0,0
Harry Small,1950,Flanker,1922,4,1,0,0
John Smith,1950,Wing,Stroud,4,1,4,12
Akker Adkins,1950,Lock,Coventry,7,4,1,3
John Hyde,1950,Wing,Wellingborough,2,0,0,0
John Baume,1950,Prop,Dewsbury,1,0,0,0
Jasper Bartlett,1951,Lock,Birmingham,1,0,0,0
Ted Hewitt,1951,Fullback,Coventry,3,0,0,2
Philip Moore,1951,No. 8,1921,1,0,0,0
Lionel Oakley,1951,Centre,Dacca,1,0,0,0
George Rittson-Thomas,1951,Flanker,Cardiff,3,0,1,3
Trevor Smith,1951,Hooker,Bedford,1,0,0,0
Bob Stirling,1951,Prop,Lichfield,18,10,1,3
Vic Tindall,1951,Wing,Kingsclere,4,1,0,0
Squire Wilkins,1951,Lock,Leeds,13,7,0,0
Peter Woodruff,1951,Wing,Newport,4,1,0,0
Evan Hardy,1951,Fly-half,Meerut,3,1,0,0
Bruce Neale,1951,Lock,Chelsea,3,1,0,0
John Williams,1951,Centre,Penzance,2,1,0,0
William Hook,1951,Fullback,Gloucester,3,1,0,2
Dennis Shuttleworth,1951,Scrum-half,Leeds,2,2,0,0
Albert Agar,1952,Centre,Hartlepool,7,4,1,6
Alec Lewis,1952,Flanker,Brighton,10,6,0,0
Chris Winn,1952,Wing,Beckenham,8,5,3,9
Ted Woodward,1952,Wing,Wycombe,15,8,6,21
Elliott Woodgate,1952,Prop,Totnes,1,0,0,0
Philip Collins,1952,Fullback,Redruth,3,3,0,0
Reginald Bazley,1952,Wing,Barrow-in-Furness,10,6,2,6
Nick Labuschagne,1953,Hooker,Durban,5,2,0,0
Martin Regan,1953,Fly-half,St Helens,12,8,1,3
Jeff Butterfield,1953,Centre,Heckmondwike,32,18,8,27
Tug Wilson,1953,Flanker,Wilderness,8,5,4,12
Phil Davies,1953,Centre,Worcs,14,7,1,3
Reg Higgins,1954,Flanker,Lancs,14,9,2,6
Ian King,1954,Fullback,Leyburn,3,2,0,5
Pat Quinn,1954,Centre,Lancs,5,3,0,0
Sandy Sanders,1954,Prop,Fulham,9,5,0,0
Peter Yarranton,1954,Lock,Acton,5,3,0,0
Peter Young,1954,Lock,Bristol,9,4,1,3
John Bance,1954,Lock,Kingsclere,1,1,0,0
Nigel Gibbs,1954,Fullback,1922,2,1,0,4
Vic Leadbetter,1954,No. 8,Kettering,2,1,0,0
Ernie Robinson,1954,Hooker,?,4,2,0,0
Johnny Williams,1954,Scrum-half,Leeds N,9,3,1,3
Doug Baker,1955,Fly-half,Canary Is,6,2,0,3
William Hancock,1955,Lock,Monmouth,2,0,0,0
George Hastings,1955,Prop,Dursley,13,8,1,11
David Hazell,1955,Prop,Taunton,4,1,0,9
Peter Ryan,1955,Flanker,Bucklow,2,0,0,0
Noddy Taylor,1955,No. 8,Wakefield,6,1,0,0
Ian Beer,1955,No. 8,Croydon,2,1,1,3
Harry Scott,1955,Fullback,Yorks,1,0,0,0
Frank Sykes,1955,Wing,Yorks,4,1,1,3
Noel Estcourt,1955,Fullback,South Rhodesia,1,1,0,0
Fenwick Allison,1956,Fullback,Tynemouth,7,3,0,15
Ned Ashcroft,1956,No. 8,St Helens,18,11,1,3
John Currie,1956,Lock,Clifton,25,14,0,16
Peter Jackson,1956,Wing,Birmingham,25,15,8,24
Ron Jacobs,1956,Prop,Cambs,29,14,0,0
Dickie Jeeps,1955,Scrum-half,Chesterton,37,17,0,0
David Marques,1956,Lock,Ware,25,14,1,3
Peter Robbins,1956,Flanker,Coventry,19,11,0,0
Mike Smith,1956,Fly-half,Leicester,1,0,0,0
Peter Thompson,1956,Wing,Scarborough,17,10,5,15
Ricky Bartlett,1957,Fly-half,Kingston,7,6,0,0
Bob Challis,1957,Fullback,Long Ashton,3,3,0,10
Phil Horrocks-Taylor,1958,Fly-half,Halifax,10,2,0,3
Ronald Syrett,1958,Flanker,Amersham,11,7,1,3
Jim Hetherington,1958,Fullback,Brighton,6,3,0,9
Malcolm Phillips,1958,Centre,Prestbury,25,11,5,15
John Young,1958,Wing,Chester,10,4,3,9
Alfred Herbert,1958,Flanker,Stroud,6,2,0,0
John Scott,1958,Fullback,?,1,1,0,0
Gordon Bendon,1959,Prop,Lambeth,4,1,0,0
Bev Risman,1959,Fly-half,Salford,12,4,2,18
Stephen Smith,1959,Scrum-half,1934,5,1,0,0
John Wackett,1959,Hooker,Hatfield,2,1,0,0
Larry Webb,1959,Prop,VIC,4,1,0,0
Brian Wightman,1959,No. 8,Birmingham,5,1,0,0
Jeff Clements,1959,Flanker,Wincanton,3,1,0,0
Herbert Godwin,1959,Hooker,Abergavenny,11,2,1,3
Stan Hodgson,1960,Hooker,Durham,11,4,0,0
William Morgan,1960,No. 8,Monmouth,9,4,0,0
James Roberts,1960,Wing,?,18,8,6,18
Don Rutherford,1960,Fullback,Tynemouth,15,5,0,41
Richard Sharp,1960,Fly-half,Mysore,16,7,2,29
Mike Weston,1960,Centre,Durham,35,13,1,6
Peter Wright,1960,Prop,Glanford,13,5,0,0
Bill Patterson,1959,Centre,Newcastle-upon-Tyne,3,1,0,0
Laurie Rimmer,1961,Flanker,Liverpool S,5,1,0,0
Ray French,1961,Lock,St Helens,4,1,0,0
Mike Gavins,1961,Fullback,Leeds,1,0,0,0
John Price,1961,Lock,?,1,0,0,0
Budge Rogers,1961,Flanker,Bedford,36,10,3,9
John Willcox,1961,Fullback,Sutton Coldfield,19,6,0,22
Victor Harding,1961,Lock,Southwark,6,2,1,3
Philip Judd,1962,Prop,Coventry,22,5,0,0
Martin Underwood,1962,Wing,Kidderminster,5,1,0,0
Mike Wade,1962,Centre,Leicester,3,1,1,3
John Dee,1962,Centre,Hartlepool,2,0,0,0
Andy Hurst,1962,Wing,Cairo,1,0,0,0
Thomas Pargetter,1962,Lock,Stratford,3,1,0,0
Stanley Purdy,1962,Flanker,Rugby,1,0,0,0
Simon Clarke,1963,Scrum-half,Westcliff,13,4,1,3
Mike Davis,1963,Lock,Lichfield,16,5,0,0
Beverley Dovey,1963,Prop,Forest of Dean,2,1,0,0
Nick Drake-Lee,1963,Prop,Kettering,8,3,1,3
Dick Manley,1963,Flanker,Exeter,4,3,0,0
John Owen,1963,Lock,Sutton Coldfield,14,4,1,3
John Thorne,1963,Hooker,Bristol,3,2,0,0
David Perry,1963,No. 8,SE Surrey,15,3,2,6
Tug Wilson,1963,Prop,Newark,1,1,0,0
Roger Hosen,1963,Fullback,Cornwall,10,3,0,63
Victor Marriott,1963,Flanker,Battersea,4,0,0,0
John Ranson,1963,Wing,Durham,7,1,2,6
Roger Sangwin,1964,Centre,Holderness,2,0,0,0
Peter Ford,1964,Flanker,Gloucester,4,1,0,0
Bob Rowell,1964,Lock,Corbridge,2,0,0,0
Tom Brophy,1964,Fly-half,Liverpool,8,1,0,0
Colin Payne,1964,Lock,Edmonton,10,2,1,3
Thomas Peart,1964,No. 8,Hartlepool,2,1,0,0
Frederick Wrench,1964,Prop,Northwich,2,1,0,0
Geoffrey Frankcom,1965,Centre,Bathavon,4,1,0,0
Tony Horton,1965,Prop,Brentford,10,1,0,0
Stephen Richards,1965,Hooker,W Kirby,9,3,0,0
David Rosser,1965,Centre,Portsmouth,5,1,0,0
Ted Rudd,1965,Wing,Liverpool,6,0,0,0
Nicholas Silk,1965,Flanker,Lewes,4,1,0,0
Colin Simpson,1965,Wing,Ipswich,1,0,0,0
Peter Cook,1965,Wing,High Wycombe,2,1,0,0
Andy Hancock,1965,Wing,Dartford,3,1,1,3
Terence Arthur,1966,Centre,Hartlepool,2,0,0,0
Piggy Powell,1966,Prop,Rugby,11,3,0,0
John Pullin,1966,Hooker,Thornbury,49,15,1,3
Keith Savage,1966,Wing,Warwick,17,3,1,3
Jeremy Spencer,1966,Scrum-half,?,1,0,0,0
Bob Taylor,1966,Flanker,Northampton,20,6,2,6
Clive Ashby,1966,Scrum-half,Mozambique,3,0,1,3
Dick Greenwood,1966,Flanker,Macclesfield,5,0,1,3
Colin McFadyean,1966,Centre,Tavistock,15,2,5,18
William Treadwell,1966,Hooker,Brentford,3,0,0,0
Bob Hearn,1966,Centre,Cheltenham,6,2,0,0
George Sherriff,1966,No. 8,Stepney,3,0,0,0
Trevor Wintle,1966,Scrum-half,Forest of Dean,5,2,0,0
Mike Coulman,1967,Prop,Stafford,10,3,1,3
Peter Glover,1967,Wing,York,3,0,0,0
Christopher Jennins,1967,Centre,Runcorn,3,1,0,0
Peter Larter,1967,Lock,Totnes,25,7,1,6
John Barton,1967,Lock,?,4,1,2,6
John Finlan,1967,Fly-half,Warwick,13,4,0,9
John Pallant,1967,No. 8,Nottingham,3,2,0,0
Roger Pickering,1967,Scrum-half,Birmingham,6,3,0,0
Dave Rollitt,1967,No. 8,Barnsley,11,5,1,3
Dave Watt,1967,Lock,Bristol,4,2,0,0
Rod Webb,1967,Wing,Newbold-on-Avon,12,4,2,6
William Gittings,1967,Scrum-half,Coventry,1,0,0,0
Bob Lloyd,1967,Centre,Plympton,5,1,2,6
Peter Bell,1968,Flanker,Wandsworth,4,1,0,0
David Gay,1968,No. 8,Bath,4,1,0,0
Bob Hiller,1968,Fullback,Woking,19,6,3,138
Brian Keen,1968,Prop,Bury St Edmunds,4,1,0,0
Jim Parsons,1968,Lock,Chipping Norton,4,1,0,0
Derek Prout,1968,Wing,Launceston,2,0,0,0
Bill Redwood,1968,Scrum-half,Bristol,2,0,1,3
Bryan West,1968,Flanker,Northampton,8,3,0,0
Terence Brooke,1968,Centre,NE Surrey,2,1,0,0
David Duckham,1969,Wing,Coventry,39,12,10,36
Keith Fairbrother,1969,Prop,Coventry,12,5,0,0
Keith Fielding,1969,Wing,Birmingham,10,4,1,3
Nigel Horton,1969,Lock,Birmingham,20,7,1,4
John Spencer,1969,Centre,Staincliffe,14,5,2,6
Timothy Dalton,1969,,Warwick,1,1,0,0
Ken Plummer,1969,Wing,Falmouth,4,0,0,0
Tony Bucknall,1969,Flanker,Torquay,10,3,0,0
Peter Hale,1969,Wing,Birmingham,3,2,0,0
Roger Shackleton,1969,Fly-half,Yorks,4,2,1,3
Nigel Starmer-Smith,1969,Scrum-half,Cheltenham,7,2,0,0
Stack Stevens,1969,Prop,Cornwall,25,9,2,8
Chris Wardlow,1969,Centre,Carlisle,6,2,0,0
John Novak,1970,Wing,Stratford-upon-Avon,3,0,1,3
Mike Bulpitt,1970,Wing,Yorks,1,0,0,0
Barry Jackson,1970,Prop,Manchester N?,2,0,0,0
Tony Jorden,1970,Fullback,Herts,7,3,0,22
Mike Leadbetter,1970,Lock,Southport,1,0,0,0
Gerry Redmond,1970,No. 8,Weston,1,0,0,0
Charlie Hannaford,1971,No. 8,Gloucester,3,1,1,3
Jeremy Janion,1971,Wing,Bishop's Stortford,12,3,0,0
Tony Neary,1971,Flanker,Manchester,44,15,5,19
Barry Ninnes,1971,Lock,St Ives,1,0,0,0
Jacko Page,1971,Scrum-half,Brighton,5,2,0,0
Peter Rossborough,1971,Fullback,Coventry,7,2,1,34
Ian Wright,1971,Fly-half,Croydon,4,1,0,0
Fran Cotton,1971,Prop,Wigan,38,17,1,4
Dick Cowman,1971,Fly-half,Workington,5,0,0,6
Christopher Ralston,1971,Lock,Hendon,23,7,1,4
Roger Creed,1971,Flanker,Solihull,1,0,0,0
Peter Dixon,1971,Flanker,Yorks,25,8,5,19
Mike Beese,1972,Centre,Bristol,3,0,1,4
Alan Brinn,1972,Lock,Rhondda,3,0,0,0
Mike Burton,1972,Prop,Maidenhead,17,4,0,0
Alan Old,1972,Fly-half,Middlesbrough,16,4,1,98
Andy Ripley,1972,No. 8,S Liverpool,24,8,2,8
Jan Webster,1972,Scrum-half,Southport,11,3,0,0
Peter Knight,1972,Fullback,Bristol,3,1,0,0
Lionel Weston,1972,Scrum-half,Wenlock,2,0,0,0
Nick Martin,1972,Lock,Cambridge,1,0,0,0
Geoff Evans,1972,Centre,Coventry,9,4,1,7
Sam Doble,1972,Fullback,Wolverhampton,3,1,0,20
Alan Morley,1972,Wing,Bristol,7,2,2,8
Peter Preece,1972,Centre,Meriden,12,4,0,0
John Watkins,1972,Flanker,Gloucester,7,3,0,0
Frank Anderson,1973,Prop,Ormskirk,1,0,0,0
Peter Warfield,1973,Centre,Lincs,6,1,0,0
Steve Smith,1973,Scrum-half,Stockport,28,13,2,8
Roger Uttley,1973,Lock,Blackpool,27,15,3,12
Martin Cooper,1973,Fly-half,Burton-on-Trent,11,6,1,4
Peter Squires,1973,Wing,Yorks,30,12,6,24
David Roughley,1973,Centre,Warrington,3,1,0,0
Keith Smith,1974,Centre,Leeds,4,2,0,0
Dusty Hare,1974,Fullback,Newark,25,11,2,240
Bill Beaumont,1975,Lock,Preston,41,16,0,0
Peter Wheeler,1975,Hooker,S Norwood,48,19,0,0
Neil Bennett,1975,Fly-half,IOM,7,2,2,23
Peter Butler,1975,Fullback,Gloucester,2,0,0,10
Peter Kingston,1975,Scrum-half,Lydney?,5,1,0,0
Neil Mantell,1975,Lock,Reigate,1,0,0,0
Andy Maxwell,1975,Centre,W Kirby,7,1,1,4
Barry Nelmes,1975,Prop,Bristol,6,2,1,4
Alan Wordsworth,1975,Fly-half,Thornton Heath,1,0,0,0
Alastair Hignell,1975,Fullback,Cambs,14,4,0,48
Bob Wilkinson,1975,Lock,Luton,6,1,0,0
Barry Corless,1976,Centre,Norfolk,10,5,1,4
Mark Keyworth,1976,Flanker,Bridgnorth,4,1,0,0
Mike Lampkowski,1976,Scrum-half,Scunthorpe,4,1,1,4
David Cooke,1976,Centre,1949,4,0,0,0
Derek Wyatt,1976,Wing,Woolwich,1,0,0,0
Garry Adey,1976,No. 8,Loughborough,2,0,0,0
Mike Slemen,1976,Wing,Liverpool,32,15,8,32
Christopher Williams,1976,Fly-half,?,1,0,0,0
Robin Cowling,1977,Prop,Ipswich,8,2,0,0
Charles Kent,1977,Centre,Bridgwater,5,2,1,4
Mike Rafter,1977,Flanker,Bristol,17,6,0,0
Malcolm Young,1977,Scrum-half,NHumberlnd,10,4,1,15
John Scott,1978,No. 8,Exeter,34,14,1,4
Paul Dodge,1978,Centre,Leicester,34,15,1,15
John Horton,1978,Fly-half,St Helens,13,6,0,12
Bob Mordell,,Flanker,Twickenham,1,0,0,0
David Caplan,1978,Fullback,Leeds,2,2,0,0
Maurice Colclough,1978,Lock,Oxford,33,15,1,4
Tony Bond,1978,Centre,Manchester,6,1,0,0
Gary Pearce,1979,Prop,Bucks,36,12,0,0
Richard Cardus,1979,Centre,Leeds,2,1,0,0
Colin Smart,1979,Prop,Highbury,17,7,0,0
John Carleton,1979,Wing,Orrell,32,13,7,28
Les Cusworth,1979,Fly-half,Normanton,12,4,0,12
Nick Preston,1979,Centre,Prestwich,3,2,1,4
Phil Blakeway,1980,Prop,Cheltenham,19,11,0,0
Clive Woodward,1980,Centre,Cambs,23,12,4,16
David Cooke,1981,Flanker,QLD,12,5,0,0
Austin Sheppard,1981,Prop,Bristol,2,0,0,0
Huw Davies,1981,Fly-half,Eastbourne,21,7,4,16
Nick Jeavons,1981,Flanker,Calcutta,14,6,1,4
Bob Hesford,1981,No. 8,Blackpool,10,5,0,0
Marcus Rose,1981,Fullback,Loughborough,10,3,2,82
Gordon Sargent,1981,Prop,Gloucester,1,1,0,0
John Fidler,1981,Lock,Cheltenham,4,1,0,0
Steve Mills,1981,Hooker,Cirencester,5,1,0,0
Tony Swift,1981,Wing,Preston,6,1,0,0
Peter Winterbottom,1982,Flanker,Leeds,65,32,3,13
Nick Stringer,1982,Fullback,Harrow,5,3,0,0
Jim Syddall,1982,Lock,Barton,2,0,0,0
Steve Bainbridge,1982,"Lock, No. 8",Newcastle-upon-Tyne,20,7,0,0
Stephen Boyle,1983,Lock,Warrington,3,0,0,0
David Trick,1983,Wing,Dartford,2,0,0,0
Nick Youngs,1983,Scrum-half,Norfolk,6,2,0,0
Paul Simpson,1983,Flanker,Leeds,3,1,0,0
Colin White,1983,Prop,Newcastle-upon-Tyne,4,2,0,0
Jon Hall,1984,Flanker,Bath,21,7,2,8
Bryan Barley,1984,Centre,Wakefield,7,2,1,4
Rory Underwood,1984,Wing,Middlesbrough,91,58,50,215
Steve Redfern,1984,Prop,Leicester,1,1,0,0
Andy Dun,1984,Flanker,Bristol,1,0,0,0
Paul Rendall,1984,Prop,London,28,14,0,0
Mark Bailey,1984,Wing,Castleford,7,4,1,4
Chris Butcher,1984,Flanker,Karachi,3,0,0,0
Richard Hill,1984,Scrum-half,Birmingham,29,16,2,8
John Palmer,1984,Centre,1957,3,1,0,0
Malcolm Preedy,1984,Prop,Gloucester,1,0,0,0
Steve Brain,1984,Hooker,Stafford,13,4,0,0
Gary Rees,1984,Flanker,Derbys,23,13,2,8
Stuart Barnes,1984,Fly-half,Essex,10,3,0,34
Gareth Chilcott,1984,Prop,Bristol,14,8,0,0
Rob Lozowski,1984,Centre,Ealing,1,0,0,0
Nigel Melville,1984,Scrum-half,Leeds,13,4,0,0
Nigel Redman,1984,Lock,Cardiff,20,12,1,4
Rob Andrew,1985,Fly-half,Yorks,76,53,2,407
Wade Dooley,1985,Lock,Warrington,57,35,3,12
Richard Harding,1985,Scrum-half,Bristol,12,7,1,4
John Orwin,1985,Lock,Bradford,14,5,0,0
Kevin Simms,1985,Centre,Prescot,15,4,1,4
Simon Smith,1985,Wing,Baldock,9,3,3,12
Chris Martin,1985,Fullback,Truro,4,1,0,0
Mike Teague,1985,Flanker,Gloucester,30,19,3,12
Mike Harrison,1985,Wing,Barnsley,15,4,8,32
Robert Huntsman,1985,Prop,Beverley,2,0,0,0
Jamie Salmon,1981,Centre,1959,15,7,2,8
Simon Halliday,1986,Centre,Haverfordwest,23,17,2,8
Graham Robbins,1986,No. 8,Sutton Coldfield,2,1,0,0
Fran Clough,1986,Centre,Wigan,4,3,0,0
Dean Richards,1986,No. 8,Nuneaton,54,38,6,24
David Cusani,1987,Lock,Wigan,1,0,0,0
Graham Dawe,1987,"Hooker, Lock",Tavistock,5,2,0,0
Brian Moore,1987,Hooker,Birmingham,69,48,1,4
Peter Williams,1987,Fly-half,Wigan,4,2,0,0
Jon Webb,1987,Fullback,Ealing,33,20,4,296
Will Carling,1988,Centre,Bradford-on-Avon,73,53,12,54
Jeff Probyn,1988,Prop,Bethnal Green,37,25,3,12
Mickey Skinner,1988,Flanker,Newcastle-upon-Tyne,21,16,3,12
Chris Oti,1988,Wing,Paddington,13,8,8,32
John Bentley,1988,Wing,Dewsbury,6,2,1,4
Dave Egerton,1988,No. 8,Middlesex,7,5,1,4
Barry Evans,1988,Wing,Hinckley,2,1,0,0
Andy Robinson,1988,Flanker,Taunton,8,4,1,4
Paul Ackford,1988,Lock,Hanover,25,18,1,4
Andy Harriman,1988,Wing,Lagos,1,1,0,0
Dewi Morris,1988,Scrum-half,Crickhowell,29,20,5,21
John Buckton,1988,Centre,Hull,3,2,0,0
Steve Bates,1989,Scrum-half,Merthyr Tydfil,1,1,0,0
Jerry Guscott,1989,Centre,Bath,73,56,31,150
Simon Hodgkinson,1989,Fullback,Thornbury,14,12,1,203
Mark Linnett,1989,Prop,Rugby,1,1,1,4
Andy Mullins,1989,Prop,Eltham,1,1,0,0
Nigel Heslop,1990,Wing,W Hartlepool,10,9,3,12
Jason Leonard,1990,Prop,Barking,119,89,1,5
David Pears,1990,"Fullback, Fly-half",Workington,4,3,0,0
Dean Ryan,1990,"Lock, No. 8",Tuxford,4,3,1,4
John Olver,1990,Hooker,Manchester,3,3,0,0
Martin Bayfield,1991,Lock,Bedford,34,23,0,0
Tim Rodber,1992,Back-row,Yorks,46,35,5,25
Ian Hunter,1992,"Fullback, Wing",London,7,5,3,15
Victor Ubogu,1992,Prop,Lagos,24,17,1,5
Tony Underwood,1992,Wing,Ipoh,28,21,13,65
Ben Clarke,1992,Back-row,Bishop's Stortford,43,27,3,15
Phil de Glanville,1992,Centre,Loughborough,38,24,8,40
Martin Johnson,1993,Lock,Solihull,92,71,2,10
Kyran Bracken,1993,Scrum-half,Dublin,51,40,3,15
Jon Callard,1993,Fullback,Leicester,5,3,0,69
Neil Back,1994,Flanker,Coventry,71,53,17,88
Steve Ojomoh,1994,Back-row,Benin City,12,7,0,0
Mike Catt,1994,"Fly-half, Centre",Port Elizabeth,76,50,7,142
Paul Hull,1994,Fullback,London,4,3,0,0
Graham Rowntree,1995,Prop,Stockton-on-Tees,57,38,0,0
Richard West,1995,Lock,Hereford,1,1,0,0
Damian Hopley,1995,"Wing, Centre",London,3,2,0,0
John Mallett,1995,Prop,Lincoln,1,1,0,0
Mark Regan,1995,Hooker,Bristol,47,28,3,15
Lawrence Dallaglio,1995,No. 8,Shepherd's Bush,88,62,17,85
Matt Dawson,1995,Scrum-half,Birkenhead,84,53,18,111
Paul Grayson,1995,Fly-half,Lancashire,32,21,2,400
Jon Sleightholme,1996,Wing,Yorkshire,12,9,4,20
Garath Archer,1996,"No. 8, Lock",Durham,21,13,0,0
Adedayo Adebayo,1996,Wing,Ibadan,6,3,2,10
Andy Gomarsall,1996,Scrum-half,Durham,35,21,6,37
Simon Shaw,1996,Lock,Nairobi,73,44,2,10
Chris Sheasby,1996,No. 8,Windsor,7,4,1,5
Tim Stimpson,1996,Fullback,Liverpool,20,11,2,35
Phil Greening,1996,Hooker,Gloucester,24,16,6,30
Rob Hardwick,1996,Prop,Kenilworth,1,1,0,0
Nick Beal,1996,Fullback,York,15,9,3,15
Richard Hill,1997,Back-row,Surrey,76,53,12,60
Austin Healey,1997,Utility back,Wallasey,53,35,15,75
Darren Garforth,1997,Prop,Coventry,25,15,0,0
Martin Corry,1997,"Lock, Back-row",Birmingham,71,40,6,30
Tony Diprose,1997,No. 8,Essex,10,4,1,5
Nick Greenstock,1997,Centre,UAE,4,1,2,10
Martin Haag,1997,Lock,Chelmsford,2,1,0,0
Jim Mallinder,1997,Fullback,Halifax,2,1,0,0
Kevin Yates,1997,Prop,Medicine Hat,4,1,0,0
Richard Cockerill,1997,Hooker,Rugby,27,14,3,15
Danny Grewcock,1997,Lock,Coventry,74,45,2,10
Mark Mapletoft,1997,Fly-half,Mansfield,1,0,0,3
Alex King,1997,Fly-half,Brighton,5,4,1,23
Will Green,1997,Prop,Littlehampton,4,2,0,0
Will Greenwood,1997,Centre,Blackburn,57,44,31,155
Andy Long,1997,Hooker,Poole,2,1,0,0
Matt Perry,1997,Fullback,Bath,39,22,10,50
David Rees,1997,Utility back,Kingston-upon-Thames,11,5,3,15
Dorian West,1998,Hooker,Wrexham,21,17,3,15
Phil Vickery,1998,Prop,Barnstaple,78,50,2,10
Jonny Wilkinson,1998,Fly-half,Frimley,97,67,7,1246
Scott Benton,1998,Scrum-half,Bradford,1,0,0,0
Spencer Brown,1998,Wing,Eton,2,0,0,0
Richard Pool-Jones,1998,Flanker,London,1,0,0,0
Steve Ravenscroft,1998,Centre,Leeds,2,0,0,0
Ben Sturnham,1998,Flanker,St Albans,3,0,0,0
Dominic Chapman,1998,Wing,Kingston-upon-Thames,1,0,0,0
Stuart Potter,1998,Centre,Lichfield,1,0,0,0
Josh Lewsey,1998,"Wing, Centre",Kent,58,33,22,110
Pat Sanderson,1998,Back-row,Chester,16,6,1,5
Tom Beim,1998,Wing,Frimley,2,0,1,5
Dave Sims,1998,Lock,Gloucester,3,0,0,0
Jos Baxendell,1998,"Fly-half, Centre",Manchester,2,0,0,0
Rob Fidler,1998,Lock,Cheltenham,2,0,0,0
Paul Sampson,1998,"Wing, Fullback",Keighley,3,2,0,0
Dan Luger,1998,Wing,Chiswick,38,31,24,120
Neil McCarthy,1999,Hooker,Slough,3,3,0,0
Steve Hanley,1999,Wing,Whitehaven,1,0,1,5
Barrie-Jon Mather,1999,Centre,Wigan,1,0,0,0
Trevor Woodman,1999,Prop,Plymouth,22,18,0,0
Joe Worsley,1999,Back-row,Hants,79,48,10,50
Ben Cohen,2000,Wing,Northampton,57,40,31,155
Mike Tindall,2000,Centre,Otley,75,51,14,74
Iain Balshaw,2000,Fullback,Blackburn,38,25,13,65
Julian White,2000,Prop,Plymouth,55,29,0,0
David Flatman,2000,Prop,Maidstone,8,7,0,0
Leon Lloyd,2000,"Centre, Wing",Coventry,5,4,2,10
Jason Robinson,2001,Fullback,Leeds,56,39,30,150
Steve Borthwick,2001,Lock,Carlisle,57,29,2,10
Ben Kay,2001,Lock,Liverpool,64,44,2,10
Lewis Moody,2001,Flanker,Ascot,74,46,10,50
Jamie Noon,2001,Centre,Goole,38,16,7,35
Michael Stephenson,2001,Wing,Tynemouth,3,3,0,0
Dave Walder,2001,Fly-half,Newcastle-upon-Tyne,4,4,2,41
Steve White-Cooper,2001,Flanker,Cape Town,2,2,0,0
Martyn Wood,2001,Scrum-half,Harrogate,2,2,1,5
Fraser Waters,2001,Centre,Cape Town,3,1,0,0
Olly Barkley,2001,Fly-half,London,23,10,2,82
Tom Palmer,2001,Lock,London,42,23,0,0
Tom Voyce,2001,Wing,Truro,9,4,3,15
Charlie Hodgson,2001,Fly-half,Halifax,38,22,8,269
Alex Sanderson,2001,Back-row,Chester,5,4,1,5
Steve Thompson,2002,Hooker,Hemel Hempstead,76,49,4,20
Nick Duncombe,2002,Scrum-half,Bucks,2,2,0,0
Henry Paul,2002,Centre,Tokoroa,6,4,0,6
Geoff Appleford,2002,Centre,Dundee,1,1,0,0
Phil Christophers,2002,Centre,Heidelberg,3,3,1,5
Alex Codling,2002,Lock,Lewisham,1,1,0,0
Michael Horak,2002,Fullback,Johannesburg,1,1,0,0
Ben Johnston,2002,Centre,Clatterbridge,2,2,0,0
James Simpson-Daniel,2002,Wing,Stockton-on-Tees,10,7,3,15
Robbie Morris,2003,Prop,Hertford,2,2,0,0
Ollie Smith,2003,Centre,Leicester,6,4,1,5
Mike Worsley,2003,Prop,Warrington,3,2,0,0
Stuart Abbott,2003,Centre,Cape Town,9,5,2,10
Dan Scarbrough,2003,Fullback,Bingley,2,1,1,5
Chris Jones,2004,Lock,Manchester,12,4,1,5
Matt Stevens,2004,Prop,Durban,44,24,0,0
Michael Lipman,2004,Flanker,London,10,4,0,0
Andy Titterrell,2004,Hooker,Dartford,5,3,0,0
Tim Payne,2004,Prop,Swindon,22,7,0,0
Mark Cueto,2004,Wing,Workington,56,29,20,100
Andy Hazell,2004,Back-row,Gloucester,7,4,1,5
Andrew Sheridan,2004,Prop,Kent,42,25,0,0
Hugh Vyvyan,2004,Lock,Guildford,1,1,1,5
Harry Ellis,2004,Scrum-half,Wigston,28,14,5,25
Mathew Tait,2005,Fullback,Shotley Bridge,38,18,5,25
James Forrester,2005,Back-row,Oxford,2,1,0,0
Duncan Bell,2005,Prop,King's Lynn,5,3,0,0
Andy Goode,2005,Fly-half,Coventry,17,9,1,107
Mark van Gisbergen,2005,Fullback,Hamilton,1,1,0,0
Louis Deacon,2005,Lock,Leicester,29,16,0,0
Perry Freshwater,2005,Prop,Wellington,10,4,0,0
Lee Mears,2005,Hooker,Torquay,43,17,1,5
Tom Varndell,2005,Wing,Kent,4,1,3,15
Alex Brown,2006,Lock,Bristol,3,0,0,0
Magnus Lund,2006,Flanker,Manchester,10,3,1,5
Peter Richards,2006,Scrum-half,Portsmouth,13,5,0,0
George Chuter,2006,Hooker,Greenwich,24,12,1,5
Nick Walshe,2006,"Fly-half, Scrum-half",Chiswick,2,0,0,0
Anthony Allen,2006,Centre,Southampton,2,0,0,0
Shaun Perry,2006,Scrum-half,Wolverhampton,14,4,2,10
Paul Sackey,2006,Wing,London,22,9,11,55
Toby Flood,2006,Fly-half,Frimley,60,30,4,301
Andy Farrell,2007,Centre,Wigan,8,5,1,5
Olly Morgan,2007,Fullback,London,2,1,0,0
Tom Rees,2007,Back-row,London,15,5,1,5
Nick Easter,2007,Back-row,Epsom,51,29,6,30
David Strettle,2007,Wing,Warrington,14,7,2,10
Shane Geraghty,2007,Fly-half,Coventry,6,3,0,5
James Haskell,2007,Back-row,Windsor,58,33,4,20
Stuart Turner,2007,Prop,Southport,3,0,0,0
Mike Brown,2007,Fullback,Southampton,37,22,6,30
Dean Schofield,2007,Lock,Manchester,2,0,0,0
Matt Cairns,2007,Hooker,Birkenhead,1,0,0,0
Darren Crompton,2007,Prop,Exeter,1,0,0,0
Roy Winters,2007,Lock,Cuckfield,2,0,0,0
Ben Skirving,2007,Back-row,Harlow,1,0,0,0
Nick Abendanon,2007,"Wing, Fullback",Bryanston,2,0,0,0
Dan Hipkiss,2007,Centre,Ipswich,13,7,0,0
Luke Narraway,2008,No. 8,Worcester,7,1,0,0
Danny Cipriani,2008,Fly-half,Roehampton,12,6,2,59
Lesley Vainikolo,2008,Wing,Nuku'alofa,5,3,0,0
Richard Wigglesworth,2008,Scrum-half,Blackpool,21,16,1,5
Tom Croft,2008,Back-row,Basingstoke,45,25,6,30
Paul Hodgson,2008,Scrum-half,Epsom,9,5,0,0
Topsy Ojo,2008,Wing,Tottenham,2,0,2,10
Danny Care,2008,Scrum-half,Leeds,50,25,7,44
David Paice,2008,Hooker,Darwin,8,4,0,0
Jason Hobson,2008,Prop,Swansea,1,0,0,0
Delon Armitage,2008,Fullback,Trinidad,26,16,7,44
Riki Flutey,2008,Centre,Featherston,15,7,4,20
Nick Kennedy,2008,Lock,Southampton,7,4,1,5
Ugo Monye,2008,Wing,Islington,16,8,3,15
Dylan Hartley,2008,Hooker,Rotorua,66,39,1,5
Jordan Crane,2008,Back-row,Bromsgrove,3,1,0,0
Steffon Armitage,2009,Back-row,Trinidad,5,4,0,0
Ben Foden,2009,Fullback,Chester,34,20,7,35
Matt Banahan,2009,Wing,Jersey,16,9,4,20
Tom May,2009,Centre,London,2,1,0,0
David Wilson,2009,Prop,South Shields,41,24,1,5
Sam Vesty,2009,"Fly-half, Fullback",Leicester,2,1,0,0
Chris Robshaw,2009,Back-row,Redhill,37,22,2,10
Ayoola Erinle,2009,Centre,Lagos,2,0,0,0
Courtney Lawes,2009,"Lock, Back-row",Hackney,38,23,0,0
Paul Doran Jones,2009,Prop,Enfield,6,4,0,0
Dan Cole,2010,Prop,Leicester,53,33,1,5
Matt Mullan,2010,Prop,Brighton,9,4,0,0
Ben Youngs,2010,Scrum-half,Cawston,49,29,9,45
Chris Ashton,2010,Wing,Wigan,39,23,19,95
Shontayne Hape,2010,Centre,Auckland,13,8,2,10
Dave Attwood,2010,Lock,Bristol,20,13,0,0
Hendre Fourie,2010,Flanker,Burgersdorp,8,5,0,0
Tom Wood,2011,Flanker,Coventry,36,25,0,0
Alex Corbisiero,2011,Prop,United States,21,15,1,5
Manusamoa Tuilagi,2011,Centre,Western Samoa,26,15,11,55
Mouritz Botha,2011,Lock,Vryheid,10,5,0,0
Charlie Sharples,2011,Wing,1989,4,3,2,10
Joe Simpson,2011,Scrum-half,NSW,1,1,0,0
Brad Barritt,2012,Centre,Durban,22,13,2,10
Phil Dowson,2012,Back-row,Guildford,7,4,0,0
Owen Farrell,2012,"Centre, Fly-half",Billinge,30,18,2,290
Lee Dickson,2012,Scrum-half,Verden,18,11,0,0
Ben Morgan,2012,No. 8,Bristol,27,16,5,25
Geoff Parling,2012,Lock,Stockton-on-Tees,26,15,1,5
Jordan Turner-Hall,2012,Centre,London,2,2,0,0
Rob Webber,2012,Hooker,York,12,6,1,5
Tom Johnson,2012,Back-row,Dusseldorf,8,3,1,5
Joe Marler,2012,Prop,Eastbourne,31,18,0,0
Jonathan Joseph,2012,Centre,Derby,11,7,4,20
Alex Goode,2012,"Fullback, Fly-half",Cambridge,17,9,0,3
Thomas Waldrom,2012,No. 8,Lower Hutt,5,2,0,0
Tom Youngs,2012,Hooker,Norwich,25,18,0,0
Joe Launchbury,2012,Lock,Exeter,22,14,2,10
Mako Vunipola,2012,Prop,Wellington,23,17,1,5
Freddie Burns,2012,Fly-half,Bath,5,3,1,57
Billy Twelvetrees,2013,Centre,Chichester,20,15,3,15
Matt Kvesic,2013,Back-row,Iserlohn,2,2,0,0
Christian Wade,,Wing,Slough,1,1,0,0
Kyle Eastmond,2013,"Fullback, Wing",Oldham,6,2,1,5
Henry Thomas,2013,Prop,Kingston-upon-Thames,7,6,0,0
Billy Vunipola,2013,No. 8,NSW,17,10,3,15
Jonny May,2013,Wing,Swindon,13,9,3,15
Marland Yarde,2013,Wing,Castries,7,4,4,20
Stephen Myler,2013,Fly-half,Widnes,1,1,0,2
Joel Tomkins,2013,Centre,Warrington,3,2,0,0
Luther Burrell,2014,Centre,Huddersfield,12,8,3,15
Jack Nowell,2014,Fullback,Truro,8,6,4,20
George Ford,2014,Fly-half,Oldham,11,8,2,109
Joe Gray,2014,Hooker,Nottingham,1,0,0,0
Chris Pennell,2014,Fullback,Worcester,1,0,0,0
Kieran Brookes,2014,Prop,Stoke-on-Trent,10,6,0,0
Semesa Rokoduguni,2014,"Centre, Wing",Nausori,1,0,0,0
George Kruis,2014,Back-row,Guildford,7,4,0,0
Anthony Watson,2014,"Wing, Fullback",Ashford,9,6,2,10
