Paddy Carew,1899,Prop,4,1,3,0,0,0,Qld,Australia,Queensland,Missing,Missing
James Carson,1899,Prop,1,1,0,0,0,0,Grahamstown,South Africa,Eastern Cape,Sarah Baartman District Municipality,Grahamstown
Ginger Colton,1899,No. 8,2,1,1,0,1,3,QLD,Australia,Queensland,Missing,Missing
Walter Davis,1899,Lock,3,1,2,0,0,0,circa 1877,Perú,Tacna,Candarave,Circa
Charlie Ellis,1899,Lock,4,1,3,0,0,0,NSW,Australia,New South Wales,Missing,Missing
Poley Evans,1899,Wing,2,1,1,0,1,3,Qld,Australia,Queensland,Missing,Missing
Austin Gralton,1899,Scrum-half,3,1,2,0,0,0,NSW,Australia,New South Wales,Missing,Missing
Alex Kelly,1899,Flanker,1,1,0,0,0,0,NSW,Australia,New South Wales,Missing,Missing
Bob McCowan,1899,Fullback,3,1,2,0,0,0,Renfrewshire,United Kingdom,Scotland,Renfrewshire,Missing
Hyam Marks,1899,Lock,2,1,1,0,0,0,NSW,Australia,New South Wales,Missing,Missing
Frank Row,1899,Centre,3,1,2,0,0,0,Qld,Australia,Queensland,Missing,Missing
Lonnie Spragg,1899,Centre,4,1,3,0,3,17,NSW,Australia,New South Wales,Missing,Missing
Dooee Tanner,1899,Prop,2,1,1,0,0,0,QLD,Australia,Queensland,Missing,Missing
Peter Ward,1899,Fly-half,4,1,3,0,0,0,Invercargill,New Zealand/Aotearoa,Southland,Invercargill City,Invercargill
Charlie White,1899,Wing,3,1,2,0,0,0,NSW,Australia,New South Wales,Missing,Missing
Robert Challoner,1899,No. 8,1,0,1,0,0,0,Stratford,United Kingdom,England,West Midlands,Warwickshire
Arthur Corfe,1899,Flanker,1,0,1,0,0,0,Christchurch,New Zealand/Aotearoa,Canterbury,Christchurch City,Christchurch
Ernest Currie,1899,Scrum-half,1,0,1,0,0,0,Dunedin,New Zealand/Aotearoa,Otago,Dunedin City,Dunedin
Charles Graham,1899,Hooker,1,0,1,0,0,0,NSW,Australia,New South Wales,Missing,Missing
Alec Henry,1899,Centre,1,0,1,0,0,0,QLD,Australia,Queensland,Missing,Missing
Norm Street,1899,Flanker,1,0,1,0,0,0,NSW,Australia,New South Wales,Missing,Missing
Thomas Ward,1899,Wing,1,0,1,0,0,0,QLD,Australia,Queensland,Missing,Missing
Roger Barton,1899,Flanker,1,0,1,0,0,0,NSW,Australia,New South Wales,Missing,Missing
Sine Boland,1899,Flanker,3,0,3,0,0,0,QLD,Australia,Queensland,Missing,Missing
Bob Bouffler,1899,Hooker,1,0,1,0,0,0,NSW,Australia,New South Wales,Missing,Missing
Arch Boyd,1899,Scrum-half,1,0,1,0,0,0,NSW,Australia,New South Wales,Missing,Missing
Wally Cobb,1899,Fullback,2,0,2,0,0,0,NSW,Australia,New South Wales,Missing,Missing
Syd Miller,1899,Wing,1,0,1,0,0,0,NSW,Australia,New South Wales,Missing,Missing
Iggy O'Donnell,1899,Fly-half,2,0,2,0,0,0,NSW,Australia,New South Wales,Missing,Missing
Bill Webb,1899,Prop,2,0,2,0,0,0,Dunedin,New Zealand/Aotearoa,Otago,Dunedin City,Dunedin
Bill Hardcastle,1899,Flanker,2,0,2,0,0,0,Wellington,New Zealand/Aotearoa,Wellington,Wellington City,Wellington
Jack O'Donnell,1899,Hooker,1,0,1,0,0,0,NSW,Australia,New South Wales,Missing,Missing
Jum Sampson,1899,No. 8,1,0,1,0,0,0,circa 1873,Perú,Tacna,Candarave,Circa
Alec Burdon,1903,Prop,4,0,4,0,1,3,NSW,Australia,New South Wales,Missing,Missing
Lew Evans,1903,Fly-half,3,0,3,0,0,0,QLD,Australia,Queensland,Missing,Missing
James Joyce,1903,Lock,1,0,1,0,0,0,NSW,Australia,New South Wales,Missing,Missing
Harold Judd,1903,Flanker,5,0,5,0,0,0,NSW,Australia,New South Wales,Missing,Missing
Ted Larkin,1903,Hooker,1,0,1,0,0,0,NSW,Australia,New South Wales,Missing,Missing
Dinny Lutge,1903,Lock,4,0,4,0,0,0,NSW,Australia,New South Wales,Missing,Missing
Johnny Maund,1903,Fullback,1,0,1,0,0,0,NSW,Australia,New South Wales,Missing,Missing
Frank Nicholson,1903,Prop,2,0,2,0,0,0,Qld,Australia,Queensland,Missing,Missing
Charlie Redwood,1903,Wing,4,0,4,0,0,0,Blenheim,New Zealand/Aotearoa,Marlborough,Blenheim,Missing
Sid Riley,1903,Centre,1,0,1,0,0,0,Auckland,New Zealand/Aotearoa,Auckland,Missing,Missing
Stan Wickham,1903,Centre,5,0,5,0,0,3,NSW,Australia,New South Wales,Missing,Missing
Snowy Baker,1904,Scrum-half,2,0,2,0,0,0,NSW,Australia,New South Wales,Missing,Missing
Puddin Colton,1904,Flanker,2,0,2,0,0,0,QLD,Australia,Queensland,Missing,Missing
Eddie Dore,1904,Hooker,1,0,1,0,0,0,Limeric,United States of America,New York,Saratoga County,Town of Wilton
Jack Hindmarsh,1904,Centre,1,0,1,0,0,0,NSW,Australia,New South Wales,Missing,Missing
Billy Richards,1904,Lock,5,0,5,0,0,0,NSW,Australia,New South Wales,Missing,Missing
Jack Verge,1904,Fullback,2,0,2,0,0,0,NSW,Australia,New South Wales,Missing,Missing
Patrick Walsh,1904,Back-row,3,0,3,0,0,0,NSW,Australia,New South Wales,Missing,Missing
Phil Carmichael,1904,Fullback,4,1,3,0,0,6,Qld,Australia,Queensland,Missing,Missing
Alex McKinnon,1904,Lock,1,0,1,0,0,0,Vic,Australia,Victoria,Missing,Missing
Douglas McLean,1904,Wing,3,0,3,0,1,3,QLD,Australia,Queensland,Missing,Missing
John Manning,1904,Fly-half,1,0,1,0,0,0,NSW,Australia,New South Wales,Missing,Missing
Voy Oxenham,1904,Prop,2,0,2,0,0,0,QLD,Australia,Queensland,Missing,Missing
Allen Oxlade,1904,Hooker,4,0,4,0,0,0,QLD,Australia,Queensland,Missing,Missing
Blue Dixon,1904,Lock,1,0,1,0,0,0,QLD,Australia,Queensland,Missing,Missing
Francis Finley,1904,Scrum-half,1,0,1,0,0,0,NSW,Australia,New South Wales,Missing,Missing
Frank Futter,1904,Centre,1,0,1,0,0,0,NSW,Australia,New South Wales,Missing,Missing
Jack Meibusch,1904,Prop,1,0,1,0,0,0,Qld,Australia,Queensland,Missing,Missing
Fred Nicholson,1904,Wing,1,0,1,0,0,0,QLD,Australia,Queensland,Missing,Missing
Jim White,1904,Flanker,1,0,1,0,0,0,NSW,Australia,New South Wales,Missing,Missing
George Anlezark,1905,Fly-half,1,0,1,0,0,0,NSW,Australia,New South Wales,Missing,Missing
Jimmy Clarken,1905,Prop,4,1,3,0,0,0,Thames,New Zealand/Aotearoa,Waikato,Thames Coromandel District,Thames
Mickey Dore,1905,Scrum-half,1,0,1,0,0,0,QLD,Australia,Queensland,Missing,Missing
Bill Hirschberg,1905,Flanker,1,0,1,0,0,0,NSW,Australia,New South Wales,Missing,Missing
Ben Lucas,1905,Flanker,1,0,1,0,0,0,QLD,Australia,Queensland,Missing,Missing
Arthur Penman,1905,Fullback,1,0,1,0,0,0,NSW,Australia,New South Wales,Missing,Missing
Bede Smith,1905,Centre,4,0,3,1,0,0,NSW,Australia,New South Wales,Missing,Missing
Mac Smith,1905,Centre,1,0,1,0,0,0,NSW,Australia,New South Wales,Missing,Missing
Blair Swannell,1899,Forward,8,6,2,0,1,3,Bucks,United States of America,penna,Bucks County,Missing
"Jack ""Bowser"" Barnett",1907,Prop,5,1,3,1,0,0,NSW,Australia,New South Wales,Missing,Missing
Peter Burge,1907,Lock,3,0,2,1,0,0,NSW,Australia,New South Wales,Missing,Missing
Bill Dix,1907,Fullback,4,1,2,1,0,0,Ashton-in-Makerfield,United Kingdom,England,North West England,Greater Manchester
Peter Flanagan,1907,Flanker,2,0,2,0,0,0,Dublin,Republic of Ireland,Leinster,County Dublin,Dublin
Tom Griffin,1907,Hooker,6,2,3,1,0,0,NSW,Australia,New South Wales,Missing,Missing
James Hughes,1907,Flanker,2,0,1,1,0,0,Sydney,Australia,New South Wales,Sydney,Missing
Paddy McCue,1907,Lock,4,1,2,1,0,0,NSW,Australia,New South Wales,Missing,Missing
Chris McKivat,1907,Fly-half,4,1,2,1,0,0,NSW,Australia,New South Wales,Missing,Missing
Johnny Rosewell,1907,Prop,2,0,1,1,0,0,NSW,Australia,New South Wales,Missing,Missing
Norm Row,1907,Flanker,6,2,3,1,2,15,NSW,Australia,New South Wales,Missing,Missing
Charles Russell,1907,Wing,5,1,3,1,3,9,Sydney,Australia,New South Wales,Sydney,Missing
George Watson,1907,Wing,1,0,1,0,0,0,QLD,Australia,Queensland,Missing,Missing
Fred Wood,1907,Scrum-half,12,2,9,1,1,3,Staffordshire,United Kingdom,England,West Midlands,Staffordshire
Bob Graves,1907,,1,0,1,0,0,0,NSW,Australia,New South Wales,Missing,Missing
William Canniffe,1907,Lock,1,0,1,0,0,0,QLD,Australia,Queensland,Missing,Missing
Jack Fihelly,1907,Flanker,1,0,1,0,0,0,Timoleague,Republic of Ireland,Munster,County Cork,Timoleague
Edward Mandible,1907,Fly-half,3,0,2,1,0,0,Sydney,Australia,New South Wales,Sydney,Missing
Dally Messenger,1907,Wing,2,0,1,1,1,7,NSW,Australia,New South Wales,Missing,Missing
Esmond Parkinson,1907,Wing,1,0,1,0,0,0,Qld,Australia,Queensland,Missing,Missing
Son Burge,1907,Lock,2,0,1,1,0,0,NSW,Australia,New South Wales,Missing,Missing
Danny Carroll,1908,"Fly-half, Centre",5,2,3,0,1,3,VIC,Australia,Victoria,Missing,Missing
Bob Craig,1908,Hooker,1,0,1,0,0,0,NSW,Australia,New South Wales,Missing,Missing
Charles Hammand,1908,Lock,2,1,1,0,0,0,NSW,Australia,New South Wales,Missing,Missing
Jack Hickey,1908,Centre,2,1,1,0,0,0,NSW,Australia,New South Wales,Missing,Missing
Paddy Moran,1908,Flanker,1,0,1,0,0,0,Darlington,United States of America,South Carolina,Darlington County,Darlington
Ward Prentice,1908,Centre,6,3,3,0,0,3,Sydney,Australia,New South Wales,Sydney,Missing
Rusty Richards,1908,Forward,5,3,2,0,2,6,NSW,Australia,New South Wales,Missing,Missing
Ken Gavin,1909,Prop,1,1,0,0,0,0,NSW,Australia,New South Wales,Missing,Missing
Mannie McArthur,1909,Flanker,1,1,0,0,0,0,NSW,Australia,New South Wales,Missing,Missing
Arthur McCabe,1909,Fly-half,1,1,0,0,0,0,NSW,Australia,New South Wales,Missing,Missing
Syd Middleton,1909,No. 8,4,2,2,0,0,0,NSW,Australia,New South Wales,Missing,Missing
Dinny Campbell,1910,Centre,3,1,2,0,0,0,NSW,Australia,New South Wales,Missing,Missing
Alf Dunbar,1910,Wing,4,2,2,0,0,0,NSW,Australia,New South Wales,Missing,Missing
Larry Dwyer,1910,Fullback,8,3,5,0,0,4,NSW,Australia,New South Wales,Missing,Missing
Brickey Farmer,1910,Flanker,1,0,1,0,0,0,Holborn,United Kingdom,WC2,England,Greater London
Harald George,1910,Prop,8,3,5,0,0,0,NSW,Australia,New South Wales,Missing,Missing
Herb Gilbert,1910,Wing,3,1,2,0,3,9,NSW,Australia,New South Wales,Missing,Missing
Charlie Hodgens,1910,Fly-half,3,1,2,0,1,3,NSW,Australia,New South Wales,Missing,Missing
Pat Murphy,1910,Lock,9,2,7,0,0,0,QLD,Australia,Queensland,Missing,Missing
Frederick Timbury,1910,Lock,2,1,1,0,0,0,Qld,Australia,Queensland,Missing,Missing
Bob Stuart,1910,Flanker,2,1,1,0,0,0,NSW,Australia,New South Wales,Missing,Missing
Leo Reynolds,1910,Lock,2,1,1,0,0,0,VIC,Australia,Victoria,Missing,Missing
Joe Slater,1910,Prop,1,0,1,0,0,0,NSW,Australia,New South Wales,Missing,Missing
Bob Adamson,1912,Wing,1,1,0,0,0,0,NSW,Australia,New South Wales,Missing,Missing
Ted Fahey,1912,Lock,4,1,3,0,0,0,NSW,Australia,New South Wales,Missing,Missing
Copper Kent,1912,Flanker,1,1,0,0,0,0,Qld,Australia,Queensland,Missing,Missing
Lou Meibusch,1912,Wing,1,1,0,0,1,3,Qld,Australia,Queensland,Missing,Missing
William Murphy,1912,No. 8,1,1,0,0,0,0,circa 1880,Perú,Tacna,Candarave,Circa
George Pugh,1912,Lock,1,1,0,0,0,0,NSW,Australia,New South Wales,Missing,Missing
Alfred Walker,1912,Scrum-half,16,7,9,0,3,9,NSW,Australia,New South Wales,Missing,Missing
Bill Watson,1912,Prop,8,2,6,0,0,0,Nelson,New Zealand/Aotearoa,Nelson,Missing,Missing
Ernie Carr,1913,Wing,6,1,5,0,1,3,NSW,Australia,New South Wales,Missing,Missing
Bill Cody,1913,Flanker,3,1,2,0,0,0,VIC,Australia,Victoria,Missing,Missing
Hebert Jones,1913,Centre,3,1,2,0,3,9,NSW,Australia,New South Wales,Missing,Missing
Michael McMahon,1913,Fullback,1,0,1,0,0,2,Queensland,Australia,Queensland,Missing,Missing
Claud O'Donnell,1913,Hooker,2,0,2,0,0,0,NSW,Australia,New South Wales,Missing,Missing
Dudley Suttor,1913,Wing,3,1,2,0,3,9,NSW,Australia,New South Wales,Missing,Missing
Bill Tasker,1913,Fly-half,6,1,5,0,0,0,NSW,Australia,New South Wales,Missing,Missing
Fred Thompson,1913,No. 8,6,1,5,0,1,3,NSW,Australia,New South Wales,Missing,Missing
Clarrie Wallach,1913,Lock,5,1,4,0,0,0,NSW,Australia,New South Wales,Missing,Missing
Larry Wogan,1913,Centre,22,7,15,0,4,14,Hokitika,New Zealand/Aotearoa,West Coast,Westland District,Hokitika
Sandy Horodan,1913,Prop,1,0,1,0,0,0,Qld,Australia,Queensland,Missing,Missing
Bryan Hughes,1913,Flanker,2,1,1,0,0,4,NSW,Australia,New South Wales,Missing,Missing
Richard Simpson,1913,Fullback,1,0,1,0,0,4,NSW,Australia,New South Wales,Missing,Missing
David Williams,1913,Hooker,4,1,3,0,0,0,Qld,Australia,Queensland,Missing,Missing
Harald Baker,1914,Flanker,3,0,3,0,0,0,NSW,Australia,New South Wales,Missing,Missing
Jimmy Flynn,1914,Centre,2,0,2,0,0,0,QLD,Australia,Queensland,Missing,Missing
Eric Francis,1914,Wing,2,0,2,0,0,0,Qld,Australia,Queensland,Missing,Missing
John Thompson,1914,Flanker,1,0,1,0,0,0,Qld,Australia,Queensland,Missing,Missing
Clinker Birt,1914,No. 8,1,0,1,0,0,0,Glasgow,United Kingdom,G,Scotland,Glasgow City
Samuel Kreutzer,1914,Prop,1,0,1,0,0,0,QLD,Australia,Queensland,Missing,Missing
William Morrissey,1914,Prop,1,0,1,0,0,0,QLD,Australia,Queensland,Missing,Missing
Jackie Beith,1914,Fullback,4,0,4,0,0,0,NSW,Australia,New South Wales,Missing,Missing
Montague Massy-Westropp,1914,Wing,1,0,1,0,0,0,NSW,Australia,New South Wales,Missing,Missing
Clarrie Prentice,1914,Prop,1,0,1,0,0,0,NSW,Australia,New South Wales,Missing,Missing
John Bond,1920,Hooker,4,1,3,0,1,3,NSW,Australia,New South Wales,Missing,Missing
Roy Chambers,1920,Centre,2,0,2,0,0,0,SA,Österreich,5020,Salzburg,Missing
Tom Davis,1920,Prop,20,6,14,0,2,6,NSW,Australia,New South Wales,Missing,Missing
Viv Dunn,1920,No. 8,7,1,6,0,0,0,NSW,Australia,New South Wales,Missing,Missing
Ray Elliott,1920,Flanker,13,7,6,0,0,0,NSW,Australia,New South Wales,Missing,Missing
Charlie Fox,1920,Lock,17,5,12,0,2,6,NSW,Australia,New South Wales,Missing,Missing
Tommy Lawton,1920,Fly-half,14,8,6,0,1,60,Qld,Australia,Queensland,Missing,Missing
Bob Marrott,1920,Hooker,2,0,2,0,1,3,VIC,Australia,Victoria,Missing,Missing
Arthur Mayne,1920,Wing,4,0,4,0,0,0,NSW,Australia,New South Wales,Missing,Missing
Irving Ormiston,1920,Flanker,3,0,3,0,0,0,NSW,Australia,New South Wales,Missing,Missing
Roland Raymond,1920,Wing,13,6,7,0,10,30,1899,Svizra,Svizzera,Suisse,Schweiz
Clive Farquhar,1920,Centre,1,0,1,0,0,0,NSW,Australia,New South Wales,Missing,Missing
George McKay,1920,No. 8,6,1,5,0,3,9,NSW,Australia,New South Wales,Missing,Missing
Geoffrey Wyld,1920,Lock,1,0,1,0,0,0,NSW,Australia,New South Wales,Missing,Missing
Watty Friend,1920,Lock,10,5,5,0,0,0,NSW,Australia,New South Wales,Missing,Missing
Onslow Humphreys,1920,Fly-half,6,2,4,0,0,3,NSW,Australia,New South Wales,Missing,Missing
Norm Mingay,1920,Scrum-half,7,1,6,0,2,20,NSW,Australia,New South Wales,Missing,Missing
Jackie Shute,1920,Wing,3,1,2,0,2,6,NSW,Australia,New South Wales,Missing,Missing
Slip Carr,1921,Wing,4,1,3,0,3,9,NSW,Australia,New South Wales,Missing,Missing
Duncan Fowles,1921,Hooker,8,3,5,0,0,0,QLD,Australia,Queensland,Missing,Missing
John Holdsworth,1921,Lock,6,1,5,0,1,3,NSW,Australia,New South Wales,Missing,Missing
Reg Lane,1921,Wing,1,0,1,0,0,0,NSW,Australia,New South Wales,Missing,Missing
Otto Nothling,1921,Fullback,19,8,11,0,1,36,Qld,Australia,Queensland,Missing,Missing
Billy Sheehan,1921,Fly-half,18,7,11,0,6,18,NSW,Australia,New South Wales,Missing,Missing
Tom Smith,1921,Prop,12,4,8,0,1,3,NSW,Australia,New South Wales,Missing,Missing
Joe Thorn,1921,Flanker,6,1,5,0,0,0,Manly.NSW,Australia,New South Wales,Sydney,Manly
Derby Loudon,1921,Flanker,4,2,2,0,0,5,Leeston,New Zealand/Aotearoa,Canterbury,Selwyn District,Leeston
Bot Stanley,1921,Centre,14,7,7,0,5,53,NSW,Australia,New South Wales,Missing,Missing
Johnny Wallace,1921,Wing,17,11,6,0,16,48,NSW,Australia,New South Wales,Missing,Missing
Jock Blackwood,1922,Hooker,21,8,13,0,0,0,NSW,Australia,New South Wales,Missing,Missing
John Taylor,1922,Fly-half,2,1,1,0,2,15,NSW,Australia,New South Wales,Missing,Missing
Charlie Thompson,1922,Prop,6,2,4,0,0,0,NSW,Australia,New South Wales,Missing,Missing
Roy Cooney,1922,Centre,1,1,0,0,1,3,N Sydney,Australia,New South Wales,Sydney,North Sydney
Reg Ferguson,1922,Lock,5,2,3,0,0,0,NSW,Australia,New South Wales,Missing,Missing
Henry Pigott,1922,,1,0,1,0,0,0,NSW,Australia,New South Wales,Missing,Missing
Jack Bonner,1922,Lock,8,6,2,0,0,0,NSW,Australia,New South Wales,Missing,Missing
Larry Newman,1922,Wing,1,0,1,0,1,3,NSW,Australia,New South Wales,Missing,Missing
Ted Thorn,1922,Flanker,15,4,11,0,1,5,NSW,Australia,New South Wales,Missing,Missing
Bill Marrott,1922,No. 8,7,5,2,0,2,6,VIC,Australia,Victoria,Missing,Missing
Norm Smith,1922,Wing,7,3,4,0,2,6,NSW,Australia,New South Wales,Missing,Missing
Bill Douglas,1922,,1,1,0,0,0,0,NSW,Australia,New South Wales,Missing,Missing
Arthur Erby,1923,Prop,5,2,3,0,0,0,NSW,Australia,New South Wales,Missing,Missing
Gregor George,1923,Fly-half,12,3,9,0,0,2,NSW,Australia,New South Wales,Missing,Missing
John Pym,1923,Wing,1,1,0,0,0,0,NSW,Australia,New South Wales,Missing,Missing
Harry Tancred,1923,No. 8,2,2,0,0,0,0,NSW,Australia,New South Wales,Missing,Missing
Owen Crossman,1923,Wing,15,7,8,0,7,29,NSW,Australia,New South Wales,Missing,Missing
Allen Bowers,1923,Wing,7,4,3,0,4,12,NSW,Australia,New South Wales,Missing,Missing
Peter Buchanan,1923,Centre,2,2,0,0,0,0,Wellington,New Zealand/Aotearoa,Wellington,Wellington City,Wellington
Ted Greatorex,1923,Flanker,8,3,5,0,5,15,Leichardt,Australia,Victoria,Loddon Mallee,Shire of Loddon
Alexander Armstrong,1923,No. 8,2,0,2,0,0,0,NSW,Australia,New South Wales,Missing,Missing
Danie Erasmus,1923,Wing,2,0,2,0,1,3,Pretoria,South Africa,Gauteng,City of Tshwane Metropolitan Municipality,Pretoria
Hugh Taylor,1923,Lock,4,0,4,0,0,0,NSW,Australia,New South Wales,Missing,Missing
Hugh Buntine,1923,Centre,2,0,2,0,0,0,NSW,Australia,New South Wales,Missing,Missing
Bob Loudon,1923,Flanker,13,4,8,1,4,12,Leeston,New Zealand/Aotearoa,Canterbury,Selwyn District,Leeston
John Crakanthorp,1923,Fullback,1,0,1,0,0,0,NSW,Australia,New South Wales,Missing,Missing
Wally Meagher,1923,Scrum-half,8,3,5,0,0,3,NSW,Australia,New South Wales,Missing,Missing
Roy Hoskins,1924,No. 8,3,1,2,0,0,0,NSW,Australia,New South Wales,Missing,Missing
Ernie Ritchie,1924,Prop,4,1,3,0,0,0,NSW,Australia,New South Wales,Missing,Missing
Jim Foote,1924,Wing,3,0,3,0,0,0,QLD,Australia,Queensland,Missing,Missing
Robert Anderson,1925,Centre,1,0,1,0,0,0,NSW,Australia,New South Wales,Missing,Missing
Harry Bryant,1925,No. 8,3,0,3,0,0,0,NSW,Australia,New South Wales,Missing,Missing
John Hill,1925,Prop,1,0,1,0,0,0,date unknown,g,n,i,s
Alf Rainbow,1925,Fly-half,1,0,1,0,0,0,London,United Kingdom,England,Greater London,London
Alec Ross,1925,Fullback,20,9,10,1,0,43,NSW,Australia,New South Wales,Missing,Missing
Arthur Toby,1925,Centre,2,0,2,0,0,0,NSW,Australia,New South Wales,Missing,Missing
Patrick Mulligan,1925,Centre,1,0,1,0,0,0,circa 1900,Philippines,6004,Central Visayas,Cebu
Clive Bondfield,1925,Wing,1,0,1,0,0,0,NSW,Australia,New South Wales,Missing,Missing
Bill Laycock,1925,Flanker,4,0,4,0,0,0,NSW,Australia,New South Wales,Missing,Missing
Charles Morrissey,1925,Centre,5,0,5,0,1,3,NSW,Australia,New South Wales,Missing,Missing
Ernie Reid,1925,Centre,3,0,3,0,0,0,Western Samoa,United States of America,95503,California,Humboldt County
Wal Rigney,1925,Flanker,3,0,3,0,0,0,NSW,Australia,New South Wales,Missing,Missing
Colin Shaw,1925,Lock,3,0,3,0,0,0,Edinburgh,United Kingdom,Scotland,City of Edinburgh,Missing
Harold Snell,1925,Scrum-half,3,1,2,0,0,0,NSW,Australia,New South Wales,Missing,Missing
Ken Tarleton,1925,Hooker,2,0,2,0,0,0,N Sydney,Australia,New South Wales,Sydney,North Sydney
Wylie Breckenridge,1925,Flanker,11,7,4,0,0,0,NSW,Australia,New South Wales,Missing,Missing
Arthur Jamieson,1925,,1,0,1,0,0,0,Greymouth,New Zealand/Aotearoa,West Coast,Grey District,Greymouth
Jack Ford,1925,No. 8,11,7,4,0,4,12,TAS,Australia,Tasmania,Missing,Missing
Bruce Judd,1925,Prop,11,4,7,0,1,3,NSW,Australia,New South Wales,Missing,Missing
Harry Woods,1925,Prop,8,3,5,0,1,3,WA,United States of America,Washington,Missing,Missing
Huck Finlay,1926,Lock,12,8,4,0,0,0,NSW,Australia,New South Wales,Missing,Missing
Wal Ives,1926,Lock,5,2,3,0,0,0,NSW,Australia,New South Wales,Missing,Missing
Syd King,1926,Centre,14,8,6,0,2,6,NSW,Australia,New South Wales,Missing,Missing
Cyril Towers,1926,Centre,19,9,9,1,9,43,Vic,Australia,Victoria,Missing,Missing
Jim Tancred,1926,Prop,3,1,2,0,0,0,NSW,Australia,New South Wales,Missing,Missing
Don Telford,1926,Lock,1,0,1,0,0,0,NSW,Australia,New South Wales,Missing,Missing
Ray Bowden,1926,Lock,1,0,1,0,0,0,NSW,Australia,New South Wales,Missing,Missing
Ian Comrie-Thomson,1926,Prop,5,1,4,0,0,0,NSW,Australia,New South Wales,Missing,Missing
Jack Duncan,1926,Scrum-half,1,0,1,0,0,0,NSW,Australia,New South Wales,Missing,Missing
George Mackay,1926,Fullback,1,0,1,0,0,0,NSW,Australia,New South Wales,Missing,Missing
Stuart McLaren,1926,Wing,1,0,1,0,0,0,NSW,Australia,New South Wales,Missing,Missing
Geoff Storey,1926,Lock,8,5,3,0,0,0,NSW,Australia,New South Wales,Missing,Missing
Merv Rylance,1926,,1,0,1,0,0,0,Qld,Australia,Queensland,Missing,Missing
Eric Ford,1927,Wing,7,5,2,0,4,12,Tas,Australia,Tasmania,Missing,Missing
Arnold Tancred,1927,Flanker,3,2,1,0,0,0,NSW,Australia,New South Wales,Missing,Missing
Sid Malcolm,1927,Scrum-half,18,8,9,1,2,6,NSW,Australia,New South Wales,Missing,Missing
Malcolm Blair,1928,Prop,3,2,1,0,0,0,NSW,Australia,New South Wales,Missing,Missing
Ric Bardsley,1928,Flanker,3,1,2,0,0,0,NSW,Australia,New South Wales,Missing,Missing
Robert Burge,1928,Centre,4,1,3,0,0,0,NSW,Australia,New South Wales,Missing,Missing
Bill Cerutti,1928,Prop,21,10,11,0,3,9,NSW,Australia,New South Wales,Missing,Missing
Mac Lamb,1928,Lock,3,0,3,0,0,0,NSW,Australia,New South Wales,Missing,Missing
Jack O'Connor,1928,Lock,4,1,3,0,1,3,NSW,Australia,New South Wales,Missing,Missing
John O'Donnell,1928,Hooker,3,1,2,0,0,0,NSW,Australia,New South Wales,Missing,Missing
Myer Rosenblum,1928,Flanker,4,1,3,0,3,9,Pretoria,South Africa,Gauteng,City of Tshwane Metropolitan Municipality,Pretoria
Alf Smairl,1928,Wing,3,1,2,0,1,3,NSW,Australia,New South Wales,Missing,Missing
Bob Westfield,1928,Fullback,6,3,3,0,0,0,Hunterville,United States of America,Missouri,Stoddard County,Hunterville
Bill White,1928,Wing,3,1,2,0,1,6,NSW,Australia,New South Wales,Missing,Missing
Bill Hemingway,1928,Wing,5,2,3,0,3,9,Auckland,New Zealand/Aotearoa,Auckland,Missing,Missing
Allen Munsie,1928,Flanker,1,0,1,0,0,0,NSW,Australia,New South Wales,Missing,Missing
Walter Phipps,1928,Hooker,1,0,1,0,0,0,NSW,Australia,New South Wales,Missing,Missing
Geoff Bland,1928,Lock,8,3,5,0,0,0,NSW,Australia,New South Wales,Missing,Missing
Bruce Caldwell,1928,Centre,1,1,0,0,0,0,NSW,Australia,New South Wales,Missing,Missing
Donald Bull,1928,Centre,1,0,1,0,0,0,NSW,Australia,New South Wales,Missing,Missing
Bernard Croft,1928,Wing,1,0,1,0,0,2,Tasmania,Australia,Tasmania,Missing,Missing
Edward Bonis,1929,Hooker,21,10,10,1,1,3,QLD,Australia,Queensland,Missing,Missing
Cam Gordon,1929,Wing,1,1,0,0,1,3,NSW,Australia,New South Wales,Missing,Missing
Harry Hamalainen,1929,Lock,3,3,0,0,0,0,QLD,Australia,Queensland,Missing,Missing
Len Palfreyman,1929,Flanker,4,2,2,0,0,0,NSW,Australia,New South Wales,Missing,Missing
Eddie Thompson,1929,Prop,4,4,0,0,0,0,Qld,Australia,Queensland,Missing,Missing
Alan Thorpe,1929,,1,1,0,0,0,0,NSW,Australia,New South Wales,Missing,Missing
Gordon McGhie,1929,Wing,3,3,0,0,2,6,QLD,Australia,Queensland,Missing,Missing
Gordon Sturtridge,1929,Centre,9,4,5,0,1,3,NSW,Australia,New South Wales,Missing,Missing
Walter Bennett,1931,Scrum-half,4,2,2,0,1,3,QLD,Australia,Queensland,Missing,Missing
Owen Bridle,1931,Flanker,12,5,6,1,5,15,Exmouth,United Kingdom,England,South West England,Devon
Jim Clark,1931,Flanker,5,2,3,0,0,0,Qld,Australia,Queensland,Missing,Missing
Harold Herd,1931,Centre,1,1,0,0,0,0,NSW,Australia,New South Wales,Missing,Missing
Tom Perrin,1931,No. 8,2,1,1,0,0,0,NSW,Australia,New South Wales,Missing,Missing
Jack Steggall,1931,Fullback,10,4,6,0,3,9,WA,United States of America,Washington,Missing,Missing
Harold Tolhurst,1931,Wing,2,1,1,0,0,0,NSW,Australia,New South Wales,Missing,Missing
Max White,1931,Prop,9,4,5,0,0,0,Qld,Australia,Queensland,Missing,Missing
Dave Cowper,1931,Centre,9,3,6,0,4,18,NSW,Australia,New South Wales,Missing,Missing
Kiwi Cooke,1932,Lock,14,6,8,0,1,3,Qld,Australia,Queensland,Missing,Missing
Dinny Love,1932,Prop,3,1,2,0,0,0,NSW,Australia,New South Wales,Missing,Missing
Weary Dunlop,1932,No. 8,2,1,1,0,0,0,Vic,Australia,Victoria,Missing,Missing
Roy Lindsay,1932,Wing,1,0,1,0,0,0,Qld,Australia,Queensland,Missing,Missing
Ron Biilmann,1933,Fly-half,4,1,3,0,0,12,NSW,Australia,New South Wales,Missing,Missing
Jack Kelaher,1933,Wing,13,4,8,1,3,9,NSW,Australia,New South Wales,Missing,Missing
Wal Mackney,1933,No. 8,4,2,1,1,0,0,NSW,Australia,New South Wales,Missing,Missing
Doug McLean,1933,Wing,10,4,5,1,4,12,QLD,Australia,Queensland,Missing,Missing
Bill White,1933,Lock,10,4,5,1,0,0,Qld,Australia,Queensland,Missing,Missing
Aub Hodgson,1933,No. 8,11,3,8,0,1,3,NSW,Australia,New South Wales,Missing,Missing
Vincent Bermingham,1934,Prop,3,1,1,1,0,0,Toowoomba,Australia,Queensland,Toowoomba,Missing
Dooney Hayes,1934,Centre,5,1,3,1,0,3,Qld,Australia,Queensland,Missing,Missing
Ted Jessep,1931,Prop,4,2,1,1,0,0,Leichhard,Australia,0800,Northern Territory,Darwin
Wally Lewis,1934,Fly-half,4,1,2,1,0,0,QLD,Australia,Queensland,Missing,Missing
Ron Walden,1934,Prop,4,1,2,1,0,0,NSW,Australia,New South Wales,Missing,Missing
Mike Gibbons,1936,Scrum-half,3,1,2,0,0,2,NSW,Australia,New South Wales,Missing,Missing
Frank Hutchinson,1936,Lock,4,0,4,0,0,0,NSW,Australia,New South Wales,Missing,Missing
Russell Kelly,1936,No. 8,7,1,6,0,0,2,NSW,Australia,New South Wales,Missing,Missing
Bill McLaughlin,1936,Centre,2,0,2,0,2,6,NSW,Australia,New South Wales,Missing,Missing
Stake Malone,1936,Prop,4,1,3,0,0,0,NSW,Australia,New South Wales,Missing,Missing
Thomas Pauling,1936,Centre,2,0,2,0,0,0,NSW,Australia,New South Wales,Missing,Missing
Ron Rankin,1936,Fullback,7,1,6,0,0,27,NSW,Australia,New South Wales,Missing,Missing
Vic Richards,1936,Fly-half,5,1,4,0,1,3,NSW,Australia,New South Wales,Missing,Missing
Keith Storey,1936,Fullback,1,0,1,0,0,0,NSW,Australia,New South Wales,Missing,Missing
Roo Dorr,1936,Wing,2,1,1,0,0,0,VIC,Australia,Victoria,Missing,Missing
Mac Ramsay,1936,No. 8,4,1,3,0,2,6,NSW,Australia,New South Wales,Missing,Missing
Eric Hutchinson,1937,Lock,2,0,2,0,0,0,NSW,Australia,New South Wales,Missing,Missing
Jan McShane,1937,Scrum-half,2,0,2,0,0,0,Tamworth,United Kingdom,England,West Midlands,Staffordshire
Vayro Wilson,1937,Prop,5,0,5,0,0,0,Qld,Australia,Queensland,Missing,Missing
Keith Windon,1937,Flanker,3,0,3,0,0,0,NSW,Australia,New South Wales,Missing,Missing
Paul Collins,1937,Fly-half,3,0,3,0,1,3,NSW,Australia,New South Wales,Missing,Missing
Bill Hammon,1937,Centre,1,0,1,0,0,0,Invercargill,New Zealand/Aotearoa,Southland,Invercargill City,Invercargill
Frank O'Brien,1937,Wing,2,0,2,0,1,3,NSW,Australia,New South Wales,Missing,Missing
Alby Stone,1937,Hooker,3,0,3,0,0,0,NSW,Australia,New South Wales,Missing,Missing
Max Carpenter,1938,Wing,2,0,2,0,2,20,NSW,Australia,New South Wales,Missing,Missing
John Howard,1938,Wing,2,0,2,0,0,0,QLD,Australia,Queensland,Missing,Missing
Frederick Kerr,1938,No. 8,1,0,1,0,0,0,VIC,Australia,Victoria,Missing,Missing
Boyd Oxlade,1938,Flanker,3,0,3,0,0,0,QLD,Australia,Queensland,Missing,Missing
Gordon Stone,1938,Scrum-half,1,0,1,0,0,0,NSW,Australia,New South Wales,Missing,Missing
Winston Ide,1938,Centre,2,0,2,0,0,0,NSW,Australia,New South Wales,Missing,Missing
Haggis Lang,1938,Prop,2,0,2,0,0,0,Multan,‏پاکستان‎,پنجاب,Multān District,Multan
Cracker McDonald,1938,Flanker,2,0,2,0,0,0,Qld,Australia,Queensland,Missing,Missing
Bill Monti,1938,Lock,1,0,1,0,0,0,NSW,Australia,New South Wales,Missing,Missing
Cec Ramalli,1938,Scrum-half,2,0,2,0,0,0,NSW,Australia,New South Wales,Missing,Missing
Mick Clifford,1938,Fullback,1,0,1,0,0,0,NSW,Australia,New South Wales,Missing,Missing
Trevor Allan,1946,Centre,14,6,7,1,2,24,NSW,Australia,New South Wales,Missing,Missing
Arthur Buchan,1946,No. 8,10,4,6,0,0,0,NSW,Australia,New South Wales,Missing,Missing
Mick Cremin,1946,Fly-half,3,0,3,0,0,0,NSW,Australia,New South Wales,Missing,Missing
Wal Dawson,1946,Hooker,2,0,2,0,0,0,NSW,Australia,New South Wales,Missing,Missing
Charlie Eastes,1946,Wing,6,0,5,1,2,6,NSW,Australia,New South Wales,Missing,Missing
Phil Hardcastle,1946,Lock,5,1,4,0,0,0,Buenos Aires,Argentina,CABA,Comuna 6,CABA
Paul Johnson,1946,Centre,2,0,2,0,0,0,QLD,Australia,Queensland,Missing,Missing
Alan Livermore,1946,Flanker,2,0,2,0,0,2,QLD,Australia,Queensland,Missing,Missing
John MacBride,1946,Wing,10,3,7,0,1,3,NSW,Australia,New South Wales,Missing,Missing
Bill McLean,1946,Flanker,5,0,5,0,1,3,Qld,Australia,Queensland,Missing,Missing
Bob McMaster,1946,Prop,7,1,6,0,0,2,Qld,Australia,Queensland,Missing,Missing
Brian Piper,1946,Fullback,12,4,7,1,0,18,NSW,Australia,New South Wales,Missing,Missing
Bernard Schulte,1946,Scrum-half,2,0,2,0,0,0,Qld,Australia,Queensland,Missing,Missing
Eric Tweedale,1946,Prop,10,4,5,1,0,0,Rochdale,United Kingdom,England,North West England,Greater Manchester
Col Windon,1946,Flanker,20,8,11,1,11,33,NSW,Australia,New South Wales,Missing,Missing
Ernie Freeman,1946,Prop,2,0,2,0,0,0,NSW,Australia,New South Wales,Missing,Missing
Max Howell,1946,Centre,5,2,3,0,1,3,NSW,Australia,New South Wales,Missing,Missing
Des Bannon,1946,Fly-half,1,0,1,0,0,0,NSW,Australia,New South Wales,Missing,Missing
Don Furness,1946,Hooker,1,0,1,0,0,0,NSW,Australia,New South Wales,Missing,Missing
Bruce Hamilton,1946,Lock,1,0,1,0,0,0,?,g,n,i,s
James Stone,1946,Wing,2,0,2,0,0,0,NSW,Australia,New South Wales,Missing,Missing
Cyril Burke,1946,Scrum-half,26,9,16,1,2,6,NSW,Australia,New South Wales,Missing,Missing
Roger Cornforth,1947,Lock,2,0,2,0,1,3,NSW,Australia,New South Wales,Missing,Missing
Ken Kearney,1947,Hooker,7,3,4,0,1,3,NSW,Australia,New South Wales,Missing,Missing
Doug Keller,1947,Flanker,13,6,7,0,0,0,NSW,Australia,New South Wales,Missing,Missing
Alan Walker,1947,Centre,5,1,4,0,1,3,NSW,Australia,New South Wales,Missing,Missing
Thomas Bourke,1947,Centre,1,0,1,0,0,0,Qld,Australia,Queensland,Missing,Missing
Neville Emery,1947,Fly-half,10,6,3,1,1,3,NSW,Australia,New South Wales,Missing,Missing
Joe Kraefft,1947,Lock,6,3,3,0,0,0,N Sydney,Australia,New South Wales,Sydney,North Sydney
Nick Shehadie,1947,Prop,30,8,21,1,3,9,NSW,Australia,New South Wales,Missing,Missing
Clem Windsor,1947,Fullback,1,0,1,0,0,0,QLD,Australia,Queensland,Missing,Missing
Eric Davis,1947,Prop,4,1,2,1,0,0,Kent,United Kingdom,England,South East,Kent
Arthur Tonkin,1947,Wing,6,3,3,0,2,14,NSW,Australia,New South Wales,Missing,Missing
Jack Baxter,1949,Prop,9,4,4,1,0,0,NSW,Australia,New South Wales,Missing,Missing
Jack Blomley,1949,Centre,7,3,3,1,1,3,NSW,Australia,New South Wales,Missing,Missing
Eddie Broad,1949,Fly-half,1,0,1,0,0,0,QLD,Australia,Queensland,Missing,Missing
Roy Cawsey,1949,Fullback,3,2,1,0,0,4,NSW,Australia,New South Wales,Missing,Missing
Nev Cottrell,1949,Hooker,14,5,8,1,0,10,QLD,Australia,Queensland,Missing,Missing
Keith Cross,1949,Flanker,19,6,13,0,5,15,NSW,Australia,New South Wales,Missing,Missing
Patrick Harvey,1949,No. 8,2,0,1,1,0,0,QLD,Australia,Queensland,Missing,Missing
Jack Marshall,1949,Wing,1,0,1,0,0,0,NSW,Australia,New South Wales,Missing,Missing
Dave Brockhoff,1949,Flanker,8,3,4,1,2,6,Sydney,Australia,New South Wales,Sydney,Missing
John Fogarty,1949,Wing,2,1,0,1,1,3,QLD,Australia,Queensland,Missing,Missing
John Solomon,1949,Centre,14,5,9,0,2,15,Randwick,United Kingdom,England,South West England,Gloucestershire
Clarrie Davis,1949,Wing,4,1,3,0,0,0,NSW,Australia,New South Wales,Missing,Missing
Ralph Garner,1949,Wing,2,2,0,0,2,6,NSW,Australia,New South Wales,Missing,Missing
Rex Mossop,1949,Lock,5,2,3,0,0,0,NSW,Australia,New South Wales,Missing,Missing
Bevan Wilson,1949,Prop,2,2,0,0,0,0,NSW,Australia,New South Wales,Missing,Missing
Bill Gardner,1950,Fullback,1,0,1,0,0,6,NSW,Australia,New South Wales,Missing,Missing
Keith Gordon,1950,Prop,2,0,2,0,0,0,NSW,Australia,New South Wales,Missing,Missing
Nigger Hills,1950,Wing,2,0,2,0,0,0,Auckland,New Zealand/Aotearoa,Auckland,Missing,Missing
Fabe McCarthy,1950,Prop,1,0,1,0,0,0,Darling Downs,Australia,4352,Queensland,Toowoomba
Donald MacMillan,1950,Flanker,2,0,2,0,0,0,Qld,Australia,Queensland,Missing,Missing
Peter Thompson,1950,Wing,1,0,1,0,0,0,QLD,Australia,Queensland,Missing,Missing
Paul Costello,1950,Fullback,1,0,1,0,0,0,Qld,Australia,Queensland,Missing,Missing
Alan Cameron,1951,Lock,20,5,15,0,1,3,NSW,Australia,New South Wales,Missing,Missing
Keith Gudsell,1951,Centre,3,0,3,0,0,0,Wanganui,New Zealand/Aotearoa,Manawatu-Wanganui,Wanganui District,Whanganui
Conrad Primmer,1951,Lock,2,0,2,0,0,0,QLD,Australia,Queensland,Missing,Missing
Peter Rothwell,1951,Fullback,4,1,3,0,0,8,VIC,Australia,Victoria,Missing,Missing
Eddie Stapleton,1951,Wing,16,5,11,0,6,25,NSW,Australia,New South Wales,Missing,Missing
Dick Tooth,1951,Fly-half,10,2,8,0,1,21,NSW,Australia,New South Wales,Missing,Missing
Arch Winning,1951,Flanker,1,0,1,0,0,0,Qld,Australia,Queensland,Missing,Missing
Tiny Betts,1951,Prop,3,1,2,0,0,0,QLD,Australia,Queensland,Missing,Missing
Murray Tate,1951,Fly-half,8,3,5,0,1,3,NSW,Australia,New South Wales,Missing,Missing
Herb Barker,1952,Centre,7,3,4,0,1,27,NSW,Australia,New South Wales,Missing,Missing
Brian Cox,1952,Scrum-half,9,2,7,0,1,3,NSW,Australia,New South Wales,Missing,Missing
Bob Davidson,1952,Prop,13,3,10,0,0,0,NSW,Australia,New South Wales,Missing,Missing
Lou Hatherall,1952,Prop,2,1,1,0,0,0,Qld,Australia,Queensland,Missing,Missing
Brian Johnson,1952,No. 8,9,3,6,0,2,6,NSW,Australia,New South Wales,Missing,Missing
Garth Jones,1952,Wing,12,4,8,0,4,12,Qld,Australia,Queensland,Missing,Missing
Tony Miller,1952,Prop,41,9,30,2,2,6,NSW,Australia,New South Wales,Missing,Missing
Ray Colbert,1952,Fullback,6,2,4,0,0,6,QLD,Australia,Queensland,Missing,Missing
John O'Neill,1952,Fullback,4,1,3,0,0,0,Qld,Australia,Queensland,Missing,Missing
John Bosler,1953,Scrum-half,1,0,1,0,0,0,NSW,Australia,New South Wales,Missing,Missing
Jack Carroll,1953,No. 8,1,0,1,0,0,0,NSW,Australia,New South Wales,Missing,Missing
Mac Hughes,1953,No. 8,14,2,12,0,1,3,Albury,Australia,2640,New South Wales,City of Albury
James Phipps,1953,Centre,11,3,8,0,1,3,Java,Indonesia,Jawa Tengah,Banjarnegara,Java
Thomas Sweeney,1953,Fullback,1,0,1,0,0,3,QLD,Australia,Queensland,Missing,Missing
Jim Walsh,1953,Hooker,4,1,3,0,0,0,NSW,Australia,New South Wales,Missing,Missing
Spencer Brown,1953,Fly-half,3,1,2,0,0,0,Qld,Australia,Queensland,Missing,Missing
Colin Forbes,1953,Prop,6,1,5,0,0,0,QLD,Australia,Queensland,Missing,Missing
Vince Heinrich,1954,Flanker,2,1,1,0,0,0,NSW,Australia,New South Wales,Missing,Missing
Paul Mooney,1954,Hooker,2,1,1,0,0,0,QLD,Australia,Queensland,Missing,Missing
John Pashley,1954,Flanker,5,2,2,1,0,0,NSW,Australia,New South Wales,Missing,Missing
Gavan Horsley,1954,Wing,1,0,1,0,0,0,Qld,Australia,Queensland,Missing,Missing
Neil Adams,1955,Prop,1,0,1,0,0,0,NSW,Australia,New South Wales,Missing,Missing
James Cross,1955,Hooker,3,1,2,0,0,0,NSW,Australia,New South Wales,Missing,Missing
John Thornett,1955,Flanker,37,9,25,3,1,3,NSW,Australia,New South Wales,Missing,Missing
Gordon Davis,1955,Fly-half,2,1,1,0,0,0,NSW,Australia,New South Wales,Missing,Missing
Rod Phelps,1955,Wing,23,5,17,1,2,6,NSW,Australia,New South Wales,Missing,Missing
Don Strachan,1955,Prop,2,1,1,0,0,0,NSW,Australia,New South Wales,Missing,Missing
Jim Brown,1956,Hooker,9,0,9,0,0,0,NSW,Australia,New South Wales,Missing,Missing
Ainslie Sheil,1956,Fly-half,1,0,1,0,0,0,VIC,Australia,Victoria,Missing,Missing
Saxon White,1956,Centre,7,0,6,1,0,0,NSW,Australia,New South Wales,Missing,Missing
Barry Roberts,1956,Wing,1,0,1,0,0,0,NSW,Australia,New South Wales,Missing,Missing
Terry Curley,1957,Fullback,11,2,9,0,0,11,NSW,Australia,New South Wales,Missing,Missing
Ken Donald,1957,Wing,9,0,8,1,1,21,QLD,Australia,Queensland,Missing,Missing
Max Elliott,1957,Prop,1,0,1,0,0,0,NSW,Australia,New South Wales,Missing,Missing
Peter Fenwicke,1957,Flanker,6,0,6,0,0,0,NSW,Australia,New South Wales,Missing,Missing
Alan Morton,1957,Wing,11,2,8,1,3,9,Queanbeyan,Australia,New South Wales,Queanbeyan,Missing
Jack Potts,1957,Centre,5,0,5,0,0,0,NSW,Australia,New South Wales,Missing,Missing
Chilla Wilson,1957,Flanker,4,1,3,0,0,0,QLD,Australia,Queensland,Missing,Missing
David Emanuel,1957,Lock,9,1,7,1,0,0,NSW,Australia,New South Wales,Missing,Missing
Brian Ford,1957,Wing,1,0,1,0,0,0,NSW,Australia,New South Wales,Missing,Missing
Bill Gunther,1957,No. 8,1,0,1,0,0,0,NSW,Australia,New South Wales,Missing,Missing
Neill Latimer,1957,Lock,1,0,1,0,0,0,VIC,Australia,Victoria,Missing,Missing
Desmond Connor,1958,Scrum-half,24,11,11,2,0,0,Brisbane,Australia,Queensland,Brisbane,Missing
Jim Lenehan,1958,Fullback,24,5,17,2,3,46,NSW,Australia,New South Wales,Missing,Missing
Arthur Summons,1958,Fly-half,10,1,8,1,1,3,Paddington,United Kingdom,England,Greater London,London
Kevin Ryan,1958,No. 8,5,2,3,0,0,0,Qld,Australia,Queensland,Missing,Missing
Geoffrey Vaughan,1958,Prop,6,1,4,1,0,0,NSW,Australia,New South Wales,Missing,Missing
Ted Purkiss,1958,Flanker,2,1,1,0,0,0,NSW,Australia,New South Wales,Missing,Missing
Tony Fox,1958,Wing,1,0,1,0,0,0,NSW,Australia,New South Wales,Missing,Missing
Ron Harvey,1958,Fly-half,2,0,2,0,0,0,NSW,Australia,New South Wales,Missing,Missing
Ken Yanz,1958,Flanker,1,0,1,0,0,0,NSW,Australia,New South Wales,Missing,Missing
Alistar Boyd,1958,Wing,1,1,0,0,0,0,Qld,Australia,Queensland,Missing,Missing
Don Logan,1958,Scrum-half,1,1,0,0,0,0,NSW,Australia,New South Wales,Missing,Missing
Ronald Meadows,1958,Hooker,6,2,3,1,0,0,NSW,Australia,New South Wales,Missing,Missing
Bruce Wells,1958,Fly-half,1,1,0,0,0,0,NSW,Australia,New South Wales,Missing,Missing
Jack Carroll,1958,Lock,7,1,5,1,1,3,NSW,Australia,New South Wales,Missing,Missing
Peter James,1958,Centre,2,0,1,1,0,0,QLD,Australia,Queensland,Missing,Missing
Kerry Larkin,1958,Prop,2,0,1,1,0,0,QLD,Australia,Queensland,Missing,Missing
Peter Dunn,1958,Prop,5,1,4,0,0,0,NSW,Australia,New South Wales,Missing,Missing
Keith Ellis,1958,Prop,5,1,4,0,0,0,NSW,Australia,New South Wales,Missing,Missing
Beres Ellwood,1958,Centre,20,7,11,2,2,29,NSW,Australia,New South Wales,Missing,Missing
Don Lowth,1958,Flanker,1,0,1,0,0,0,QLD,Australia,Queensland,Missing,Missing
Jon White,1958,Prop,24,9,13,2,0,0,NSW,Australia,New South Wales,Missing,Missing
Danny Kay,1958,Centre,2,1,1,0,0,0,Sydney,Australia,New South Wales,Sydney,Missing
Thomas Baxter,1958,Centre,1,0,1,0,0,0,QLD,Australia,Queensland,Missing,Missing
Len Diett,1959,Centre,2,0,2,0,0,0,NSW,Australia,New South Wales,Missing,Missing
Peter Johnson,1959,Hooker,42,13,27,2,1,3,NSW,Australia,New South Wales,Missing,Missing
Bob Outterside,1959,No. 8,2,0,2,0,0,0,NSW,Australia,New South Wales,Missing,Missing
Ken Catchpole,1961,Scrum-half,27,9,17,1,3,9,NSW,Australia,New South Wales,Missing,Missing
Mike Cleary,1961,Wing,6,2,3,1,4,12,NSW,Australia,New South Wales,Missing,Missing
John Dowse,1961,Fly-half,4,2,2,0,0,25,Qld,Australia,Queensland,Missing,Missing
Ted Heinrich,1961,Flanker,10,3,5,2,2,6,NSW,Australia,New South Wales,Missing,Missing
Jimmy Lisle,1961,Centre,4,2,1,1,2,6,NSW,Australia,New South Wales,Missing,Missing
Graeme Macdougall,1961,Lock,2,1,1,0,0,0,NSW,Australia,New South Wales,Missing,Missing
Ted Magrath,1961,Wing,3,1,2,0,1,3,NSW,Australia,New South Wales,Missing,Missing
John O'Gorman,1961,No. 8,18,8,10,0,0,0,NSW,Australia,New South Wales,Missing,Missing
Terry Reid,1961,Flanker,5,2,2,1,1,3,NSW,Australia,New South Wales,Missing,Missing
Harry Roberts,1961,Fly-half,4,1,2,1,0,0,QLD,Australia,Queensland,Missing,Missing
Dick Thornett,1961,Lock,11,2,7,2,2,6,NSW,Australia,New South Wales,Missing,Missing
Rob Heming,1961,Lock,21,7,12,2,0,0,New Ireland,Papua Niugini,Islands Region,New Ireland,Namatanai District
Robert Potter,1961,Wing,1,1,0,0,0,0,Qld,Australia,Queensland,Missing,Missing
Art Turnbull,1961,Wing,1,0,0,1,0,0,Edmonton,Canada,Alberta,Edmonton,Missing
Stewart Boyce,1962,Wing,13,5,8,0,4,12,NSW,Australia,New South Wales,Missing,Missing
Lloyd McDermott,1962,Wing,2,0,2,0,0,0,Qld,Australia,Queensland,Missing,Missing
Jim Miller,1962,Prop,6,3,3,0,0,0,NSW,Australia,New South Wales,Missing,Missing
Paul Perrin,1962,Lock,1,0,1,0,0,0,NSW,Australia,New South Wales,Missing,Missing
Peter Scott,1962,Centre,2,0,2,0,0,8,Canberra,Australia,Australian Capital Territory,Canberra,Missing
Norm Storey,1962,Fly-half,1,0,1,0,0,0,NSW,Australia,New South Wales,Missing,Missing
Jim Boyce,1962,Wing,12,6,5,1,1,3,NSW,Australia,New South Wales,Missing,Missing
Geoff Chapman,1962,Flanker,3,0,2,1,0,14,NSW,Australia,New South Wales,Missing,Missing
James Douglas,1962,Wing,3,0,2,1,0,0,NSW,Australia,New South Wales,Missing,Missing
John Freedman,1962,Prop,4,0,3,1,0,0,NSW,Australia,New South Wales,Missing,Missing
Phil Hawthorne,1962,Fly-half,21,8,12,1,0,37,NSW,Australia,New South Wales,Missing,Missing
Ken McMullen,1962,Scrum-half,4,1,2,1,1,3,NSW,Australia,New South Wales,Missing,Missing
Keith Walsham,1962,Wing,2,1,0,1,1,3,NSW,Australia,New South Wales,Missing,Missing
Peter Crittle,1962,Lock,15,6,9,0,0,0,NSW,Australia,New South Wales,Missing,Missing
Dick Marks,1962,Centre,17,8,9,0,2,6,Qld,Australia,Queensland,Missing,Missing
Les Austin,1963,Prop,1,1,0,0,0,0,NSW,Australia,New South Wales,Missing,Missing
Greg Davis,1963,Flanker,39,10,28,1,2,6,Matamata,New Zealand/Aotearoa,Waikato,Matamata Piako District,Matamata
Peter Jones,1963,Centre,2,1,1,0,1,3,NSW,Australia,New South Wales,Missing,Missing
Peter Ryan,1963,Fullback,4,1,3,0,0,6,NSW,Australia,New South Wales,Missing,Missing
John Williams,1963,Wing,3,1,2,0,1,3,NSW,Australia,New South Wales,Missing,Missing
Terry Casey,1963,Fullback,6,3,3,0,0,31,NSW,Australia,New South Wales,Missing,Missing
Jules Guerassimoff,1963,Flanker,12,5,7,0,0,0,Qld,Australia,Queensland,Missing,Missing
Ian Moutray,1963,Centre,1,1,0,0,0,0,NSW,Australia,New South Wales,Missing,Missing
Bob Honan,1964,Centre,2,0,2,0,0,0,QLD,Australia,Queensland,Missing,Missing
Dallas O'Neill,1964,No. 8,2,0,2,0,0,0,Qld,Australia,Queensland,Missing,Missing
David Grimmond,1964,Wing,1,0,1,0,0,0,NSW,Australia,New South Wales,Missing,Missing
David Shepherd,1964,No. 8,5,3,2,0,0,0,Knutsford,United Kingdom,England,North West England,Cheshire East
Alan Cardy,1966,Wing,9,2,7,0,2,6,NSW,Australia,New South Wales,Missing,Missing
George Ruebner,1966,Wing,2,0,2,0,0,5,Shanghai,中华人民共和国,上海,黄浦区 (Huangpu),上海市
Ric Trivett,1966,Centre,2,0,2,0,0,0,QLD,Australia,Queensland,Missing,Missing
John Brass,1966,Centre,12,3,9,0,2,9,NSW,Australia,New South Wales,Missing,Missing
Michael Purcell,1966,Flanker,3,1,2,0,0,0,QLD,Australia,Queensland,Missing,Missing
Ross Teitzel,1966,Lock,7,2,5,0,0,0,QLD,Australia,Queensland,Missing,Missing
Paul Gibbs,1966,Fly-half,1,0,1,0,0,0,Birmingham,United Kingdom,England,West Midlands,Birmingham
Roy Prosser,1967,Prop,25,4,20,1,0,0,NSW,Australia,New South Wales,Missing,Missing
Richard How,1967,Wing,1,0,1,0,0,0,NSW,Australia,New South Wales,Missing,Missing
Hugh Rose,1967,Flanker,13,2,11,0,0,0,NSW,Australia,New South Wales,Missing,Missing
Tony Abrahams,1967,Lock,3,0,3,0,0,0,NSW,Australia,New South Wales,Missing,Missing
Rod Batterham,1967,Wing,2,1,1,0,4,15,NSW,Australia,New South Wales,Missing,Missing
Russell Manning,1967,Fullback,1,0,1,0,0,0,QLD,Australia,Queensland,Missing,Missing
Ian Proctor,1967,Wing,1,0,1,0,0,0,NSW,Australia,New South Wales,Missing,Missing
Jeff Sayle,1967,Flanker,1,0,1,0,0,0,NSW,Australia,New South Wales,Missing,Missing
Phil Smith,1967,Centre,8,1,7,0,2,6,NSW,Australia,New South Wales,Missing,Missing
John Ballesty,1968,Fly-half,9,1,8,0,1,23,NSW,Australia,New South Wales,Missing,Missing
John Cole,1968,Wing,24,4,19,1,6,21,NSW,Australia,New South Wales,Missing,Missing
Arthur McGill,1968,Fullback,21,4,16,1,1,72,NSW,Australia,New South Wales,Missing,Missing
Norman Reilly,1968,Lock,10,1,9,0,0,0,Qld,Australia,Queensland,Missing,Missing
Jim Roxburgh,1968,Prop,9,2,7,0,0,0,Wudinna,Australia,5562,South Australia,Wudinna
David Taylor,1968,No. 8,5,1,4,0,0,0,QLD,Australia,Queensland,Missing,Missing
John Hipwell,1968,Scrum-half,36,11,23,2,4,14,NSW,Australia,New South Wales,Missing,Missing
Barry Honan,1968,Centre,9,1,8,0,0,0,QLD,Australia,Queensland,Missing,Missing
Stuart Gregory,1968,Lock,16,3,12,1,0,0,QLD,Australia,Queensland,Missing,Missing
Alex Pope,1968,Centre,1,0,1,0,0,0,QLD,Australia,Queensland,Missing,Missing
Terry Forman,1968,Wing,7,0,7,0,1,3,NSW,Australia,New South Wales,Missing,Missing
Ross Turnbull,1968,Prop,1,0,1,0,0,0,NSW,Australia,New South Wales,Missing,Missing
Keith Bell,1968,Prop,1,0,1,0,0,0,Qld,Australia,Queensland,Missing,Missing
Paul Darveniza,1969,Hooker,4,0,4,0,0,0,QLD,Australia,Queensland,Missing,Missing
Geoff Shaw,1969,Centre,27,12,14,1,2,8,NSW,Australia,New South Wales,Missing,Missing
Alan Skinner,1969,Lock,3,1,2,0,0,0,NSW,Australia,New South Wales,Missing,Missing
Owen Butler,1969,Lock,7,2,5,0,0,0,NSW,Australia,New South Wales,Missing,Missing
Rupert Rosenblum,1969,Fly-half,3,1,2,0,1,11,NSW,Australia,New South Wales,Missing,Missing
Bruce Taafe,1969,Hooker,3,0,2,1,1,4,VIC,Australia,Victoria,Missing,Missing
Rod Kelleher,1969,Flanker,2,0,2,0,0,0,Wellington,New Zealand/Aotearoa,Wellington,Wellington City,Wellington
Steve Knight,1969,Centre,6,1,5,0,1,3,NSW,Australia,New South Wales,Missing,Missing
Barry McDonald,1969,Flanker,2,1,1,0,0,0,Matamata,New Zealand/Aotearoa,Waikato,Matamata Piako District,Matamata
Jake Howard,1970,Prop,7,2,4,1,0,0,NSW,Australia,New South Wales,Missing,Missing
Bob McLean,1971,No. 8,5,1,4,0,1,3,NSW,Australia,New South Wales,Missing,Missing
Geoff Richardson,1971,Fly-half,9,2,7,0,1,10,NSW,Australia,New South Wales,Missing,Missing
Reginald Smith,1971,Lock,22,10,11,1,1,4,NSW,Australia,New South Wales,Missing,Missing
Peter Sullivan,1971,Flanker,13,3,9,1,1,4,NSW,Australia,New South Wales,Missing,Missing
John Taylor,1971,Wing,4,1,2,1,1,4,NSW,Australia,New South Wales,Missing,Missing
Garrick Fay,1971,Lock,24,9,14,1,1,7,NSW,Australia,New South Wales,Missing,Missing
Jeff McLean,1971,Wing,13,2,10,1,2,31,Qld,Australia,Queensland,Missing,Missing
Mick Barry,1971,Scrum-half,1,0,1,0,0,0,QLD,Australia,Queensland,Missing,Missing
Stuart Macdougall,1971,Prop,8,2,5,1,0,0,NSW,Australia,New South Wales,Missing,Missing
Robert Thompson,1971,Hooker,3,1,2,0,1,6,Rotorua,New Zealand/Aotearoa,Bay of Plenty,Rotorua District,Rotorua
David Dunworth,1971,Prop,5,2,2,1,0,0,QLD,Australia,Queensland,Missing,Missing
Russell Fairfax,1971,Fly-half,8,2,5,1,0,27,NSW,Australia,New South Wales,Missing,Missing
Rex l'Estrange,1971,Centre,16,4,11,1,2,8,QLD,Australia,Queensland,Missing,Missing
Dave Burnet,1972,Centre,6,1,4,1,1,4,NSW,Australia,New South Wales,Missing,Missing
Dick Cocks,1972,No. 8,10,3,6,1,0,0,NSW,Australia,New South Wales,Missing,Missing
David Rathie,1972,Centre,2,0,1,1,0,0,Qld,Australia,Queensland,Missing,Missing
Gary Grey,1972,Scrum-half,5,1,4,0,0,0,NSW,Australia,New South Wales,Missing,Missing
Bruce Brown,1972,Prop,2,0,2,0,0,0,QLD,Australia,Queensland,Missing,Missing
Mick Freney,1972,Hooker,6,1,5,0,0,0,QLD,Australia,Queensland,Missing,Missing
Tony Gelling,1972,No. 8,2,1,1,0,0,0,NSW,Australia,New South Wales,Missing,Missing
Barry Stumbles,1972,Lock,4,1,3,0,1,4,Canberra,Australia,Australian Capital Territory,Canberra,Missing
John Cornes,1972,Scrum-half,1,1,0,0,0,0,Cambridge,United Kingdom,England,East of England,Cambridgeshire
Peter Rowles,1972,Fly-half,2,1,1,0,0,0,NSW,Australia,New South Wales,Missing,Missing
Robert Wood,1972,Lock,1,1,0,0,0,0,QLD,Australia,Queensland,Missing,Missing
Ron Graham,1973,Prop,18,9,8,1,0,0,NSW,Australia,New South Wales,Missing,Missing
Mark Loane,1973,No. 8,28,16,12,0,2,8,Qld,Australia,Queensland,Missing,Missing
Trevor Stegman,1973,Centre,2,1,1,0,0,0,NSW,Australia,New South Wales,Missing,Missing
Owen Stephens,1968,Wing,6,2,3,1,2,8,Paeroa,New Zealand/Aotearoa,Waikato,Hauraki District,Paeroa
Chris Carberry,1973,Hooker,13,8,5,0,0,0,NSW,Australia,New South Wales,Missing,Missing
Eric Tindall,1973,Scrum-half,1,0,1,0,1,4,NSW,Australia,New South Wales,Missing,Missing
Tony Shaw,1973,Flanker,36,20,16,0,2,8,QLD,Australia,Queensland,Missing,Missing
Bruce Battishall,1973,Flanker,1,0,1,0,0,0,NSW,Australia,New South Wales,Missing,Missing
Laurie Monaghan,1973,Wing,17,6,10,1,2,11,NSW,Australia,New South Wales,Missing,Missing
Roger Davis,1974,Lock,3,0,2,1,0,0,NSW,Australia,New South Wales,Missing,Missing
Peter Horton,1974,Hooker,19,8,10,1,0,0,Brixton,United Kingdom,England,Greater London,London
John Lambie,1974,No. 8,4,0,3,1,0,0,NSW,Australia,New South Wales,Missing,Missing
Paul McLean,1974,Fly-half,30,15,14,1,2,260,Qld,Australia,Queensland,Missing,Missing
John Meadows,1974,Prop,22,9,13,0,0,0,London,United Kingdom,England,Greater London,London
Ray Price,1974,Flanker,8,5,2,1,4,16,NSW,Australia,New South Wales,Missing,Missing
Greg Cornelsen,1974,Flanker,25,9,15,1,4,16,NSW,Australia,New South Wales,Missing,Missing
Bob Brown,1975,Fullback,2,2,0,0,0,14,NSW,Australia,New South Wales,Missing,Missing
Steve Finnane,1975,Prop,6,5,1,0,0,0,NSW,Australia,New South Wales,Missing,Missing
Douglas Osborne,1975,Wing,3,3,0,0,1,4,Thames,New Zealand/Aotearoa,Waikato,Thames Coromandel District,Thames
John Weatherstone,1975,Centre,7,5,2,0,2,8,NSW,Australia,New South Wales,Missing,Missing
Ken Wright,1975,Fly-half,9,5,4,0,1,31,NSW,Australia,New South Wales,Missing,Missing
Ian Robertson,1975,Wing,2,2,0,0,2,8,NSW,Australia,New South Wales,Missing,Missing
Rod Hauser,1975,Scrum-half,15,9,6,0,1,4,Qld,Australia,Queensland,Missing,Missing
Jim Hindmarsh,1975,Fullback,9,5,4,0,0,12,NSW,Australia,New South Wales,Missing,Missing
Brian Mansfield,1975,Lock,1,1,0,0,0,0,NSW,Australia,New South Wales,Missing,Missing
John Ryan,1975,Wing,6,6,0,0,9,36,NSW,Australia,New South Wales,Missing,Missing
Paddy Batch,1975,Wing,14,7,7,0,5,20,Qld,Australia,Queensland,Missing,Missing
John Berne,1975,Centre,1,0,1,0,0,0,Co Antrim,United Kingdom,Northern Ireland,County Antrim,Missing
Spider Hillhouse,1975,Lock,16,8,7,1,0,0,QLD,Australia,Queensland,Missing,Missing
Gary Pearse,1975,Flanker,9,6,3,0,4,16,NSW,Australia,New South Wales,Missing,Missing
Bill McKid,1976,Centre,6,2,4,0,0,0,NSW,Australia,New South Wales,Missing,Missing
Gregory Shambrook,1976,Centre,2,2,0,0,0,0,Qld,Australia,Queensland,Missing,Missing
Mick Ellem,1976,,1,1,0,0,0,0,NSW,Australia,New South Wales,Missing,Missing
Phil Crowe,1976,Wing,6,3,3,0,2,8,Westminster,United Kingdom,England,Greater London,London
Martin Knight,1978,Centre,3,2,1,0,0,0,Bucklow,United Kingdom,M21,England,North West England
Stan Pilecki,1978,Prop,18,9,9,0,0,0,Augusdorf,France,88120,France métropolitaine,Lorraine
Andrew Slack,1978,Centre,39,24,15,0,10,40,QLD,Australia,Queensland,Missing,Missing
Peter McLean,1978,Lock,16,7,9,0,0,0,QLD,Australia,Queensland,Missing,Missing
Steve Streeter,1978,Wing,1,0,1,0,0,0,NSW,Australia,New South Wales,Missing,Missing
Brendan Moon,1978,Wing,35,20,14,1,14,56,VIC,Australia,Victoria,Missing,Missing
Geoff Richards,1978,Fullback,3,2,1,0,0,3,Hornchurch,United Kingdom,England,Greater London,London
Buddha Handy,1978,Prop,6,4,2,0,0,0,QLD,Australia,Queensland,Missing,Missing
Tony Melrose,1978,Fly-half,6,3,3,0,0,11,NSW,Australia,New South Wales,Missing,Missing
Bruce Cooke,1979,Fullback,1,0,1,0,0,0,QLD,Australia,Queensland,Missing,Missing
Bill Ross,1979,Hooker,13,7,6,0,1,4,QLD,Australia,Queensland,Missing,Missing
Keith Besomo,1979,Lock,1,0,1,0,0,0,NSW,Australia,New South Wales,Missing,Missing
Peter Carson,1979,Scrum-half,2,2,0,0,1,4,NSW,Australia,New South Wales,Missing,Missing
Andy Stewart,1979,Flanker,3,2,1,0,0,0,NSW,Australia,New South Wales,Missing,Missing
Phillip Cox,1979,Scrum-half,16,7,9,0,0,0,NSW,Australia,New South Wales,Missing,Missing
Michael O'Connor,1979,Centre,12,8,4,0,5,20,NSW,Australia,New South Wales,Missing,Missing
Tony d'Arcy,1980,Prop,10,6,4,0,0,0,Port Moresby,Papua Niugini,Papua Region,National Capital District,Port Moresby
Duncan Hall,1980,Lock,15,10,5,0,1,4,QLD,Australia,Queensland,Missing,Missing
Mike Hawker,1980,Centre,25,12,12,1,5,32,NSW,Australia,New South Wales,Missing,Missing
Mick Martin,1980,Wing,6,4,2,0,2,8,NSW,Australia,New South Wales,Missing,Missing
Mick Mathers,1980,Lock,2,1,1,0,0,0,WA,United States of America,Washington,Missing,Missing
Simon Poidevin,1980,Flanker,59,37,19,3,6,24,NSW,Australia,New South Wales,Missing,Missing
Steve Williams,1980,Lock,28,17,10,1,1,4,NSW,Australia,New South Wales,Missing,Missing
Mark Ella,1980,Fly-half,25,13,11,1,6,78,Sydney,Australia,New South Wales,Sydney,Missing
Roger Gould,1980,Fullback,25,14,10,1,4,86,QLD,Australia,Queensland,Missing,Missing
Declan Curran,1980,Prop,5,3,2,0,0,0,NSW,Australia,New South Wales,Missing,Missing
Peter Grigg,1980,Wing,25,18,7,0,12,48,Qld,Australia,Queensland,Missing,Missing
Mitchell Cox,1981,Wing,2,0,2,0,1,4,NSW,Australia,New South Wales,Missing,Missing
Glen Ella,1982,Fullback,4,3,1,0,0,0,Sydney,Australia,New South Wales,Sydney,Missing
Chris Roche,1982,Flanker,17,8,8,1,3,12,QLD,Australia,Queensland,Missing,Missing
David Campese,1982,Wing,101,67,32,2,64,315,Queanbeyan,Australia,New South Wales,Queanbeyan,Missing
John Coolican,1982,Prop,4,1,2,1,0,0,NSW,Australia,New South Wales,Missing,Missing
Gary Ella,1982,Centre,6,2,3,1,2,8,Sydney,Australia,New South Wales,Sydney,Missing
Peter Lucas,1982,No. 8,3,1,2,0,0,0,NSW,Australia,New South Wales,Missing,Missing
Andy McIntyre,1982,Prop,38,22,14,2,3,12,Qld,Australia,Queensland,Missing,Missing
Bruce Malouf,1982,Hooker,1,0,1,0,0,0,NSW,Australia,New South Wales,Missing,Missing
Lance Walker,1982,Hooker,2,1,1,0,0,0,NSW,Australia,New South Wales,Missing,Missing
Steve Cutler,1982,Lock,40,24,14,2,4,16,NSW,Australia,New South Wales,Missing,Missing
Phil Clements,1982,Lock,1,0,1,0,0,0,NSW,Australia,New South Wales,Missing,Missing
Dominic Vaughan,1983,Scrum-half,5,2,2,1,0,0,NSW,Australia,New South Wales,Missing,Missing
Ross Hanley,1983,Wing,2,2,0,0,1,4,Qld,Australia,Queensland,Missing,Missing
David Codey,1983,Flanker,13,8,5,0,2,8,NSW,Australia,New South Wales,Missing,Missing
Tony Parker,1983,Scrum-half,3,1,2,0,0,0,QLD,Australia,Queensland,Missing,Missing
Mark Harding,1983,Prop,1,1,0,0,0,0,Christchurch,New Zealand/Aotearoa,Canterbury,Christchurch City,Christchurch
Mark McBain,1983,Hooker,7,6,0,1,0,0,QLD,Australia,Queensland,Missing,Missing
Steve Tuynman,1983,No. 8,34,21,11,2,5,20,NSW,Australia,New South Wales,Missing,Missing
Tom Lawton,1983,Hooker,41,24,14,3,4,16,Darwin,Australia,Northern Territory,Darwin,Missing
Bill Campbell,1984,Lock,22,14,8,0,0,0,QLD,Australia,Queensland,Missing,Missing
Nigel Holt,1984,Lock,1,1,0,0,0,0,Qld,Australia,Queensland,Missing,Missing
Michael Lynagh,1984,Fly-half,72,51,20,1,17,911,QLD,Australia,Queensland,Missing,Missing
Ross Reynolds,1984,No. 8,10,8,2,0,2,8,NSW,Australia,New South Wales,Missing,Missing
Topo Rodriguez,1979,Prop,43,25,16,2,0,0,Cordoba,España,Andalucía,Córdoba,Missing
Nick Farr-Jones,1984,Scrum-half,63,42,20,1,9,37,NSW,Australia,New South Wales,Missing,Missing
Matthew Burke,1984,Wing,23,16,6,1,15,60,NSW,Australia,New South Wales,Missing,Missing
James Black,1985,Fullback,4,3,1,0,1,4,NSW,Australia,New South Wales,Missing,Missing
Bill Calcraft,1985,Flanker,3,3,0,0,1,4,NSW,Australia,New South Wales,Missing,Missing
Nigel Kassulke,1985,Centre,2,2,0,0,1,4,Qld,Australia,Queensland,Missing,Missing
Tim Lane,1985,Centre,3,2,1,0,2,8,NSW,Australia,New South Wales,Missing,Missing
David Knox,1985,Fly-half,13,10,3,0,2,117,NSW,Australia,New South Wales,Missing,Missing
Brett Papworth,1985,Centre,16,11,4,1,5,20,NSW,Australia,New South Wales,Missing,Missing
Cameron Lillicrap,1985,Prop,7,5,2,0,0,0,QLD,Australia,Queensland,Missing,Missing
Michael Cook,1986,Centre,11,7,3,1,1,4,Vic,Australia,Victoria,Missing,Missing
Damien Frawley,1986,Lock,10,5,3,2,0,0,Qld,Australia,Queensland,Missing,Missing
Mark Hartill,1986,Prop,20,10,8,2,1,4,NSW,Australia,New South Wales,Missing,Missing
Jeff Miller,1986,Flanker,26,14,10,2,1,4,United States,United States of America,Missing,Missing,Missing
Andrew Leeds,1986,Fullback,14,6,6,2,5,43,NSW,Australia,New South Wales,Missing,Missing
Brian Smith,1987,Scrum-half,15,6,7,2,4,52,St George,United States of America,Utah,Washington County,St. George
Anthony Herbert,1987,Centre,10,6,4,0,1,5,QLD,Australia,Queensland,Missing,Missing
Steve James,1987,Fly-half,6,2,2,2,1,4,NSW,Australia,New South Wales,Missing,Missing
Troy Coker,1987,No. 8,27,16,11,0,0,0,QLD,Australia,Queensland,Missing,Missing
Steve Lidbury,1987,No. 8,2,1,0,1,0,0,NSW,Australia,New South Wales,Missing,Missing
Ian Williams,1987,Wing,18,6,10,2,11,45,NSW,Australia,New South Wales,Missing,Missing
Julian Gardner,1987,Flanker,24,12,12,0,4,20,QLD,Australia,Queensland,Missing,Missing
David Carter,1988,No. 8,5,3,2,0,1,4,NSW,Australia,New South Wales,Missing,Missing
James Grant,1988,Centre,4,1,2,1,2,8,NSW,Australia,New South Wales,Missing,Missing
Rob Lawton,1988,Prop,4,2,1,1,0,0,Trengganu,Malaysia,Terengganu / ترڠڬانو,Missing,Missing
Peter Kay,1988,Prop,1,1,0,0,0,0,SA,Österreich,5020,Salzburg,Missing
Tim Gavin,1988,No. 8,47,31,15,1,9,40,NSW,Australia,New South Wales,Missing,Missing
Lloyd Walker,1988,Centre,8,3,4,1,2,8,NSW,Australia,New South Wales,Missing,Missing
Brad Girvan,1988,Centre,1,0,1,0,0,0,ACT,Australia,Australian Capital Territory,Missing,Missing
Scott Gourley,1988,Flanker,5,3,2,0,3,12,NSW,Australia,New South Wales,Missing,Missing
Acura Niuqila,1983,Wing,18,9,9,0,9,36,Wainibokasi,g,n,i,s
Brad Burke,1988,Scrum-half,1,1,0,0,0,0,NSW,Australia,New South Wales,Missing,Missing
Dan Crowley,1989,Prop,38,28,10,0,1,5,QLD,Australia,Queensland,Missing,Missing
Dominic Maguire,1989,Centre,3,1,2,0,1,4,QLD,Australia,Queensland,Missing,Missing
Greg Martin,1989,Fullback,9,3,6,0,3,12,QLD,Australia,Queensland,Missing,Missing
Tony Daly,1989,Prop,41,31,10,0,4,17,NSW,Australia,New South Wales,Missing,Missing
Tim Horan,1989,"Centre, Fly-half",80,59,20,1,30,140,NSW,Australia,New South Wales,Missing,Missing
Phil Kearns,1989,Hooker,67,50,17,0,8,34,NSW,Australia,New South Wales,Missing,Missing
Peter FitzSimons,1989,Lock,7,4,3,0,0,0,NSW,Australia,New South Wales,Missing,Missing
Jason Little,1989,Centre,75,58,17,0,21,102,Qld,Australia,Queensland,Missing,Missing
Rod McCall,1989,Lock,40,29,11,0,1,5,QLD,Australia,Queensland,Missing,Missing
Brendon Nasser,1989,Flanker,8,5,3,0,0,0,QLD,Australia,Queensland,Missing,Missing
Darren Junee,1989,Fullback,4,3,1,0,1,5,NSW,Australia,New South Wales,Missing,Missing
Paul Carozza,1990,Wing,15,11,4,0,9,41,QLD,Australia,Queensland,Missing,Missing
Ewen McKenzie,1990,Prop,51,39,12,0,2,9,VIC,Australia,Victoria,Missing,Missing
Paul Cornish,1990,Centre,3,1,2,0,1,4,ACT,Australia,Australian Capital Territory,Missing,Missing
Sam Scott-Young,1990,No. 8,7,5,2,0,0,0,Qld,Australia,Queensland,Missing,Missing
John Flett,1990,Wing,4,3,1,0,0,0,NSW,Australia,New South Wales,Missing,Missing
Peter Slattery,1990,Scrum-half,17,16,1,0,2,8,QLD,Australia,Queensland,Missing,Missing
Willie Ofahengaue,1990,Flanker,41,30,10,1,11,51,Kolofo'ou,Tonga,Vavaʻu,Vahe Neiafu,Kolofo'ou
John Eales,1991,Lock,86,66,18,2,2,173,QLD,Australia,Queensland,Missing,Missing
Bob Egerton,1991,Wing,9,8,1,0,2,8,New Guinea,Papua Niugini,Papua Region,Western,Kiunga District
Marty Roebuck,1991,Fullback,23,20,3,0,5,114,NSW,Australia,New South Wales,Missing,Missing
David Nucifora,1991,Hooker,2,2,0,0,0,0,QLD,Australia,Queensland,Missing,Missing
Richard Tombs,1992,Centre,5,4,1,0,0,0,Te Kuiti,New Zealand/Aotearoa,Waikato,Waitomo District,Te Kuiti
David Wilson,1992,Flanker,79,60,18,1,13,65,QLD,Australia,Queensland,Missing,Missing
Peter Jorgensen,1992,Centre,2,2,0,0,0,0,NSW,Australia,New South Wales,Missing,Missing
Tim Kelaher,1992,Fullback,3,2,1,0,1,10,Gosford,Australia,New South Wales,Gosford,Missing
Garrick Morgan,1992,Lock,24,17,7,0,3,15,NSW,Australia,New South Wales,Missing,Missing
Paul Kahl,1992,Fly-half,1,1,0,0,0,0,QLD,Australia,Queensland,Missing,Missing
Brett Johnstone,1993,Scrum-half,1,1,0,0,1,5,Qld,Australia,Queensland,Missing,Missing
Pat Howard,1993,Centre,20,12,7,1,2,10,NSW,Australia,New South Wales,Missing,Missing
Scott Bowen,1993,Fly-half,9,4,5,0,0,0,NSW,Australia,New South Wales,Missing,Missing
Damian Smith,1993,Wing,21,15,6,0,10,50,QLD,Australia,Queensland,Missing,Missing
Warwick Waugh,1993,Lock,8,4,4,0,1,5,Canberra,Australia,Australian Capital Territory,Canberra,Missing
Ilie Tabua Tamanivalu,1990,Flanker,26,19,7,0,3,15,Naivicula,g,n,i,s
Matt Burke,1993,Fullback,81,55,25,1,29,878,NSW,Australia,New South Wales,Missing,Missing
Alistair Murdoch,1993,Centre,2,1,1,0,1,5,NSW,Australia,New South Wales,Missing,Missing
Mike Brial,1993,Back-row,13,8,5,0,1,5,NSW,Australia,New South Wales,Missing,Missing
Matt O'Connor,1994,Centre,1,1,0,0,0,0,Canberra,Australia,Australian Capital Territory,Canberra,Missing
Matt Pini,1994,Fullback,20,10,10,0,4,20,Canberra,Australia,Australian Capital Territory,Canberra,Missing
Dan Herbert,1994,Centre,67,50,16,1,11,55,QLD,Australia,Queensland,Missing,Missing
Ryan Constable,1994,Centre,1,1,0,0,0,0,Durban,South Africa,KwaZulu-Natal,eThekwini Metropolitan Municipality,Durban
George Gregan,1994,Scrum-half,139,93,44,2,18,99,Lusaka,Zambia,Lusaka Province,Lusaka,Missing
Tim Wallace,1994,Fly-half,2,2,0,0,0,20,NSW,Australia,New South Wales,Missing,Missing
Joe Roff,1995,"Fullback, Wing",86,61,23,2,30,244,Victoria,Australia,Victoria,Missing,Missing
Michael Foley,1995,Hooker,50,34,14,2,4,20,NSW,Australia,New South Wales,Missing,Missing
Daniel Manu,1995,Flanker,15,10,5,0,3,15,QLD,Australia,Queensland,Missing,Missing
Steve Merrick,1995,Scrum-half,2,0,2,0,0,0,NSW,Australia,New South Wales,Missing,Missing
Marco Caputo,1996,Hooker,5,4,1,0,1,5,Modena,Italia,EMR,MO,Modena
Owen Finegan,1996,"Lock, Back-row",55,37,16,2,6,30,NSW,Australia,New South Wales,Missing,Missing
Richard Harry,1996,Prop,37,27,9,1,1,5,NSW,Australia,New South Wales,Missing,Missing
Sam Payne,1996,Scrum-half,6,4,2,0,1,5,NSW,Australia,New South Wales,Missing,Missing
Ben Tune,1996,Centre,47,30,16,1,24,120,QLD,Australia,Queensland,Missing,Missing
Stephen Larkham,1996,"Fullback, Fly-half",102,68,31,3,25,135,Canberra,Australia,Australian Capital Territory,Canberra,Missing
Mark Bell,1996,Hooker,1,1,0,0,0,0,NSW,Australia,New South Wales,Missing,Missing
Andrew Heath,1996,Prop,8,4,3,1,0,0,VIC,Australia,Victoria,Missing,Missing
John Welborn,1996,Lock,6,4,2,0,0,0,WA,United States of America,Washington,Missing,Missing
Brett Robinson,1996,Flanker,16,10,5,1,1,5,Toowoomba,Australia,Queensland,Toowoomba,Missing
Andrew Blades,1996,Prop,32,24,7,1,0,0,NSW,Australia,New South Wales,Missing,Missing
David Giffin,1996,Lock,50,35,15,0,0,0,QLD,Australia,Queensland,Missing,Missing
Mitch Hardy,1997,Wing,7,5,2,0,2,10,NSW,Australia,New South Wales,Missing,Missing
Matt Cockbain,1997,"Lock, Flanker",63,46,16,1,1,5,Cairns,Australia,Queensland,Cairns,Missing
James Holbeck,1997,Centre,7,3,4,0,0,0,Qld,Australia,Queensland,Missing,Missing
Cameron Blades,1997,Prop,1,1,0,0,0,0,NSW,Australia,New South Wales,Missing,Missing
Fili Finau,1997,Flanker,1,0,1,0,0,0,Neiafu,Tonga,Vavaʻu,Vahe Neiafu,Neiafu
John Langford,1997,Lock,4,1,2,1,0,0,Wagga Wagga,Australia,2650,New South Wales,Wagga Wagga
Toutai Kefu,1997,No. 8,60,40,19,1,10,50,1974,Österreich,8573,Steiermark,Voitsberg
Elton Flatley,1997,Fly-half,38,25,12,1,4,182,NSW,Australia,New South Wales,Missing,Missing
Tom Bowman,1998,Lock,16,13,3,0,2,10,NSW,Australia,New South Wales,Missing,Missing
Jeremy Paul,1998,Hooker,72,51,21,0,14,70,Hamilton,Canada,Ontario,Hamilton,Missing
Nathan Grey,1998,Centre,35,25,9,1,7,35,NSW,Australia,New South Wales,Missing,Missing
Glenn Panoho,1998,Prop,21,15,6,0,0,0,Whangarei,New Zealand/Aotearoa,Northland,Whangarei District,Whangarei
Chris Whitaker,1998,Scrum-half,31,22,9,0,2,10,NSW,Australia,New South Wales,Missing,Missing
Manny Edmonds,1998,Utility back,2,1,1,0,2,23,Ashburton,United Kingdom,England,South West England,Devon
Chris Latham,1998,Fullback,78,50,26,2,40,200,NSW,Australia,New South Wales,Missing,Missing
Patricio Noriega,1991,Prop,49,32,17,0,2,10,Buenos Aires,Argentina,CABA,Comuna 6,CABA
Nathan Spooner,1999,Fly-half,2,2,0,0,0,25,NSW,Australia,New South Wales,Missing,Missing
Tiaan Strauss,1992,No. 8,26,15,10,1,8,40,Upington,South Africa,Northern Cape,ZF Mgcawu District Municipality,Upington
Jim Williams,1999,Flanker,14,12,2,0,2,10,NSW,Australia,New South Wales,Missing,Missing
Mark Connors,1999,"Lock, Flanker",20,16,4,0,2,10,QLD,Australia,Queensland,Missing,Missing
Rod Kafer,1999,Centre,12,10,2,0,0,0,NSW,Australia,New South Wales,Missing,Missing
Rod Moore,1999,Prop,14,9,4,1,0,0,NSW,Australia,New South Wales,Missing,Missing
Scott Staniforth,1999,"Fullback, Wing",12,8,4,0,7,35,NSW,Australia,New South Wales,Missing,Missing
Fletcher Dyson,2000,Prop,10,8,2,0,0,0,Victoria,Australia,Victoria,Missing,Missing
Stirling Mortlock,2000,Centre,80,52,28,0,29,489,NSW,Australia,New South Wales,Missing,Missing
Sam Cordingley,2000,Scrum-half,22,17,5,0,0,0,NSW,Australia,New South Wales,Missing,Missing
David Lyons,2000,No. 8,44,31,13,0,4,20,NSW,Australia,New South Wales,Missing,Missing
Troy Jaques,2000,Back-row,2,1,1,0,0,0,NSW,Australia,New South Wales,Missing,Missing
Andrew Walker,2000,"Fullback, Wing",7,4,3,0,1,11,NSW,Australia,New South Wales,Missing,Missing
George Smith,2000,Back-row,111,65,44,2,9,45,Manly,Australia,Queensland,Brisbane,Manly
Bill Young,2000,Prop,46,29,17,0,0,0,NSW,Australia,New South Wales,Missing,Missing
Phil Waugh,2000,Flanker,79,46,31,2,4,20,NSW,Australia,New South Wales,Missing,Missing
Nick Stiles,2001,Prop,12,6,5,1,1,5,VIC,Australia,Victoria,Missing,Missing
Ben Darwin,2001,Prop,28,16,11,1,0,0,Crewe,United Kingdom,England,North West England,Cheshire East
Brendan Cannon,2001,Hooker,42,25,16,1,2,10,QLD,Australia,Queensland,Missing,Missing
Justin Harrison,2001,Lock,34,23,10,1,1,5,NSW,Australia,New South Wales,Missing,Missing
Graeme Bond,2001,"Centre, Wing",5,2,2,1,1,5,Duke of York Island,Papua Niugini,Islands Region,ENB,Kokopo District
Steve Kefu,2001,Centre,6,3,3,0,1,5,QLD,Australia,Queensland,Missing,Missing
Wendell Sailor,2002,Outside back,37,23,14,0,13,65,Qld,Australia,Queensland,Missing,Missing
Nathan Sharpe,2002,Lock,116,70,44,2,8,40,NSW,Australia,New South Wales,Missing,Missing
Mat Rogers,2002,Utility back,45,27,17,1,14,163,NSW,Australia,New South Wales,Missing,Missing
Sean Hardman,2002,Hooker,4,4,0,0,0,0,QLD,Australia,Queensland,Missing,Missing
Dan Vickerman,2002,Lock,63,38,24,1,0,0,Cape Town,South Africa,Western Cape,City of Cape Town,Cape Town
David Croft,2002,Flanker,5,3,2,0,0,0,QLD,Australia,Queensland,Missing,Missing
Adam Freier,2002,Hooker,25,15,10,0,2,10,NSW,Australia,New South Wales,Missing,Missing
Matt Giteau,2002,Centre,92,51,39,2,29,684,NSW,Australia,New South Wales,Missing,Missing
Mark Bartholomeusz,2002,Utility back,1,1,0,0,0,0,QLD,Australia,Queensland,Missing,Missing
Morgan Turinui,2003,Centre,20,11,9,0,6,30,NSW,Australia,New South Wales,Missing,Missing
Lote Tuqiri,2003,Outside back,67,40,26,1,30,150,Namatakula,Viti,Namatakula,Missing,Missing
Daniel Heenan,2003,"Flanker, Lock",2,2,0,0,0,0,Gatton,Australia,Queensland,Gatton,Missing
Al Baxter,2003,Prop,69,40,28,1,1,5,ACT,Australia,Australian Capital Territory,Missing,Missing
Matt Dunning,2003,Prop,45,28,17,0,0,0,Calgary,Canada,Alberta,Calgary,Missing
John Roe,2003,No. 8,19,10,9,0,1,5,QLD,Australia,Queensland,Missing,Missing
Clyde Rathbone,2004,Centre,26,15,10,1,8,40,Durban,South Africa,KwaZulu-Natal,eThekwini Metropolitan Municipality,Durban
Radike Samo,2004,No. 8,23,16,7,0,2,10,Nadi,Viti,Nadi,Missing,Missing
Matt Henjak,2004,Scrum-half,4,3,1,0,0,0,Queanbeyan,Australia,New South Wales,Queanbeyan,Missing
Nic Henderson,2004,Prop,3,3,0,0,0,0,Qld,Australia,Queensland,Missing,Missing
Mark Chisholm,2004,Lock,58,33,23,2,6,30,Qld,Australia,Queensland,Missing,Missing
Stephen Hoiles,2004,Back-row,16,12,3,1,3,15,NSW,Australia,New South Wales,Missing,Missing
Rocky Elsom,2005,Flanker,75,43,30,2,14,70,VIC,Australia,Victoria,Missing,Missing
Hugh McMeniman,2005,Lock,22,12,10,0,0,0,QLD,Australia,Queensland,Missing,Missing
Stephen Moore,2005,Hooker,92,53,38,1,5,25,Saudi Arab,حدود ‏المملكة العربية السعودية‎,عسير,عرب,Missing
Mark Gerrard,2005,Utility back,24,13,11,0,9,45,NSW,Australia,New South Wales,Missing,Missing
Alister Campbell,2005,Lock,4,3,1,0,0,0,NSW,Australia,New South Wales,Missing,Missing
Drew Mitchell,2005,Wing,63,33,28,2,30,150,NSW,Australia,New South Wales,Missing,Missing
Adam Ashley-Cooper,2005,Centre,104,57,44,3,30,150,NSW,Australia,New South Wales,Missing,Missing
Lloyd Johansson,2005,Centre,3,0,3,0,1,5,VIC,Australia,Victoria,Missing,Missing
Alex Kanaar,2005,"Flanker, Lock",1,0,1,0,0,0,Nowra,Australia,New South Wales,Nowra,Missing
Lachie Mackay,2005,"Fly-half, Centre",1,0,1,0,0,0,NSW,Australia,New South Wales,Missing,Missing
Greg Holmes,2005,Prop,13,8,5,0,2,10,Qld,Australia,Queensland,Missing,Missing
Scott Fava,2005,No. 8,5,2,3,0,1,5,NSW,Australia,New South Wales,Missing,Missing
Tatafu Polota-Nau,2005,Hooker,50,34,14,2,2,10,NSW,Australia,New South Wales,Missing,Missing
David Fitter,2005,Prop,2,1,1,0,0,0,VIC,Australia,Victoria,Missing,Missing
Rodney Blake,2006,Prop,7,3,3,1,1,5,Tofoa,Tonga,Tongatapu,Vahe Kolomotu'a,Tofoa
Tai McIsaac,2006,Hooker,8,3,4,1,0,0,QLD,Australia,Queensland,Missing,Missing
Cameron Shepherd,2006,"Fullback, Wing",9,7,1,1,3,19,Windsor,Canada,Ontario,Windsor,Missing
Josh Valentine,2006,Scrum-half,6,4,1,1,0,0,NSW,Australia,New South Wales,Missing,Missing
Wycliff Palu,2006,No. 8,54,32,18,4,1,5,NSW,Australia,New South Wales,Missing,Missing
Guy Shepherdson,2006,Prop,17,11,6,0,1,5,Djakata,Niger,Dosso,Dogondoutchi,Djakata
Benn Robinson,2006,Prop,72,36,34,2,3,15,NSW,Australia,New South Wales,Missing,Missing
Brett Sheehan,2006,Scrum-half,7,3,3,1,0,0,WA,United States of America,Washington,Missing,Missing
Julian Huxley,2007,"Fly-half, Fullback",9,8,1,0,2,22,NSW,Australia,New South Wales,Missing,Missing
Sam Norton-Knight,2007,"Fly-half, Centre",2,2,0,0,1,5,Canberra,Australia,Australian Capital Territory,Canberra,Missing
Digby Ioane,2007,Wing,35,23,11,1,11,55,Wellington,New Zealand/Aotearoa,Wellington,Wellington City,Wellington
James Horwill,2007,Lock,58,33,24,1,6,30,QLD,Australia,Queensland,Missing,Missing
Berrick Barnes,2007,"Fly-half, Centre",51,34,17,0,8,200,QLD,Australia,Queensland,Missing,Missing
Luke Burgess,2008,Scrum-half,37,25,12,0,1,5,NSW,Australia,New South Wales,Missing,Missing
Peter Hynes,2008,"Fullback, Wing",22,12,9,1,4,20,QLD,Australia,Queensland,Missing,Missing
Dean Mumm,2008,Lock,33,19,14,0,1,5,Auckland,New Zealand/Aotearoa,Auckland,Missing,Missing
Ben Alexander,2008,Prop,72,41,29,2,4,20,NSW,Australia,New South Wales,Missing,Missing
Ryan Cross,2008,Centre,18,9,9,0,6,30,NSW,Australia,New South Wales,Missing,Missing
Lachie Turner,2008,Wing,15,9,6,0,4,20,NSW,Australia,New South Wales,Missing,Missing
Timana Tahu,2008,Outside back,4,3,1,0,0,0,VIC,Australia,Victoria,Missing,Missing
Richard Brown,2008,Back-row,23,9,14,0,1,5,QLD,Australia,Queensland,Missing,Missing
David Pocock,2008,Flanker,46,28,17,1,4,20,Gweru,Zimbabwe,Midlands Province,Gweru,Missing
Quade Cooper,2008,Fly-half,53,32,20,1,7,126,Tokoroa,New Zealand/Aotearoa,Waikato,South Waikato District,Tokoroa
Sekope Kepu,2008,Prop,52,28,22,2,0,0,NSW,Australia,New South Wales,Missing,Missing
James O'Connor,2008,Wing,44,22,21,1,14,223,QLD,Australia,Queensland,Missing,Missing
Peter Kimlin,2009,Lock,2,2,0,0,0,0,Canberra,Australia,Australian Capital Territory,Canberra,Missing
Pek Cowan,2009,Prop,10,8,1,1,0,0,Wellington,New Zealand/Aotearoa,Wellington,Wellington City,Wellington
Will Genia,2009,Scrum-half,58,27,30,1,8,40,Port Moresby,Papua Niugini,Papua Region,National Capital District,Port Moresby
Kurtley Beale,2009,Fullback,49,29,18,2,11,113,NSW,Australia,New South Wales,Missing,Missing
Huia Edmonds,2010,Hooker,4,3,1,0,0,0,Ashburton,United Kingdom,England,South West England,Devon
Rob Horne,2010,Centre,25,14,10,1,4,20,NSW,Australia,New South Wales,Missing,Missing
Salesi Ma'afu,2010,Prop,14,9,5,0,1,5,NSW,Australia,New South Wales,Missing,Missing
Saia Fainga'a,2010,Hooker,36,17,19,0,0,0,NSW,Australia,New South Wales,Missing,Missing
Matt Hodgson,2010,Back-row,11,7,4,0,0,0,NSW,Australia,New South Wales,Missing,Missing
Ben Daley,2010,Prop,3,2,1,0,0,0,NSW,Australia,New South Wales,Missing,Missing
James Slipper,2010,Prop,63,33,28,2,0,0,Qld,Australia,Queensland,Missing,Missing
Ben McCalman,2010,Back-row,38,22,16,0,2,10,Dubbo,Australia,New South Wales,Dubbo,Missing
Rob Simmons,2010,Lock,50,26,23,1,1,5,QLD,Australia,Queensland,Missing,Missing
Anthony Fainga'a,2010,Centre,23,14,9,0,2,10,NSW,Australia,New South Wales,Missing,Missing
Pat McCabe,2010,Centre,24,14,8,2,5,25,NSW,Australia,New South Wales,Missing,Missing
Scott Higginbotham,2010,No. 8,31,19,10,2,3,15,WA,United States of America,Washington,Missing,Missing
Rod Davies,2011,Wing,1,0,1,0,0,0,Qld,Australia,Queensland,Missing,Missing
Nick Phipps,2011,Scrum-half,28,14,12,2,4,20,NSW,Australia,New South Wales,Missing,Missing
Sitaleki Timani,2011,Lock,18,10,7,1,0,0,Navutoka,Tonga,Tongatapu,Vahe Lapaha,Navutoka
Beau Robinson,2011,Flanker,1,0,1,0,0,0,NT,Australia,Northern Territory,Missing,Missing
Ben Tapuai,2011,Centre,7,5,1,1,0,0,QLD,Australia,Queensland,Missing,Missing
Dave Dennis,2012,Flanker,18,11,6,1,0,0,NSW,Australia,New South Wales,Missing,Missing
Mike Harris,2012,Centre,10,6,3,1,1,55,North Shore,United States of America,Wisconsin,Jefferson County,North Shore
Luke Morahan,2012,Fullback,1,0,1,0,0,0,QLD,Australia,Queensland,Missing,Missing
Dan Palmer,2012,Prop,1,0,1,0,0,0,NSW,Australia,New South Wales,Missing,Missing
Joe Tomane,2012,Wing,14,7,7,0,3,15,Palmerston North,New Zealand/Aotearoa,Manawatu-Wanganui,Palmerston North City,Palmerston North
Michael Hooper,2012,Flanker,42,21,19,2,7,35,NSW,Australia,New South Wales,Missing,Missing
Cooper Vuna,2012,"Wing, Centre",2,2,0,0,0,0,Auckland,New Zealand/Aotearoa,Auckland,Missing,Missing
Liam Gill,2012,Flanker,15,7,7,1,0,0,VIC,Australia,Victoria,Missing,Missing
Dom Shipperley,2012,Wing,3,2,1,0,0,0,Redcliffe,Australia,Queensland,Redcliffe,Missing
Kane Douglas,2012,Lock,14,6,7,1,0,0,Maclean,Australia,New South Wales,Maclean,Missing
Nick Cummins,2012,Wing,15,11,3,1,6,30,Port Macquarie,Australia,New South Wales,Port Macquarie,Missing
James Hanson,2012,Hooker,9,3,5,1,0,0,QLD,Australia,Queensland,Missing,Missing
Paddy Ryan,2012,Prop,3,2,1,0,0,0,NSW,Australia,New South Wales,Missing,Missing
Israel Folau,2013,Fullback,29,13,15,1,17,85,Qld,Australia,Queensland,Missing,Missing
Christian Leali'ifano,2013,Fly-half,16,8,8,0,1,124,Auckland,New Zealand/Aotearoa,Auckland,Missing,Missing
Ben Mowen,2013,No. 8,15,7,8,0,1,5,QLD,Australia,Queensland,Missing,Missing
Jesse Mogg,2013,Fullback,3,0,3,0,0,0,QLD,Australia,Queensland,Missing,Missing
Matt Toomua,2013,Fly-half,21,9,11,1,3,15,VIC,Australia,Victoria,Missing,Missing
Scott Fardy,2013,Flanker,20,10,9,1,0,0,NSW,Australia,New South Wales,Missing,Missing
Tevita Kuridrani,2013,Centre,20,9,11,0,4,20,Suva,Viti,Central,Suva,Missing
Scott Sio,2013,Prop,5,2,3,0,0,0,NSW,Australia,New South Wales,Missing,Missing
Nic White,2013,Scrum-half,19,9,9,1,0,6,NSW,Australia,New South Wales,Missing,Missing
Chris Feauai-Sautia,2013,Wing,2,1,1,0,2,10,Auckland,New Zealand/Aotearoa,Auckland,Missing,Missing
Bernard Foley,2013,Fly-half,18,8,9,1,4,156,NSW,Australia,New South Wales,Missing,Missing
Peter Betham,2013,Wing,2,1,1,0,1,5,Wellington,New Zealand/Aotearoa,Wellington,Wellington City,Wellington
Sam Carter,2014,Lock,11,4,6,1,0,0,NSW,Australia,New South Wales,Missing,Missing
Nathan Charles,2014,Hooker,4,2,1,1,0,0,NSW,Australia,New South Wales,Missing,Missing
Luke Jones,2014,Lock,3,1,2,0,0,0,NSW,Australia,New South Wales,Missing,Missing
Laurie Weeks,2014,Prop,2,2,0,0,0,0,NSW,Australia,New South Wales,Missing,Missing
Will Skelton,2014,Lock,8,2,5,1,2,10,Auckland,New Zealand/Aotearoa,Auckland,Missing,Missing
Josh Mann-Rea,2014,Hooker,2,0,2,0,0,0,Narromine,Australia,New South Wales,Narromine,Missing
Jake Schatz,2014,No. 8,2,0,2,0,0,0,QLD,Australia,Queensland,Missing,Missing
Sean McMahon,2014,Flanker,3,1,2,0,0,0,QLD,Australia,Queensland,Missing,Missing
Tetera Faulkner,2014,Prop,2,1,1,0,0,0,Tauranga,New Zealand/Aotearoa,Bay of Plenty,Tauranga City,Tauranga
Henry Speight,2014,Wing,2,0,2,0,0,0,Suva,Viti,Central,Suva,Missing
