Ko Chu Chang,1930,Centre,4,2,1,1,1,3,date unknown,g,n,i
Tomoo Chiba,1930,Lock,1,0,0,1,0,0,date unknown,g,n,i
Mitsugu Fujii,1930,Centre,1,0,0,1,0,0,date unknown,g,n,i
Takeo Hagiwara-Maekawa,1930,Scrum-half,1,0,0,1,0,0,date unknown,g,n,i
Shuzaburo Iwashita,1930,Prop,1,0,0,1,0,0,date unknown,g,n,i
Takeo Kitano,1930,Wing,6,2,2,2,2,8,date unknown,g,n,i
Kenichi Matsubara,1930,Fly-half,1,0,0,1,0,0,date unknown,g,n,i
Minoru Mishima,1930,Lock,3,2,0,1,0,0,date unknown,g,n,i
Hideo Miyaji-Yoshizawa,1930,Flanker,1,0,0,1,0,0,date unknown,g,n,i
Giichi Ota,1930,Prop,1,0,0,1,0,0,date unknown,g,n,i
Seizo Shimizu,1930,No. 8,3,1,1,1,0,0,date unknown,g,n,i
Seiichi Teramura,1930,Fullback,1,0,0,1,0,0,date unknown,g,n,i
Zenjiro Toba-Nakajima,1930,Wing,4,2,1,1,5,15,date unknown,g,n,i
Shiro Wada,1930,Flanker,1,0,0,1,0,0,date unknown,g,n,i
Tadayuki Yagai,1930,Hooker,1,0,0,1,0,0,date unknown,g,n,i
Hidemaru Suzuki,1930,Wing,1,0,0,1,0,0,date unknown,g,n,i
Takao Adachi,1932,No. 8,2,2,0,0,0,0,date unknown,g,n,i
Takeo Baba,1932,Wing,1,1,0,0,0,0,date unknown,g,n,i
Saburo Hirao,1932,Centre,2,2,0,0,1,3,date unknown,g,n,i
Hiroshi Ijyuin,1932,Prop,2,2,0,0,0,0,date unknown,g,n,i
Tsunehiko Kasahara,1932,Fullback,6,3,2,1,0,33,date unknown,g,n,i
Taro Kinoshita,1932,Scrum-half,2,2,0,0,0,0,date unknown,g,n,i
Takeshi Matsubara,1932,Hooker,3,3,0,0,0,0,date unknown,g,n,i
Saburou Nishigaki,1932,Prop,6,3,2,1,0,0,date unknown,g,n,i
Masahiko Niwa,1932,Fly-half,2,2,0,0,1,3,date unknown,g,n,i
Yoshio Okada,1932,Flanker,2,2,0,0,1,3,date unknown,g,n,i
Shinji Ono,1932,Lock,4,3,1,0,0,0,date unknown,g,n,i
Teiji Toshi,1932,Flanker,2,2,0,0,1,3,date unknown,g,n,i
Ichiro Nogami,1932,Fly-half,4,2,2,0,1,3,date unknown,g,n,i
Ryuichi Iimori,1934,Scrum-half,2,1,1,0,0,0,date unknown,g,n,i
Shinshiro Komehana,1934,Flanker,4,1,2,1,0,0,date unknown,g,n,i
Kihei Mano,1934,Lock,1,0,1,0,0,0,date unknown,g,n,i
Kyuji Matsuda,1934,Hooker,1,0,1,0,0,0,date unknown,g,n,i
Taro Sasakura-Yamamoto,1934,Prop,2,1,1,0,0,0,date unknown,g,n,i
Sheizo Taji,1934,Flanker,2,1,1,0,0,0,date unknown,g,n,i
Tsutomu Tsujita,1934,Centre,2,0,1,1,0,0,date unknown,g,n,i
Takashi Naito,1934,Wing,1,1,0,0,1,3,date unknown,g,n,i
Hiroshi Tachibana,1934,Centre,1,1,0,0,0,0,date unknown,g,n,i
Hiroshi Tagawa,1934,Lock,2,1,0,1,0,0,date unknown,g,n,i
Hideo Ito,1936,Lock,1,0,1,0,0,0,date unknown,g,n,i
Toichiro Kawagoe,1936,Centre,1,0,1,0,0,0,date unknown,g,n,i
Ryohei Kinoshita,1936,Scrum-half,2,0,1,1,0,0,date unknown,g,n,i
Hiroyuki Nabeka,1936,Flanker,2,0,1,1,0,0,date unknown,g,n,i
Kazutsugu Nishiumi,1936,Prop,2,0,1,1,0,0,date unknown,g,n,i
Shoji Sakaguchi,1936,Wing,2,0,1,1,1,3,date unknown,g,n,i
Michihiro Sakai,1936,Hooker,1,0,1,0,0,0,date unknown,g,n,i
Isao Suzuki,1936,Fullback,2,0,1,1,0,0,date unknown,g,n,i
Kazuo Yamaguchi,1936,Lock,2,0,1,1,0,0,date unknown,g,n,i
Haruki Yamamoto,1936,No. 8,1,0,1,0,0,0,date unknown,g,n,i
Zenji Nishi,1936,Wing,1,0,0,1,0,0,date unknown,g,n,i
Iwao Ota,1936,Prop,1,0,0,1,0,0,date unknown,g,n,i
Masao Wada,1936,Scrum-half,1,0,0,1,0,0,date unknown,g,n,i
Yoshiaki Aoki,1952,Wing,2,0,2,0,0,0,date unknown,g,n,i
Atsushi Fujii,1952,Flanker,2,0,2,0,0,0,date unknown,g,n,i
Shinichi Hashimoto,1952,Lock,4,0,4,0,0,0,date unknown,g,n,i
Noboru Hirohata,1952,No. 8,2,0,2,0,1,3,date unknown,g,n,i
Ryotarou Kadoto,1952,Scrum-half,1,0,1,0,0,0,date unknown,g,n,i
Syoichiro Koyama,1952,Centre,1,0,1,0,0,0,date unknown,g,n,i
Genpei Kuroiwa,1952,Wing,4,0,4,0,0,0,date unknown,g,n,i
Yoshinobu Nakajima,1952,Hooker,2,0,2,0,0,0,date unknown,g,n,i
Takao Otsuka,1952,Centre,1,0,1,0,0,0,date unknown,g,n,i
Ryo Saito,1952,Prop,4,0,4,0,0,0,date unknown,g,n,i
Hidehiko Sato,1952,Fullback,10,0,10,0,0,0,date unknown,g,n,i
Tetsuo Sekikawa,1952,Prop,2,0,2,0,0,0,date unknown,g,n,i
Fukuo Shibagaki,1952,Fly-half,1,0,1,0,0,0,date unknown,g,n,i
Yusaku Takahashi,1952,Flanker,1,0,1,0,0,0,date unknown,g,n,i
Akira Tanaka,1952,Lock,2,0,2,0,0,0,date unknown,g,n,i
Ryuichi Imamura,1952,Centre,6,0,5,1,0,0,date unknown,g,n,i
Haruo Matsuoka,1952,Fly-half,3,0,3,0,1,11,date unknown,g,n,i
Sueharu Natsui,1952,Prop,3,0,3,0,0,0,Akita,日本,東北地方,秋田県
Takeshi Takeda,1952,Lock,1,0,1,0,0,0,date unknown,g,n,i
Hideaki Tsichiya,1952,Scrum-half,1,0,1,0,0,0,date unknown,g,n,i
Toshiaki Tsuchiya,1952,Flanker,12,0,11,1,3,9,date unknown,g,n,i
Akihiko Watanabe,1952,Centre,3,0,3,0,1,9,date unknown,g,n,i
Sada Yamato,1952,No. 8,1,0,1,0,0,0,date unknown,g,n,i
Hideo Harada,1953,No. 8,2,0,2,0,1,3,date unknown,g,n,i
Keizo Kamisaka,1953,Fly-half,2,0,2,0,0,0,date unknown,g,n,i
Teruo Kitajima,1953,Prop,4,0,4,0,0,0,date unknown,g,n,i
Masaya Matsuoka,1953,Hooker,1,0,1,0,0,0,date unknown,g,n,i
Mitsuya Ohotsuka,1953,Scrum-half,1,0,1,0,0,0,date unknown,g,n,i
Toshiro Sasaki,1953,Wing,2,0,2,0,0,0,date unknown,g,n,i
Yoshiharu Umei,1953,Lock,6,0,6,0,0,0,date unknown,g,n,i
Junzo Aso,1953,Fly-half,2,0,2,0,0,6,date unknown,g,n,i
Masaaki Matsushige,1953,Flanker,4,0,4,0,1,3,date unknown,g,n,i
Manabu Mitoma,1953,Scrum-half,3,0,3,0,0,0,date unknown,g,n,i
Hirotoshi Hori,1956,Fly-half,1,0,1,0,0,0,date unknown,g,n,i
Koji Kikkawa,1956,Hooker,6,0,6,0,0,0,date unknown,g,n,i
Isao Kondo,1956,Wing,2,0,2,0,0,0,date unknown,g,n,i
Katsuhiro Mano,1956,Lock,6,0,6,0,0,0,date unknown,g,n,i
Kunio Miyai,1956,Wing,11,1,9,1,3,9,date unknown,g,n,i
Kazumitsu Ninoguchi,1956,Prop,1,0,1,0,0,0,date unknown,g,n,i
Takashi Shibata,1956,Lock,1,0,1,0,0,0,date unknown,g,n,i
Hiroshi Teranishi,1956,Centre,5,0,5,0,0,0,date unknown,g,n,i
Haruhiko Yamazaki,1956,Flanker,1,0,1,0,1,3,date unknown,g,n,i
Taisei-Shigehir Arai,1956,Fly-half,6,0,5,1,0,6,date unknown,g,n,i
Kazuo Natsui,1956,Prop,2,0,2,0,1,3,Akita,日本,東北地方,秋田県
Takashi Sudo,1956,Flanker,3,0,3,0,0,0,date unknown,g,n,i
Koichi Takaoka,1956,Centre,1,0,1,0,0,0,date unknown,g,n,i
Ryuichi Ohara,1956,Lock,1,0,1,0,0,0,date unknown,g,n,i
Syozaburo Yamamoto,1956,Scrum-half,1,0,1,0,0,0,date unknown,g,n,i
Tatsuya Aoi,1958,Centre,6,1,4,1,0,8,date unknown,g,n,i
Rikio Enomoto,1958,Wing,4,0,3,1,3,9,date unknown,g,n,i
Terukazu Fuji,1958,Prop,5,0,4,1,1,3,date unknown,g,n,i
Koichi Imamura,1958,Scrum-half,5,0,4,1,0,0,date unknown,g,n,i
Yoshiaki Kaimoto,1958,Prop,2,0,2,0,0,0,date unknown,g,n,i
Yutaka Katakura,1958,Lock,5,0,4,1,0,0,date unknown,g,n,i
Hirosgi Hibino,1958,Wing,3,0,3,0,1,3,date unknown,g,n,i
Kiyoshi Kobayashi,1958,Prop,6,0,5,1,1,3,date unknown,g,n,i
Fumio Saito-Horikawa,1958,Scrum-half,2,0,2,0,0,0,date unknown,g,n,i
Ryuzo Taniguchi,1958,Centre,2,0,2,0,0,0,date unknown,g,n,i
Masao Ozaki,1958,No. 8,2,0,2,0,1,3,date unknown,g,n,i
Susumu Kitaoka,1959,Fullback,2,0,2,0,0,10,date unknown,g,n,i
Kinichi Miyajima,1959,Flanker,3,0,2,1,0,6,date unknown,g,n,i
Kenji Ohotsuka,1959,Flanker,2,0,2,0,0,0,date unknown,g,n,i
Eiichi Shiga,1959,Hooker,3,0,2,1,0,0,Akita,日本,東北地方,秋田県
Seiji Tanaka,1959,Lock,4,0,3,1,0,0,date unknown,g,n,i
Hideki Tominaga,1959,No. 8,3,0,2,1,0,0,date unknown,g,n,i
Terumi Harada,1959,Fullback,1,0,0,1,0,2,date unknown,g,n,i
Kiichirou Akatsu,1959,Hooker,1,0,1,0,0,0,date unknown,g,n,i
Masato Hirashima,1959,Fly-half,1,0,1,0,0,0,date unknown,g,n,i
Kenji Ishii,1959,Centre,2,0,2,0,0,0,date unknown,g,n,i
Yozo Matsuoka,1959,Fullback,2,1,1,0,0,0,date unknown,g,n,i
Kazuhisa Tsutsumi-Tatsuno,1959,No. 8,1,0,1,0,0,0,date unknown,g,n,i
Teruyasu Yuki,1959,Prop,1,0,1,0,0,0,date unknown,g,n,i
Keisuke Yamada,1959,Flanker,1,0,1,0,0,0,date unknown,g,n,i
Koji Ishizuka,1963,No. 8,5,2,3,0,1,3,date unknown,g,n,i
Tadayuki Ito,1963,Wing,19,8,10,1,19,63,date unknown,g,n,i
Kazuo Kawasaki,1963,Prop,1,1,0,0,0,0,date unknown,g,n,i
Haruhiko Kitajima,1963,Fly-half,1,1,0,0,1,3,date unknown,g,n,i
Masatake Kusatsu,1963,Lock,1,1,0,0,0,0,date unknown,g,n,i
Shugoro Miura,1963,Scrum-half,1,1,0,0,0,0,date unknown,g,n,i
Kazuo Murata,1963,Hooker,1,1,0,0,0,0,date unknown,g,n,i
Hirohisa Nishizumi,1963,Flanker,1,1,0,0,0,0,date unknown,g,n,i
Eiji Okabe,1963,Lock,2,1,1,0,0,0,date unknown,g,n,i
Masayoshi Ozaki,1963,Centre,5,3,2,0,2,10,date unknown,g,n,i
Shiro Ueki,1963,No. 8,1,1,0,0,0,0,date unknown,g,n,i
Koji Yamada,1963,Prop,1,1,0,0,0,0,date unknown,g,n,i
Tadamasa Fujimoto-Kamohara,1967,Fly-half,14,4,9,1,3,10,date unknown,g,n,i
Megumi Horikoshi,1967,Lock,4,1,3,0,0,0,date unknown,g,n,i
Motonari Ishida,1967,Flanker,4,1,3,0,0,0,date unknown,g,n,i
Takashi Jinno,1967,Prop,1,0,1,0,0,0,date unknown,g,n,i
Katsumi Kamata,1967,Lock,5,1,4,0,0,0,date unknown,g,n,i
Tsutomu Katsuraguchi,1967,Fullback,5,2,3,0,0,8,date unknown,g,n,i
Morio Kawasaki,1967,Prop,7,2,5,0,0,0,date unknown,g,n,i
Yoshinori Okubo,1967,Scrum-half,3,1,2,0,1,3,date unknown,g,n,i
Yoshihiro Sakata,1967,Wing,16,5,11,0,13,40,date unknown,g,n,i
Toru Tenmyo,1967,Hooker,2,0,2,0,0,0,date unknown,g,n,i
Yoshiharu Yamaguchi,1967,Flanker,13,4,8,1,2,94,date unknown,g,n,i
Akira Yokoi,1967,Centre,17,5,11,1,1,8,date unknown,g,n,i
Katsutoshi Azuma,1967,Scrum-half,1,0,1,0,0,0,date unknown,g,n,i
Shozo Fujita,1967,Flanker,1,0,1,0,0,0,date unknown,g,n,i
Nobuo Ikaida,1967,Fullback,1,0,1,0,0,0,date unknown,g,n,i
Kazumasa Inubuse,1967,Centre,1,0,1,0,0,0,date unknown,g,n,i
Takeshi Kato,1967,Flanker,1,0,1,0,1,3,date unknown,g,n,i
Haruhiko Komiya,1967,Prop,1,0,1,0,0,0,date unknown,g,n,i
Shigeru Murayama,1967,Hooker,1,0,1,0,0,0,date unknown,g,n,i
Hisashi Yamaoka,1967,Wing,1,0,1,0,0,0,date unknown,g,n,i
Mitsuo Atokawa,1968,Hooker,12,6,5,1,0,0,date unknown,g,n,i
Yoshiaki Izawa,1968,Flanker,24,7,16,1,2,8,date unknown,g,n,i
Masaharu Mantani,1968,Fullback,13,6,6,1,2,11,date unknown,g,n,i
Hiroshi Ogasawara,1968,Lock,24,7,16,1,0,0,date unknown,g,n,i
Takeo Saruta,1968,Prop,3,2,1,0,0,0,date unknown,g,n,i
Ryozo Imazato,1969,Scrum-half,24,6,17,1,0,0,date unknown,g,n,i
Masayoshi Ito,1969,Lock,1,1,0,0,0,0,date unknown,g,n,i
Katsumi Miyaji,1969,Prop,1,1,0,0,0,0,date unknown,g,n,i
Yoshio Tanigawa,1969,Flanker,1,1,0,0,0,0,date unknown,g,n,i
Toshio Terai,1969,Lock,21,7,13,1,0,0,date unknown,g,n,i
Masahiro Uchida,1969,Flanker,1,1,0,0,0,0,date unknown,g,n,i
Satoru Matsuoka,1970,No. 8,3,1,2,0,0,0,date unknown,g,n,i
Makoto Mizutani,1970,Wing,4,2,1,1,4,14,date unknown,g,n,i
Fumiharu Shimazaki,1970,Centre,10,3,6,1,2,10,date unknown,g,n,i
Masaaki Shimozono,1970,Prop,11,3,7,1,0,0,date unknown,g,n,i
Tadahiko Omata,1970,Hooker,3,1,2,0,0,0,date unknown,g,n,i
Kishio Ishiyama,1970,Centre,2,0,2,0,0,0,date unknown,g,n,i
Asura Hara,1970,Prop,17,5,11,1,1,4,date unknown,g,n,i
Toshio Kurosaka,1970,Prop,9,3,6,0,0,0,date unknown,g,n,i
Koji Miyata,1971,Centre,4,2,2,0,0,0,date unknown,g,n,i
Yoshihiro Murata,1971,No. 8,11,5,5,1,7,28,date unknown,g,n,i
Sachio Iburi,1972,Prop,1,1,0,0,0,0,date unknown,g,n,i
Koichi Shibata,1972,Lock,10,2,8,0,0,0,date unknown,g,n,i
Masaru Fujiwara,1973,Wing,22,4,17,1,12,48,date unknown,g,n,i
Kazumi Ohigashi,1973,Hooker,6,2,4,0,1,4,date unknown,g,n,i
Iwao Yamamoto,1973,Fullback,1,0,1,0,0,6,date unknown,g,n,i
Junji Yoshida,1973,Flanker,2,0,2,0,0,0,date unknown,g,n,i
Kazuhito Yoshino,1973,Prop,1,0,1,0,0,0,date unknown,g,n,i
Hideo Akama,1973,Flanker,13,2,11,0,0,0,date unknown,g,n,i
Hiroaki Shukuzawa,1973,Scrum-half,2,1,1,0,0,0,date unknown,g,n,i
Nobuyuki Ueyama,1973,Fullback,20,5,15,0,5,99,date unknown,g,n,i
Masakatsu Iguchi,1973,Fly-half,8,2,6,0,0,3,date unknown,g,n,i
Ken Aruga,1974,Wing,15,2,13,0,6,24,date unknown,g,n,i
Takeo Ishizuka,1974,Flanker,28,10,17,1,2,8,date unknown,g,n,i
Tsukasa Takada,1974,Prop,18,3,15,0,0,0,date unknown,g,n,i
Shigetaka Mori,1974,Centre,27,6,20,1,5,20,date unknown,g,n,i
Masao Yoshida,1974,Centre,18,4,14,0,3,12,date unknown,g,n,i
Hitoshi Kano,1974,Centre,2,1,1,0,1,6,date unknown,g,n,i
Osamu Koyabu,1974,Fly-half,1,1,0,0,1,4,date unknown,g,n,i
Susumu Kurihara,1974,Wing,1,1,0,0,1,4,date unknown,g,n,i
Yuji Matsuo,1974,Fly-half,24,8,15,1,3,73,1954,Algérie الجزائر,Sétif - سطيف‎,Daïra Bouandas
Nobufumi Tanaka,1974,"Centre, Fullback",15,5,10,0,2,44,date unknown,g,n,i
Shigeru Toyoda,1974,Lock,1,1,0,0,0,0,date unknown,g,n,i
Osamu Yamashita,1974,Flanker,1,1,0,0,0,0,date unknown,g,n,i
Akio Hiraki,1975,Wing,1,1,0,0,0,0,date unknown,g,n,i
Ichiro Kobayashi,1975,Flanker,18,2,16,0,1,4,date unknown,g,n,i
Toru Wada,1975,Prop,8,0,7,1,0,0,date unknown,g,n,i
Shigekazu Hoshino,1975,Fly-half,6,1,5,0,0,3,date unknown,g,n,i
Masayuki Miyauchi,1975,Prop,4,1,3,0,0,0,date unknown,g,n,i
Ryutaro Fukurodate,1976,Lock,11,2,8,1,0,0,date unknown,g,n,i
Atsuhiko Kanasashi,1976,Wing,1,0,1,0,0,0,date unknown,g,n,i
Takeshi Nakayama,1976,Prop,8,2,6,0,0,0,date unknown,g,n,i
Akio Ueda,1976,Scrum-half,5,1,4,0,0,0,date unknown,g,n,i
Hirotsugu Ato,1976,Flanker,1,0,1,0,0,0,date unknown,g,n,i
Manabu Sasada,1976,Hooker,8,1,7,0,0,0,date unknown,g,n,i
Kyoichi Toyoyama,1976,Flanker,6,0,6,0,0,0,date unknown,g,n,i
Takeo Tsuyama,1976,Scrum-half,2,1,1,0,0,0,date unknown,g,n,i
Hirotaka Ujino,1976,Wing,12,3,8,1,6,24,date unknown,g,n,i
Yoichiro Minamikawa,1976,Centre,19,7,11,1,2,18,date unknown,g,n,i
Toshiaki Yasui,1976,Prop,8,1,7,0,0,0,date unknown,g,n,i
Kazuo Muraguchi,1976,Wing,2,1,1,0,0,0,date unknown,g,n,i
Naoshi Kymagai,1976,Lock,2,0,2,0,0,0,date unknown,g,n,i
Takeshi Hatakeyama,1976,Lock,9,2,7,0,0,0,date unknown,g,n,i
Isao Saito,1977,Flanker,1,0,1,0,0,0,date unknown,g,n,i
Kiyoshi Segawa,1977,Lock,5,1,4,0,0,0,date unknown,g,n,i
Akemi Namura,1977,Scrum-half,1,0,1,0,0,0,date unknown,g,n,i
Naoshi Kumagai,1977,Lock,1,0,1,0,0,0,date unknown,g,n,i
Junya Matsumoto,1977,Scrum-half,10,2,7,1,0,0,date unknown,g,n,i
Mitsuru Hohokabe,1978,Hooker,2,1,1,0,0,0,date unknown,g,n,i
Mitsuru Sakamoto,1978,Flanker,3,2,1,0,1,4,date unknown,g,n,i
Toshihiko Kitahara,1978,Lock,1,1,0,0,0,0,date unknown,g,n,i
Takeaki Toyoda,1978,Prop,1,1,0,0,1,4,date unknown,g,n,i
Tetsuro Yajima,1978,Centre,3,1,2,0,0,0,date unknown,g,n,i
Koji Horaguchi,1979,Prop,24,5,18,1,0,0,1953,Algérie الجزائر,Sétif - سطيف‎,Daïra Bougaa
Naohisa Tanifuji,1979,Fullback,14,4,10,0,2,8,date unknown,g,n,i
Takashi Kudo-Nakayama,1979,Wing,1,0,1,0,0,0,date unknown,g,n,i
Hideo Toshima,1979,Centre,14,5,8,1,8,32,date unknown,g,n,i
Kazuo Sejimo,1979,No. 8,13,5,7,1,1,4,date unknown,g,n,i
Michihito Chida,1980,No. 8,26,8,16,2,4,16,1958,Algérie الجزائر,Sétif - سطيف‎,Daïra Hammam Sokhna
Jiro Ishiyama,1980,Prop,18,5,12,1,1,4,date unknown,g,n,i
Hiroaki Takahashi,1980,Flanker,1,0,0,1,0,0,date unknown,g,n,i
Tsuyoshi Fujita,1980,Hooker,32,7,24,1,4,16,1961,Sverige,Svealand,Västmanlands län
Takashi Ito,1980,Flanker,8,4,4,0,0,0,date unknown,g,n,i
Hikaru Kawachi,1980,Flanker,10,3,7,0,2,8,date unknown,g,n,i
Shinichi Oikawa,1980,Fly-half,1,0,1,0,0,5,date unknown,g,n,i
Toshiyuki Hayashi,1980,"Prop, Lock",38,10,27,1,3,12,Tokushima,日本,四国地方,徳島県
Fukumi Kanaya,1980,Wing,12,5,7,0,3,12,date unknown,g,n,i
Yoshimitsu Konishi,1980,Scrum-half,23,6,16,1,7,28,date unknown,g,n,i
Esturo Tsuji,1980,Wing,6,2,4,0,4,16,date unknown,g,n,i
Toshihiro Hirai,1980,,3,2,1,0,0,0,date unknown,g,n,i
Yoshichiro Ikeda,1980,Prop,4,1,3,0,0,0,date unknown,g,n,i
Nortitoshi Toyoda,1982,,1,1,0,0,0,0,date unknown,g,n,i
Kazuhiko Honjo,1982,Fly-half,10,3,7,0,2,67,date unknown,g,n,i
Masahiro Inoue,1982,Hooker,5,2,3,0,0,0,date unknown,g,n,i
Takao Ooba,1982,Prop,1,0,1,0,0,0,date unknown,g,n,i
Takanobu Kondo,1982,,2,0,2,0,0,0,date unknown,g,n,i
Seiji Hirao,1982,Fly-half,35,7,27,1,1,18,Kyoto,日本,近畿地方,京都府
Yasuharu Kawase,1982,Flanker,10,1,9,0,0,0,1959,Algérie الجزائر,Sétif - سطيف‎,Daïra Bir El Arch
Kimitaka Morioka,1982,Fly-half,1,0,1,0,0,0,date unknown,g,n,i
Noboru Watanabe,1982,,1,0,1,0,0,0,date unknown,g,n,i
Koji Kawachi,1983,Lock,2,1,1,0,0,0,date unknown,g,n,i
Hideo Kobayashi,1983,Centre,7,1,6,0,0,23,date unknown,g,n,i
Atsushi Oyagi,1983,Lock,30,6,23,1,3,12,1961,Sverige,Svealand,Västmanlands län
Kenzo Takada,1983,Flanker,1,0,1,0,0,0,date unknown,g,n,i
Tetsuya Higashida,1983,Wing,1,0,1,0,0,0,date unknown,g,n,i
Toshitaka Kimura,1984,Prop,10,1,9,0,0,0,1963,Österreich,8362,Steiermark
Masahiko Koshiyama,1984,Flanker,10,2,8,0,1,4,date unknown,g,n,i
Shinji Onuki,1984,Wing,15,2,12,1,3,12,1962,Sverige,Svealand,Västmanlands län
Masato Yasuda,1984,Fullback,1,0,1,0,0,0,date unknown,g,n,i
Masaharu Aizawa,1984,Prop,11,2,8,1,0,0,1958,Algérie الجزائر,Sétif - سطيف‎,Daïra Hammam Sokhna
Toshiro Yoshino,1985,Utility back,7,0,7,0,1,4,1960,Algérie الجزائر,Sétif - سطيف‎,Daïra Hammam Sokhna
Shogo Mukai,1985,Fullback,13,1,11,1,0,0,1961,Sverige,Svealand,Västmanlands län
Daijiro Murai,1985,Fullback,8,0,8,0,1,4,1962,Sverige,Svealand,Västmanlands län
Yoshifumi Kasai,1985,Flanker,2,0,2,0,0,0,date unknown,g,n,i
Eiji Kutsuki,1985,Centre,30,10,19,1,9,39,1962,Sverige,Svealand,Västmanlands län
Toshihiro Matsunaga,1985,Centre,2,0,2,0,0,0,date unknown,g,n,i
Nofomuli Taumoefolau,1979,Wing,18,4,13,1,5,20,1956,Algérie الجزائر,Sétif - سطيف‎,Daïra El Eulma
Masato Tsuchida,1985,Flanker,1,0,1,0,0,0,date unknown,g,n,i
Kinya Konishi,1986,Lock,2,0,1,1,0,0,date unknown,g,n,i
Katsuhiro Matsuo,1986,Fly-half,23,8,14,1,3,61,Miyazaki,日本,九州地方,宮崎県
Osamu Ota,1986,Prop,27,10,16,1,1,5,Akitai,g,n,i
Hopoi Taione,1986,No. 8,4,1,2,1,0,0,November 1957,Philippines,1105,Metro Manila
Koji Yasumi,1986,Prop,3,1,2,0,0,0,1957,Algérie الجزائر,Sétif - سطيف‎,Daïra Amoucha
Katsunori Ishii,1986,Fullback,1,0,1,0,0,0,date unknown,g,n,i
Seiji Kurihara,1986,Lock,3,0,3,0,0,0,1964,Россия,СКФО,Карачаево-Черкесия
Yoshihiko Sakuraba,1986,Lock,43,17,26,0,1,5,Akita,日本,東北地方,秋田県
Katsufumi Miyamoto,1986,Flanker,9,0,9,0,1,4,1966,Россия,СКФО,Карачаево-Черкесия
Yuji Masutome,1986,Hooker,1,0,1,0,0,0,date unknown,g,n,i
Kojiro Yoshinaga,1986,Centre,6,0,6,0,2,11,1961,Sverige,Svealand,Västmanlands län
Hisataka Ikuta,1987,Scrum-half,4,0,4,0,0,0,1962,Sverige,Svealand,Västmanlands län
Sinali-Tui Latu,1984,No. 8,34,11,23,0,4,18,Ha'apai,Tonga,Tongatapu,Hunga Haʻapai
Mitsutake Hagimoto,1987,Scrum-half,1,0,1,0,0,0,1959,Algérie الجزائر,Sétif - سطيف‎,Daïra Bir El Arch
Minoru Okidoi,1987,Wing,4,0,4,0,2,25,1965,Danmark,1965,Region Hovedstaden
Tsutomu Hirose,1987,Hooker,3,0,3,0,0,0,1963,Österreich,8362,Steiermark
Katsumi Sogumo,1987,Flanker,1,0,1,0,0,0,date unknown,g,n,i
Masami Horikoshi,1988,Scrum-half,27,10,17,0,5,21,Tokyo,日本,関東地方,東京都
Kenji Imakoma,1988,Centre,2,0,2,0,3,12,date unknown,g,n,i
Takanori Nagata,1988,Prop,1,0,1,0,0,0,date unknown,g,n,i
Koda Tsunejiro,1988,Flanker,2,0,2,0,0,0,date unknown,g,n,i
Seigo Umeki-Kunisada,1988,Wing,1,0,1,0,0,0,date unknown,g,n,i
Yoshihito Yoshida,1988,Wing,31,11,20,0,19,97,Akita,日本,東北地方,秋田県
Masayuki Nagai,1988,Prop,2,0,2,0,0,0,date unknown,g,n,i
Toshitsugu Yamamoto,1988,Fullback,3,1,2,0,1,14,date unknown,g,n,i
Kiyoshi Imaizumi,1988,,8,4,4,0,3,15,Tokyo,日本,関東地方,東京都
Shinobu Aoki,1989,Fly-half,5,1,4,0,1,4,1968,Россия,СКФО,Карачаево-Черкесия
Hiroyuki Kajihara,1989,Flanker,31,12,19,0,6,28,Yamanasi,日本,中部地方,山梨県
Shuji Nakashima,1989,Flanker,11,4,7,0,0,0,1965,Danmark,1965,Region Hovedstaden
Masanori Takura,1989,Prop,16,8,8,0,1,5,Kyoto,日本,近畿地方,京都府
Ekeroma Lauaiufi,1987,Lock,15,5,9,1,1,4,Western Samoa,United States of America,95503,California
Tadashi Goda,1990,Wing,8,2,6,0,1,4,date unknown,g,n,i
Kazuaki Takahashi,1990,Prop,22,5,17,0,1,5,Tokyo,日本,関東地方,東京都
Takahiro Hosokawa,1990,Fullback,10,3,7,0,3,115,1967,Danmark,1967,Region Hovedstaden
Narihiro Watanabe,1990,Scrum-half,1,0,1,0,0,0,date unknown,g,n,i
Masahiro Kunda,1990,Hooker,48,20,28,0,1,5,Aichi,日本,中部地方,愛知県
Kiyomi Fukumoro,1990,Fullback,1,0,1,0,0,5,date unknown,g,n,i
Susumu Fukuoka,1990,Centre,1,0,1,0,0,0,date unknown,g,n,i
Hirofumi Ouchi,1990,,5,1,4,0,0,0,1966,Россия,СКФО,Карачаево-Черкесия
Wataru Murata,1991,Scrum-half,41,15,26,0,5,84,Fukuoka,日本,九州地方,福岡県
Yukio Motoki,1991,Centre,79,31,47,1,9,45,Osaka,日本,近畿地方,大阪府
Tatsuya Maeda,1991,,4,1,3,0,0,26,1968,Россия,СКФО,Карачаево-Черкесия
Terunori Masuho,1991,Wing,47,20,27,0,29,147,Tokyo,日本,関東地方,東京都
Sam Kaleta,1992,Flanker,11,5,5,1,1,5,1966,Россия,СКФО,Карачаево-Черкесия
Jun Komura,1992,Flanker,4,2,2,0,0,0,1970,Danmark,1970,Region Hovedstaden
Sione-Tupo Latu Mailangi,1992,No. 8,9,6,3,0,4,20,1971,Россия,СКФО,Карачаево-Черкесия
Tsutomu Matsuda,1992,"Fullback, Wing",43,20,23,0,14,70,Saitama,日本,関東地方,埼玉県
Lopeti Oto,1992,Wing,8,2,6,0,7,35,1971,Россия,СКФО,Карачаево-Черкесия
Noriyuki Owashi,1992,Fly-half,1,1,0,0,0,7,date unknown,g,n,i
Hirohisa Kato,1993,Centre,2,0,2,0,0,0,date unknown,g,n,i
Hidco Kaneshiro,1993,Flanker,1,0,1,0,0,0,date unknown,g,n,i
Bruce Ferguson,1993,Lock,17,7,10,0,0,0,Suva,Viti,Central,Suva
Mitsuo Fujikake,1993,Centre,4,2,2,0,1,5,date unknown,g,n,i
Yogi Nagatomo,1993,Scrum-half,8,3,5,0,0,38,date unknown,g,n,i
Ian Williams,1987,Wing,18,6,10,2,11,45,NSW,Australia,New South Wales,Missing
Takashi Akatsuka,1994,Lock,7,5,2,0,2,10,Osaka,日本,近畿地方,大阪府
Hideki Nishida,1994,Scrum-half,1,1,0,0,2,10,Kumamoto,日本,九州地方,熊本県
Yasunobu Sato,1994,Prop,2,1,1,0,0,0,date unknown,g,n,i
Keiji Hirose,1994,Fly-half,40,18,22,0,5,422,Osaka,日本,近畿地方,大阪府
Tetsuya Takeyama,1994,Centre,2,1,1,0,0,0,date unknown,g,n,i
Tomoya Haneda,1995,Lock,1,0,1,0,0,0,Osaka,日本,近畿地方,大阪府
Eiji Hirotsu,1995,,1,0,1,0,0,0,Yamaguchi,日本,中国地方,山口県
Ko Izawa-Nakamura,1995,Flanker,17,6,11,0,6,30,Kanagawa,日本,関東地方,神奈川県
Akira Yoshida,1995,Centre,16,3,13,0,1,5,Kyoto,日本,近畿地方,京都府
David Bickle,1996,Lock,6,2,4,0,1,5,Edinburgh,United Kingdom,Scotland,City of Edinburgh
Takeomi Ito,1996,Back-row,63,26,36,1,6,30,Tokyo,日本,関東地方,東京都
Andrew McCormick,1996,Centre,25,13,12,0,3,15,Christchurch,New Zealand/Aotearoa,Canterbury,Christchurch City
Toshikazu Nakamichi,1996,"Prop, Hooker",16,7,9,0,0,0,Osaka,日本,近畿地方,大阪府
Hiroki Ozeki,1996,Wing,5,3,2,0,2,10,date unknown,g,n,i
Yasunori Watanabe,1996,"Lock, Flanker",34,14,19,1,8,40,Tokyo,日本,関東地方,東京都
Kenichi Kimura,1996,,1,0,1,0,0,0,1968,Россия,СКФО,Карачаево-Черкесия
Kenji Sato,1996,Flanker,5,1,4,0,0,0,date unknown,g,n,i
Kazu Hamabe,1996,,12,4,8,0,0,0,1971,Россия,СКФО,Карачаево-Черкесия
Masaaki Sakata,1996,Hooker,30,10,20,0,5,25,Kyoto,日本,近畿地方,京都府
Osami Yatsuhashi,1996,Centre,12,5,7,0,5,25,Nara,日本,近畿地方,奈良県
Daisuke Ohata,1996,Wing,58,27,30,1,69,345,Osaka,日本,近畿地方,大阪府
Shuji Shimizu,1996,Prop,1,1,0,0,0,0,Aichi,日本,中部地方,愛知県
Hiroyuki Tanuma,1996,Lock,42,16,26,0,2,10,Kanagawa,日本,関東地方,神奈川県
Isikeli Basiyalo,1994,Lock,6,0,6,0,0,0,date unknown,g,n,i
Robert Gordon,1997,No. 8,17,6,11,0,2,10,Te Awamutu,New Zealand/Aotearoa,Waikato,Waipa District
Ken Iwabuchi,1997,Fly-half,21,9,12,0,5,40,Tokyo,日本,関東地方,東京都
Keiji Mizobe,1997,Prop,4,1,3,0,0,0,date unknown,g,n,i
Pat Tuidraki,1994,Wing,25,8,17,0,10,50,Lautoka,Viti,Lautoka,Missing
Kenichi Wada,1997,Wing,5,0,5,0,1,5,1972,Danmark,1972,Region Hovedstaden
Jun Oyamada,1997,Wing,2,0,2,0,0,0,Akita,日本,東北地方,秋田県
Kohei Oguchi,1997,Prop,10,2,8,0,0,0,Saitama,日本,関東地方,埼玉県
Kazuya Koizumi,1997,Lock,13,2,11,0,0,0,Yamanasi,日本,中部地方,山梨県
Shin Hasegawa,1997,"Hooker, Prop",40,14,26,0,1,5,Kyoto,日本,近畿地方,京都府
Stephen Miln,1998,Fullback,5,2,3,0,0,34,1967,Danmark,1967,Region Hovedstaden
Naoto Nakamura,1998,Prop,20,11,9,0,2,10,1969,Nederland,1969,Nederland
Greg Smith,1998,Flanker,17,9,8,0,3,15,1968,Россия,СКФО,Карачаево-Черкесия
Ross Thompson,1998,"Lock, No. 8",6,2,4,0,5,25,1962,Sverige,Svealand,Västmanlands län
Keisuke Sawaki,1998,Fly-half,8,6,2,0,2,27,Akita,日本,東北地方,秋田県
Katsuji Ohara,1998,Scrum-half,5,3,2,0,0,0,1971,Россия,СКФО,Карачаево-Черкесия
Masahiro Kurokawa,1998,No. 8,8,3,5,0,1,5,Tochigi,日本,関東地方,栃木県
Takafumi Hirao,1998,Wing,12,6,5,1,5,25,Osaka,日本,近畿地方,大阪府
Masamitsu Oyabu,1998,Centre,1,0,1,0,0,0,date unknown,g,n,i
Takayuki Sugata,1998,Flanker,1,0,1,0,0,0,date unknown,g,n,i
Graeme Bachop,1989,Scrum-half,39,28,10,1,4,18,Christchurch,New Zealand/Aotearoa,Canterbury,Christchurch City
Jamie Joseph,1992,Flanker,29,21,8,0,3,15,Blenheim,New Zealand/Aotearoa,Marlborough,Blenheim
Kenji Kasai,1999,Prop,11,5,6,0,1,5,Tokyo,日本,関東地方,東京都
Goshi Tachikawa,1999,"Fullback, Centre",20,13,7,0,7,35,Saga,日本,九州地方,佐賀県
Naoya Okubo,1999,"Flanker, Lock",23,9,14,0,0,0,Osaka,日本,近畿地方,大阪府
Junji Hiratsuka,1999,Lock,1,1,0,0,0,0,Akita,日本,東北地方,秋田県
Ryuji Ishi,1999,Flanker,1,1,0,0,0,0,Fukuoka,日本,九州地方,福岡県
Ryohei Miki,1999,"Wing, Centre",9,4,5,0,8,40,Shanghai,中华人民共和国,上海,黄浦区 (Huangpu)
Koji Fukuoka,2000,Fullback,2,0,2,0,0,0,Shiga,日本,近畿地方,滋賀県
Hideki Nanba,2000,Centre,24,8,16,0,6,30,Kanagawa,日本,関東地方,神奈川県
Naoya Okubo,2000,Lock,6,1,5,0,0,0,Kanagawa,日本,関東地方,神奈川県
Yuji Sonoda,2000,Scrum-half,18,5,13,0,2,10,Osaka,日本,近畿地方,大阪府
Hiroshi Sugawara,2000,Back-row,6,1,5,0,0,0,Gifu,日本,中部地方,岐阜県
Karl Todd,2000,Lock,3,0,3,0,0,0,1972,Danmark,1972,Region Hovedstaden
Masahiko Toyoyoma,2000,Prop,24,9,15,0,3,15,Osaka,日本,近畿地方,大阪府
Toru Kurihara,2000,Fullback,28,9,19,0,20,347,Ibaraki,日本,関東地方,茨城県
Shotaro Onishi,2000,"Centre, Fly-half",33,15,17,1,2,71,Osaka,日本,近畿地方,大阪府
Takahiro Hirata,2000,,2,0,2,0,0,0,Miyazaki,日本,九州地方,宮崎県
Yasuhiko Iwama,2000,Prop,6,2,4,0,0,0,Kanagawa,日本,関東地方,神奈川県
Takuo Kawasaki,2000,Back-row,2,0,2,0,0,0,Fukuoka,日本,九州地方,福岡県
Michinori Oda,2000,Fullback,5,1,4,0,2,10,Osaka,日本,近畿地方,大阪府
Mamoru Ito,2000,Scrum-half,16,8,7,1,2,10,Akita,日本,東北地方,秋田県
Takeshi Nozawa,2000,Flanker,4,1,3,0,0,0,Tokyo,日本,関東地方,東京都
Masanori Tatsukawa,2000,"Hooker, Prop",1,0,1,0,0,0,Kyoto,日本,近畿地方,京都府
Kousuke Fujii,2000,Lock,1,0,1,0,0,0,Oita,日本,九州地方,大分県
Yasuharu Uryu,2000,Centre,2,1,1,0,0,0,Fukuoka,日本,九州地方,福岡県
Masao Amino,2000,Hooker,10,2,8,0,0,0,Yamanasi,日本,中部地方,山梨県
Masanao Washiya,2000,No. 8,2,1,1,0,0,0,Nara,日本,近畿地方,奈良県
Noboru Yasuda,2000,Hooker,2,1,1,0,0,0,Osaka,日本,近畿地方,大阪府
Toshikazu Fumihara,2000,Prop,1,0,1,0,0,0,Osaka,日本,近畿地方,大阪府
Reo Kawai,2000,Centre,1,0,1,0,0,0,1972,Danmark,1972,Region Hovedstaden
Koichi Kubo,2000,Back-row,20,8,11,1,3,15,Saitama,日本,関東地方,埼玉県
Soushi Fuchigami,2000,Fly-half,5,2,3,0,3,22,Fukuoka,日本,九州地方,福岡県
Nataniela Oto,2001,Flanker,12,4,8,0,4,20,1978,Svizra,Svizzera,Suisse
Kenichi Takayanagi,2001,Prop,1,1,0,0,0,0,Osaka,日本,近畿地方,大阪府
Yutaka Tsujimoto,2001,Hooker,1,1,0,0,0,0,Osaka,日本,近畿地方,大阪府
Shinichi Tsukita,2001,Scrum-half,9,5,4,0,0,9,Fukuoka,日本,九州地方,福岡県
Lautangi Vatuvei,2001,Lock,23,11,10,2,9,45,1977,Svizra,Svizzera,Suisse
Masahito Yamamoto,2001,Prop,26,8,17,1,1,5,Aichi,日本,中部地方,愛知県
Akihito Kato,2001,Hooker,3,2,1,0,0,0,Akita,日本,東北地方,秋田県
Hajime Kiso,2001,"Lock, Back-row",32,12,19,1,0,0,Osaka,日本,近畿地方,大阪府
Kazunaka Motoyoshi,2001,Prop,1,1,0,0,0,0,Kanagawa,日本,関東地方,神奈川県
Yuya Saito,2001,No. 8,14,7,6,1,4,20,Tokyo,日本,関東地方,東京都
Eiji Yamamoto,2001,No. 8,3,0,3,0,0,0,Fukuoka,日本,九州地方,福岡県
Hirotoki Onozawa,2001,Wing,81,41,37,3,55,275,Shizuoka,日本,中部地方,静岡県
Jun Akune,2001,Lock,2,1,1,0,0,0,1977,Svizra,Svizzera,Suisse
Ryo Yamamura,2001,Prop,40,14,24,2,1,5,Saga,日本,九州地方,佐賀県
Hideyuki Yoshida,2001,"Fly-half, Fullback",16,7,9,0,1,5,Gunma,日本,関東地方,群馬県
Yuichi Hisadomi,2002,Prop,21,9,11,1,1,5,Saga,日本,九州地方,佐賀県
Andy Miller,2002,Fly-half,10,6,4,0,6,70,Te Puke,New Zealand/Aotearoa,Bay of Plenty,Western Bay of Plenty District
Takuro Miuchi,2002,Back-row,48,20,27,1,7,35,Fukuoka,日本,九州地方,福岡県
Adam Parker,2002,Lock,18,6,12,0,2,10,Christchurch,New Zealand/Aotearoa,Canterbury,Christchurch City
Dean Anglesey,2002,Flanker,3,2,1,0,2,10,1969,Nederland,1969,Nederland
Tsuyoshi Kinoshita,2002,Lock,2,0,2,0,1,5,Hyogo,日本,近畿地方,兵庫県
Takashi Yoshida,2002,"Fullback, Wing",4,1,3,0,3,15,Nagasaki,日本,九州地方,長崎県
Masahiro Shichinohe,2002,Hooker,2,1,1,0,0,0,Iwate,日本,東北地方,岩手県
Takamasa Sawaguchi,2002,Lock,1,0,1,0,0,0,Ibaraki,日本,関東地方,茨城県
Tetsuya Watanabe,2002,Centre,1,0,1,0,1,5,Saitama,日本,関東地方,埼玉県
Dai Katsuno,2002,Centre,1,0,1,0,0,0,Nagano,日本,中部地方,長野県
Kenji Shomen,2002,"Fullback, Fly-half",2,1,1,0,0,0,Osaka,日本,近畿地方,大阪府
Ken Tsukagoshi,2002,Hooker,9,3,6,0,0,0,Saitama,日本,関東地方,埼玉県
George Konia,2003,Centre,6,0,6,0,2,10,Putaruru,New Zealand/Aotearoa,Waikato,South Waikato District
Yohei Shinomiya,2003,Wing,3,1,2,0,2,10,Kanagawa,日本,関東地方,神奈川県
Reuben Parkinson,2003,Centre,10,1,9,0,0,0,Opotiki,New Zealand/Aotearoa,Bay of Plenty,Opotiki District
Ryota Asano Inose,2003,Flanker,22,10,12,0,0,0,Chiba,日本,関東地方,千葉県
Hiroki Matsuo,2003,Hooker,5,1,4,0,0,0,Fukuoka,日本,九州地方,福岡県
Takashi Tsuji,2003,Scrum-half,7,3,4,0,0,0,Ibaraki,日本,関東地方,茨城県
Hiroaki Ito,2004,Fly-half,2,1,0,1,0,4,Tokyo,日本,関東地方,東京都
Takanori Kumagae,2004,Lock,26,9,16,1,1,5,Fukuoka,日本,九州地方,福岡県
Yuji Matsubara,2004,Hooker,23,9,12,2,2,10,Osaka,日本,近畿地方,大阪府
Masatoshi Mukoyama,2004,Centre,6,1,4,1,2,10,Kumamoto,日本,九州地方,熊本県
Koichi Ohigashi,2004,Fullback,7,4,2,1,3,15,Osaka,日本,近畿地方,大阪府
Wataru Ikeda,2004,Scrum-half,14,5,8,1,1,61,Miyagi,日本,東北地方,宮城県
Hitoshi Ono,2004,Lock,87,54,30,3,13,65,Fukushima,日本,東北地方,福島県
Feletikiki Mau,2004,Flanker,6,2,4,0,0,0,1977,Svizra,Svizzera,Suisse
Kyohei Morita,2004,"Fullback, Fly-half",8,3,5,0,0,72,Osaka,日本,近畿地方,大阪府
Mitsugu Yamamoto,2004,Hooker,10,5,5,0,3,15,Okayama,日本,中国地方,岡山県
Kosuke Endo,2004,"Fullback, Wing",41,19,20,2,18,90,Hokkaido,日本,北海道地方,北海道
Keiji Takei,2004,Fullback,6,3,3,0,5,25,Kanagawa,日本,関東地方,神奈川県
Takashi Yamaoka,2004,Hooker,13,4,9,0,0,0,Yamagata,日本,東北地方,山形県
Hayato Daimon,2004,Fullback,2,0,2,0,1,5,Hokkaido,日本,北海道地方,北海道
Koichiro Kubota,2004,Wing,3,0,3,0,0,0,Yamanasi,日本,中部地方,山梨県
Seiichi Shimonura,2004,Centre,6,4,2,0,0,5,Gunma,日本,関東地方,群馬県
Kiyonori Tanaka,2004,Scrum-half,3,0,3,0,0,0,Hyogo,日本,近畿地方,兵庫県
Takatoyo Yamaguchi,2004,Back-row,3,0,3,0,0,0,Iwate,日本,東北地方,岩手県
Hiroki Mizuno,2004,"Fullback, Wing",12,5,7,0,2,10,Kyoto,日本,近畿地方,京都府
Tatsukichi Nishiura,2004,Prop,17,7,9,1,1,5,Fukuoka,日本,九州地方,福岡県
Tatsuhiko Otao,2004,"Centre, Fly-half",7,5,2,0,0,0,Saga,日本,九州地方,佐賀県
Christian Loamanu,2005,"Centre, Wing",16,4,11,1,5,25,Tatakamotonga,Tonga,Tongatapu,Vahe Tatakamotonga
Hare Makiri,2005,"Flanker, Lock",26,7,18,1,4,20,Thames,New Zealand/Aotearoa,Waikato,Thames Coromandel District
Tomoaki Nakai,2005,Flanker,12,5,7,0,0,0,Kumamoto,日本,九州地方,熊本県
Hiroshi Takahashi,2005,Prop,5,1,4,0,0,0,Tokyo,日本,関東地方,東京都
Jamie Washington,2005,Lock,7,3,4,0,0,0,1974,Österreich,8573,Steiermark
Ayumu Goromaru,2005,Fullback,46,32,14,0,16,570,Fukuoka,日本,九州地方,福岡県
Shota Goto,2005,Scrum-half,8,3,5,0,0,0,Kanagawa,日本,関東地方,神奈川県
Shigeyasu Takagi,2005,"Prop, Flanker",5,2,3,0,1,5,Hyogo,日本,近畿地方,兵庫県
Masakazu Nakabayashi,2005,Hooker,4,3,1,0,0,0,Kyoto,日本,近畿地方,京都府
Katoni Otukolo,2005,Centre,3,2,1,0,3,15,1982,Sverige,Svealand,Västmanlands län
Philip O'Reilly,2005,Flanker,11,6,4,1,7,35,1980,Sverige,Svealand,Västmanlands län
Teppei Tomioka,2005,Centre,2,0,2,0,0,0,Fukuoka,日本,九州地方,福岡県
Jumpei Enomoto,2005,Centre,1,1,0,0,0,0,Tokyo,日本,関東地方,東京都
Takashi Kikutani,2005,No. 8,68,41,26,1,32,160,Nara,日本,近畿地方,奈良県
Toshizumi Kitagawa,2005,Lock,43,23,19,1,2,10,Kyoto,日本,近畿地方,京都府
Takashi Miyake,2005,Utility back,4,1,3,0,1,5,Kyoto,日本,近畿地方,京都府
Tsuyoshi Sato,2005,Lock,9,5,4,0,1,5,Saitama,日本,関東地方,埼玉県
Tomokazu Soma,2005,Prop,24,10,13,1,1,5,Kanagawa,日本,関東地方,神奈川県
Eiji Ando,2006,Fly-half,13,5,8,0,0,55,Saitama,日本,関東地方,埼玉県
Yuta Imamura,2006,"Wing, Centre",39,20,18,1,16,80,Mie,United States of America,Missing,Missing
Yuki Yatomi,2006,Scrum-half,15,7,8,0,2,10,Kyoto,日本,近畿地方,京都府
Atsushi Moriya,2006,Centre,7,2,5,0,0,0,Kyoto,日本,近畿地方,京都府
Tomoaki Taniguchi,2006,Lock,12,5,7,0,2,10,Hyogo,日本,近畿地方,兵庫県
Go Aruga,2006,"Fullback, Centre",18,12,5,1,9,67,Yamanasi,日本,中部地方,山梨県
Tomoki Kitagawa,2006,Wing,3,2,1,0,2,10,Kyoto,日本,近畿地方,京都府
James Arlidge,2007,Fly-half,32,19,12,1,8,286,Hamilton,Canada,Ontario,Hamilton
Bryce Robins,2007,"Centre, Fly-half",25,11,12,2,14,72,New Plymouth,New Zealand/Aotearoa,Taranaki,New Plymouth District
Koji Taira,2007,Centre,32,16,15,1,12,60,Nagasaki,日本,九州地方,長崎県
Tomoki Yoshida,2007,Scrum-half,25,13,11,1,2,10,Kyoto,日本,近畿地方,京都府
Yusuke Aoki,2007,Hooker,30,16,14,0,3,15,Tokyo,日本,関東地方,東京都
Yuji Kitagawa,2007,Lock,6,4,2,0,0,0,Osaka,日本,近畿地方,大阪府
Kosei Ono,2007,"Fly-half, Centre",24,13,11,0,4,33,Aichi,日本,中部地方,愛知県
Toshiaki Hirose,2007,"Wing, Fly-half",26,20,6,0,11,55,Osaka,日本,近畿地方,大阪府
Takamichi Sasaki,2007,Flanker,13,6,7,0,4,20,Osaka,日本,近畿地方,大阪府
Luke Thompson,2007,"Flanker, Lock",52,31,19,2,9,45,Christchurch,New Zealand/Aotearoa,Canterbury,Christchurch City
Taku Inokuchi,2007,Front-row,7,3,4,0,1,5,Tokyo,日本,関東地方,東京都
Takahiro Sugiura,2007,Prop,1,1,0,0,0,0,Aichi,日本,中部地方,愛知県
Glen Marsh,2007,Flanker,3,0,3,0,0,0,Rotorua,New Zealand/Aotearoa,Bay of Plenty,Rotorua District
Tatsuya Kusumi,2007,"Wing, Fullback",3,1,2,0,2,10,Osaka,日本,近畿地方,大阪府
Chul-Won Kim,2007,Scrum-half,2,0,1,1,0,0,Seoul,대한민국,서울,Missing
Ryan Nicholas,2008,"Centre, Fly-half",38,22,15,1,9,193,Broken Hill,Australia,New South Wales,Broken Hill
Koji Shinozuka,2008,"Lock, Flanker",6,5,1,0,2,10,Saitama,日本,関東地方,埼玉県
Hiroki Yoshida,2008,"Fullback, Wing",7,6,1,0,5,43,Fukushima,日本,東北地方,福島県
Yoshitaka Nakayama,2008,Flanker,11,9,2,0,3,15,Fukuoka,日本,九州地方,福岡県
Akira Ozaki,2008,Prop,3,3,0,0,1,5,Nagasaki,日本,九州地方,長崎県
Takashi Sato,2008,Scrum-half,4,4,0,0,0,0,Osaka,日本,近畿地方,大阪府
Yosuke Ikegaya,2008,Prop,3,2,1,0,0,0,Hiroshima,日本,中国地方,広島県
Yuta Inose,2008,Prop,6,3,3,0,0,0,Ibaraki,日本,関東地方,茨城県
Taira Sato,2008,Lock,3,3,0,0,1,5,Akita,日本,東北地方,秋田県
Fumiaki Tanaka,2008,Scrum-half,44,29,14,1,8,40,Kyoto,日本,近畿地方,京都府
Shaun Webb,2008,Fly-half,35,23,11,1,18,198,Driffield,United Kingdom,England,Yorkshire and the Humber
Koliniashi Holani,2008,"Lock, Back-row",38,27,11,0,22,110,Nuku'alofa,Tonga,Tongatapu,Vahe Kolofo'ou
Naonori Mizuyama,2008,Hooker,4,2,2,0,0,0,Hyogo,日本,近畿地方,兵庫県
Kensuke Hatakeyama,2008,Prop,62,44,17,1,10,50,Miyagi,日本,東北地方,宮城県
Hisateru Hirashima,2008,Prop,37,27,9,1,0,0,Kyoto,日本,近畿地方,京都府
Kaoru Matsushita,2008,"Fullback, Wing",7,6,1,0,3,17,Hyogo,日本,近畿地方,兵庫県
Koji Tomioka,2008,"Wing, Fullback",6,4,2,0,1,5,Osaka,日本,近畿地方,大阪府
Michael Leitch,2008,Flanker,38,28,9,1,11,55,Burwood,Australia,Burwood,Missing
Masakazu Irie,2008,"Centre, Fly-half",1,1,0,0,0,0,Fukuoka,日本,九州地方,福岡県
Naoki Kawamata,2008,Prop,18,15,3,0,1,5,Tokyo,日本,関東地方,東京都
Piei Mafileo,2008,Fullback,1,1,0,0,0,0,1986,Россия,СКФО,Карачаево-Черкесия
Masato Toyoda,2008,"Lock, No. 8",1,1,0,0,0,0,Kyoto,日本,近畿地方,京都府
Toetuu Taufa,2009,Back-row,22,16,5,1,2,10,Nuku'alofa,Tonga,Tongatapu,Vahe Kolofo'ou
Hiroshi Yamashita,2009,Prop,39,28,11,0,0,0,Osaka,日本,近畿地方,大阪府
Tateo Kanai,2009,"Hooker, Prop",5,3,2,0,0,0,Gunma,日本,関東地方,群馬県
Shinsuke Nakamura,2009,Prop,6,5,1,0,0,0,Hyogo,日本,近畿地方,兵庫県
Jack Tarrant,2009,Centre,7,4,3,0,7,35,1980,Sverige,Svealand,Västmanlands län
Yoshimitsu Yasue,2009,"Prop, Hooker",2,2,0,0,0,0,Tokyo,日本,関東地方,東京都
Masakazu Toyota,2009,Back-row,9,6,3,0,1,5,Fukuoka,日本,九州地方,福岡県
Shota Horie,2009,Hooker,32,23,8,1,6,30,Osaka,日本,近畿地方,大阪府
Daniel Quate,2009,"Lock, Flanker",1,1,0,0,0,0,Napier,New Zealand/Aotearoa,Hawke's Bay,Napier City
Alisi Tupuailei,2009,Centre,20,13,6,1,20,100,Western Samoa,United States of America,95503,California
Takeshi Kizu,2009,Hooker,33,25,8,0,12,60,Osaka,日本,近畿地方,大阪府
Shinya Makabe,2009,"Flanker, Lock",29,23,6,0,4,20,Miyagi,日本,東北地方,宮城県
Yasunori Nagatomo,2010,Wing,9,7,2,0,4,20,Miyazaki,日本,九州地方,宮崎県
Sione Vatuvei,2010,Back-row,8,5,2,1,2,10,Nuku'alofa,Tonga,Tongatapu,Vahe Kolofo'ou
Nozomu Fujita,2010,Prop,14,9,4,1,0,0,Saitama,日本,関東地方,埼玉県
Hiroki Yuhara,2010,Hooker,20,17,3,0,3,15,Chiba,日本,関東地方,千葉県
Ryo Kanazawa,2010,Centre,3,3,0,0,1,5,Osaka,日本,近畿地方,大阪府
Koji Wada,2010,"Wing, Scrum-half",5,4,1,0,2,10,Fukuoka,日本,九州地方,福岡県
Ryohei Yamanaka,2010,"Centre, Fly-half",3,3,0,0,0,0,Osaka,日本,近畿地方,大阪府
Atsushi Tanabe,2010,"Fullback, Centre",3,3,0,0,2,52,Nara,日本,近畿地方,奈良県
Itaru Taniguchi,2010,Back-row,10,6,4,0,0,0,Ibaraki,日本,関東地方,茨城県
Atsushi Hiwasa,2011,Scrum-half,41,27,13,1,1,5,Hyogo,日本,近畿地方,兵庫県
Justin Ives,2011,"Flanker, Lock",26,24,2,0,5,25,Mosiel,Nigeria,Edo,Oredo
Taihei Ueda,2011,"Fullback, Wing",6,5,1,0,1,5,Fukuoka,日本,九州地方,福岡県
Takehisa Usuzuki,2011,"Wing, Fullback",7,4,3,0,8,40,Osaka,日本,近畿地方,大阪府
Ryuta Ueno,2011,Hooker,1,1,0,0,0,0,Kyoto,日本,近畿地方,京都府
Tadasuke Nishihara,2011,Flanker,3,1,2,0,0,0,Osaka,日本,近畿地方,大阪府
Murray Williams,2011,Fly-half,6,2,3,1,0,2,Auckland,New Zealand/Aotearoa,Auckland,Missing
Ryuhei Arita,2012,Hooker,8,5,3,0,1,5,Fukuoka,日本,九州地方,福岡県
Jun Fujii,2012,Scrum-half,6,4,2,0,1,5,Aichi,日本,中部地方,愛知県
Shoji Ito,2012,"Flanker, Lock",31,23,8,0,1,5,Hyogo,日本,近畿地方,兵庫県
Yuusuke Nagae,2012,Prop,18,12,6,0,1,5,Gifu,日本,中部地方,岐阜県
Tomohiro Senba,2012,"Wing, Centre",9,6,3,0,2,10,Shiga,日本,近畿地方,滋賀県
Yuu Tamura,2012,"Centre, Fly-half",29,23,6,0,5,33,Aichi,日本,中部地方,愛知県
Yuta Mochizuki,2012,"Lock, Flanker",7,4,3,0,2,10,Kanagawa,日本,関東地方,神奈川県
Harumichi Tatekawa,2012,"Centre, Fly-half",31,23,8,0,7,51,Nara,日本,近畿地方,奈良県
Hidetatsu Tsuboi,2012,Prop,2,2,0,0,0,0,1989,Česko,43201,Severozápad
Keisuke Uchida,2012,Scrum-half,10,9,1,0,2,10,1992,Россия,СКФО,Карачаево-Черкесия
Yoshikazu Fujita,2012,Wing,21,17,4,0,24,120,Kyoto,日本,近畿地方,京都府
Daiki Hashimoto,2012,Flanker,1,1,0,0,0,0,Fukuoka,日本,九州地方,福岡県
Yusaku Kuwazuru,2012,"Lock, Flanker",3,3,0,0,2,10,Kagoshima,日本,九州地方,鹿児島県
Kaito Morikawa,2012,Centre,1,1,0,0,1,5,Chiba,日本,関東地方,千葉県
Hendrik Tui,2012,No. 8,27,19,8,0,11,55,Auckland,New Zealand/Aotearoa,Auckland,Missing
Michael Broadhurst,2012,No. 8,16,11,5,0,6,30,1986,Россия,СКФО,Карачаево-Черкесия
Masataka Mikami,2013,Prop,26,20,6,0,1,5,Aomori,日本,東北地方,青森県
Male Sa'u,2013,"Centre, Fly-half",20,14,6,0,8,40,1987,Россия,СКФО,Карачаево-Черкесия
Takuma Asahara,2013,Prop,5,4,1,0,2,10,Yamanasi,日本,中部地方,山梨県
Kenki Fukuoka,2013,Wing,12,7,5,0,10,50,1992,Россия,СКФО,Карачаево-Черкесия
Craig Wing,2013,"Fly-half, Centre",7,3,4,0,1,5,NSW,Australia,New South Wales,Missing
Ryoto Nakamura,2013,"Centre, Fly-half",4,4,0,0,0,4,Japan,日本,Missing,Missing
Ryuta Yasui,2013,"Lock, Flanker",2,1,1,0,1,5,Kyoto,日本,近畿地方,京都府
Akihito Yamada,2013,Wing,11,11,0,0,10,50,Fukuoka,日本,九州地方,福岡県
Hayden Hopgood,2014,"Lock, Flanker",6,5,1,0,4,20,Christchurch,New Zealand/Aotearoa,Canterbury,Christchurch City
Kotaro Matsushima,2014,Utility back,6,5,1,0,4,20,1993,Svizra,Svizzera,Suisse
Daishi Murata,2014,"Wing, Centre",2,2,0,0,1,5,Nagasaki,日本,九州地方,長崎県
Yasuki Hayashi,2014,"Centre, Fly-half",3,3,0,0,1,5,Osaka,日本,近畿地方,大阪府
Kyosuke Horie,2014,Back-row,2,2,0,0,2,10,Tokyo,日本,関東地方,東京都
Karne Hesketh,2014,"Wing, Centre",5,4,1,0,6,30,1985,Nederland,1985,Nederland
Amanaki Mafi,2014,No. 8,2,1,1,0,0,0,1990,Portugal,1990,Lisboa
Keita Inagaki,2014,Prop,2,1,1,0,0,0,Niigata,日本,中部地方,新潟県
Shinnosuke Kakinaga,2014,Prop,2,1,1,0,0,0,Fukuoka,日本,九州地方,福岡県
Chihito Matsui,2015,Wing,2,2,0,0,1,5,1994,Česko,Jihozápad,Plzeňský kraj
Tsuyoshi Murata,2015,Flanker,3,3,0,0,0,0,Kanagawa,日本,関東地方,神奈川県
Kazuhiko Usami,2015,Lock,3,3,0,0,0,0,1992,Россия,СКФО,Карачаево-Черкесия
