O. Faupula,1924,,date unknown,3,1,0,0
Te. Fifita,1924,,date unknown,3,1,0,0
Afu Fifita,1924,,date unknown,3,1,0,0
Sione Finau,1924,Flanker,date unknown,6,3,1,13
Tevita Finau,1924,,date unknown,3,1,0,0
L. Fineanganofo,1924,,date unknown,3,1,0,0
S. Halahingalo,1924,,date unknown,3,1,0,0
S. Halaholo,1924,,date unknown,3,1,0,0
Taniela Haumono,1924,Lock,date unknown,12,5,2,12
T. Havea,1924,,date unknown,3,1,0,0
Peni Katoa,1924,,date unknown,3,1,0,3
M. Liongitau,1924,,date unknown,3,1,0,0
E. Mo'ungaloa,1924,,date unknown,3,1,0,0
P. Palavi,1924,,date unknown,3,1,0,0
S. Pifalati,1924,,date unknown,2,1,0,0
Sione Selupe,1924,Prop,date unknown,6,3,1,3
Peni Sikalu,1924,,date unknown,3,1,0,0
Sione Simiki,1924,No. 8,date unknown,6,3,1,3
Tevita Tofua,1924,Hooker,date unknown,6,3,0,0
Na'a Tovo,1924,,date unknown,3,1,0,0
Aisea Tupou,1924,,date unknown,3,1,0,0
S. Vaka'uta,1924,,date unknown,3,1,0,0
Sione Kuila,1924,,date unknown,1,0,0,0
Peni 'Ake,1926,Prop,date unknown,3,2,0,0
J. Fakalolo,1926,Lock,date unknown,3,2,0,0
J. Fukofuka,1926,Wing,date unknown,4,3,0,0
Aminiasi Kefu,1926,Wing,date unknown,5,3,1,3
Moahegi Latunipulu,1926,Prop,date unknown,3,2,0,0
Amone Lino,1926,Fullback,date unknown,3,2,0,0
Sione Misa,1926,Fly-half,date unknown,3,2,1,3
Tevita Sitanilei,1926,Scrum-half,date unknown,7,4,0,0
Viliami Taufatofua,1926,No. 8,date unknown,3,2,0,0
Simione Tufui,1926,Wing,date unknown,12,5,2,6
Esei Tu'ipolotu,1926,Centre,date unknown,5,3,0,0
S. Akau'ola,1928,,date unknown,2,1,0,0
Samiuela Fonua,1928,,date unknown,3,2,0,0
Tevita Fuataimi,1928,No. 8,date unknown,6,2,2,6
Fa'aitu Hafoka,1928,No. 8,date unknown,5,1,0,0
Isitolo Hafoka,1928,Fly-half,date unknown,8,2,0,11
L. Kainga,1928,,date unknown,3,2,0,0
T. Langi,1928,,date unknown,1,1,0,0
Sione Leba,1928,Hooker,date unknown,5,1,0,0
F. Mailangi,1928,,date unknown,2,1,0,0
S. Mateaki,1928,,date unknown,2,1,0,0
Suli Moa,1928,,date unknown,2,2,0,0
Osaisai Pepa Koloamatangii,1928,,date unknown,3,2,1,3
Sione T. Puloka,1928,,date unknown,5,2,0,0
Pauli Taumoepeau,1928,,date unknown,3,2,0,0
L. Tu'uta,1928,,date unknown,2,1,0,8
Saia Vaea,1928,,date unknown,3,2,1,3
Sione Finisi Heleta,1928,Prop,date unknown,5,1,0,0
Ilaikimi Omani,1928,Lock,date unknown,5,1,0,0
Sefesi Ata,1928,Wing,date unknown,1,1,0,0
Tevita Alatini,1932,Scrum-half,date unknown,1,0,0,0
Osaiasi Beba,1932,Centre,date unknown,3,0,0,2
Tomasi Soaiti,1932,,date unknown,3,0,0,0
Siosi Tu'itavake,1932,Lock,date unknown,1,0,0,0
Visa Vaka,1932,Prop,date unknown,1,0,0,0
Viliami Vuni,1932,Wing,date unknown,6,1,0,0
Sione Buloka,1932,Centre,date unknown,2,0,0,0
Joasina Kaihau,1932,Wing,date unknown,2,0,0,0
Sione Laiseni,1932,Flanker,date unknown,2,0,0,0
Sione Vikilani,1932,Flanker,date unknown,2,0,1,3
Siu Aisake,1934,,date unknown,3,1,0,0
Masiu Akau'ola,1934,,date unknown,3,1,0,0
Tonga Faleola,1934,Wing,date unknown,3,1,0,0
Simione Fangupo,1934,,date unknown,3,1,0,0
Fine Fifita,1934,,date unknown,3,1,0,0
Lisala Fifita,1934,,date unknown,3,1,0,0
Siua Kaihau,1934,,date unknown,3,1,0,0
Timote Mafi,1934,,date unknown,3,1,0,0
Viliami Moeaki,1934,Centre,date unknown,3,1,0,0
Sione Napa'a,1934,,date unknown,3,1,1,3
Tevita Piukala,1934,,date unknown,3,1,1,3
Henele Taliai,1934,,date unknown,3,1,0,0
Sione Tunufa'i,1934,,date unknown,3,1,0,0
Tevita Unga,1934,,date unknown,3,1,0,0
Tevita Apitani,1947,Centre,date unknown,2,0,0,0
Samiuela Fotu,1947,Centre,date unknown,1,0,0,0
Mesiu Ilolahia,1947,Prop,date unknown,1,0,0,0
Tevita Kaufana,1947,,date unknown,1,0,0,0
Valita Likio,1947,Flanker,date unknown,2,0,0,0
Tongatoutei Ma'u,1947,No. 8,date unknown,2,0,0,3
Valeti Ma'u,1947,Fullback,date unknown,1,0,0,0
Sione Mo'ungalo,1947,Fly-half,date unknown,1,0,0,0
Sini Pouanga,1947,Lock,date unknown,2,0,0,0
Tevita Samiu,1947,,date unknown,1,0,0,0
Makoni Sifa,1947,Hooker,date unknown,1,0,0,0
Kuli Tonga,1947,Scrum-half,date unknown,2,0,0,0
Malakai Tonga,1947,Wing,date unknown,2,0,0,0
Soane Tu'ipulotu,1947,Lock,date unknown,2,0,1,3
Sione Valeli,1947,Prop,date unknown,1,0,0,4
Inoke,1947,,date unknown,1,0,1,3
Malu,1947,,date unknown,1,0,0,0
Tuifio Taufa Aloua,1958,,date unknown,3,1,0,0
Kisione Fifita,1958,Flanker,date unknown,3,1,0,0
Samiu Hala'unga,1958,Centre,date unknown,3,1,0,0
Mafile'o Kefu,1958,Centre,date unknown,7,3,0,7
Sele Latukefu,1958,Lock,date unknown,9,4,0,0
Samiuela Mafana,1958,Flanker,date unknown,7,3,1,3
Lutu Mailangi,1958,Flanker,date unknown,7,3,0,0
Tevita Moli,1958,Prop,date unknown,3,1,0,0
Sione Nauvai,1958,Wing,date unknown,4,2,1,3
Tevita Sika,1958,Fullback,date unknown,3,1,0,0
Sione Tavo,1958,Prop,date unknown,13,5,1,3
Talaiasi Teu,1958,Centre,date unknown,3,1,0,0
Paula Tevi,1958,Wing,date unknown,3,1,0,0
Isikeli Vaka'uta,1958,,date unknown,6,2,0,5
Sione Vunipola,1958,Prop,date unknown,5,2,0,0
Finau Otutoa,1958,Prop,date unknown,2,1,0,0
Pauli Ma'afu,1959,Flanker,date unknown,3,2,0,0
Kalisi Moala,1959,Prop,date unknown,6,2,0,0
Lausi'i Tu'itavake,1959,Hooker,date unknown,4,2,0,0
Samiuela Ula,1959,Scrum-half,date unknown,4,2,1,3
Viliami Vaka'uta,1959,Wing,date unknown,2,2,0,2
Kakalosi Kioa,1959,No. 8,date unknown,2,2,0,0
Lausi'i Fililava,1960,Centre,date unknown,1,1,2,6
Uatesoni Palavi,1960,Fly-half,date unknown,3,1,1,3
Petelo Fa'apoi,1963,Wing,date unknown,1,0,0,0
Panuve Faka'ua,1963,Centre,date unknown,11,3,0,0
Siaosi Selupe,1963,Lock,date unknown,10,4,2,6
Ngalumoetutula Kalaniuvalu,1963,No. 8,date unknown,1,0,0,0
Foua Moala,1963,Prop,date unknown,4,1,1,3
Takai Sime,1963,Wing,date unknown,1,0,0,0
Tamata'ane Tatafu,1963,Wing,date unknown,1,0,0,0
Fetu'ulele,1967,,date unknown,1,0,0,0
Taniela Finau,1967,Prop,date unknown,1,0,0,0
Talitaufa Helu,1967,Scrum-half,date unknown,2,0,1,3
Kimpu 'Inoke,1967,Flanker,date unknown,11,3,3,10
Kei 'Iongi,1967,Wing,date unknown,12,4,2,10
Etuini Kelemeni,1967,Wing,date unknown,3,0,0,0
Tali Latukefu,1967,Fly-half,date unknown,6,1,0,0
Tevita Leger,1967,Flanker,1939,2,0,0,0
Tuilipe Mapa,1967,Scrum-half,date unknown,2,0,0,0
Viliami Pahulu,1967,Hooker,date unknown,9,4,0,16
Samiuela Tatafu,1967,,date unknown,1,0,0,0
Kalani Hafoka,1967,Fullback,date unknown,5,1,2,6
Viliami Hosea,1967,Prop,date unknown,2,0,0,0
Sione Kava,1967,Flanker,date unknown,1,0,0,0
Sione Motuliki,1967,Lock,date unknown,1,0,0,0
Freddie Muller,1967,Scrum-half,date unknown,8,3,1,3
Viliami 'Alipate,1967,No. 8,date unknown,5,2,0,0
Tali Kavapalu,1967,Centre,date unknown,14,6,3,10
George Selupe,1967,Flanker,date unknown,3,1,0,0
Telanisi,1967,,date unknown,1,0,0,0
Supileo Fotu,1968,Flanker,date unknown,5,3,2,6
Fetu'ulele Mailangi,1968,Lock,date unknown,4,2,1,3
Sione Sika,1968,Fullback,date unknown,5,3,0,23
Molou Filimoehala,1968,Hooker,date unknown,5,1,0,0
Taniela Tonga,1968,Wing,date unknown,1,0,0,0
Sione Mafi Pahulu,1969,No. 8,date unknown,14,5,3,29
Sio Motu'apuaka,1969,Prop,date unknown,3,2,0,0
'Uhila Tai,1969,Fly-half,date unknown,2,1,0,0
Vainikolo Vanisi,1969,Wing,date unknown,2,2,0,0
'Inoke Lupina,1969,Hooker,date unknown,2,1,0,0
Malakai 'Alatini,1969,Fly-half,date unknown,12,4,4,14
Sami Latu,1972,Centre,date unknown,10,3,3,12
Taufu'i Moala,1972,Wing,date unknown,1,0,0,0
Kulini Motu'apuaka,1972,Prop,date unknown,1,0,0,0
Ilavalu Taufa,1972,Fullback,date unknown,1,0,0,2
Polutele Tuihalamaka,1972,Lock,circa 1949,14,3,1,4
Fatai Kefu,1972,Fullback,date unknown,6,1,0,0
Eukaliti Hehepoto,1972,Hooker,date unknown,5,2,1,4
Tevita Bloomfield,1973,Prop,date unknown,5,2,0,0
Ha'unga Fonua,1973,Scrum-half,date unknown,7,3,1,4
F. Hufanga,1973,,date unknown,1,1,0,0
Valita Ma'ake,1973,Fullback,date unknown,17,6,0,47
Siope Matapule,1973,Wing,date unknown,2,1,0,0
Fakahau Valu,1973,Flanker,circa 1950,25,7,6,24
Sione Foliaki,1973,Fly-half,date unknown,3,1,0,0
Pasifiki Tonga,1973,Prop,date unknown,1,0,0,0
Fa'aleo Tupi,1973,Lock,date unknown,8,2,1,4
'Isikeli Vave,1973,Wing,date unknown,5,2,4,16
Tuli Kaho,1973,Lock,date unknown,1,0,0,0
Ualeni Pahulu,1973,Prop,date unknown,3,1,0,0
Sitafooti 'Aho,1974,Centre,date unknown,3,1,1,4
Saia Fifita,1974,Prop,date unknown,4,1,3,12
Talilotu Ngaluafe,1974,Wing,date unknown,5,1,4,16
Tevita Pulumufita,1974,Hooker,date unknown,3,1,0,0
Saimone Vaea,1974,Flanker,date unknown,6,1,2,8
Peni Kaihau,1975,Scrum-half,date unknown,4,0,0,0
Sosaia Makalo,1975,Centre,date unknown,1,0,0,0
Hala Maka'ohi,1975,Fly-half,date unknown,8,3,0,0
Vainga Fakatulolo,1975,Prop,date unknown,1,0,0,0
Sateki Tupou,1975,Scrum-half,date unknown,1,0,0,0
Alele Vaihu,1975,Flanker,date unknown,1,0,0,0
Niuselau Tofa Fakauho,1977,Wing,date unknown,3,0,0,0
Mana Hafoka,1977,Lock,date unknown,4,1,0,0
Pangia Katoa,1977,Hooker,date unknown,10,3,0,0
Peni Kiole,1977,Prop,date unknown,7,2,0,5
"Pasuka Mapakaitolo,Snr",1977,No. 8,date unknown,2,0,0,0
Viliami Moala'eua,1977,Centre,date unknown,9,4,1,4
Mosese Tu'ipulotu,1977,Wing,date unknown,3,0,1,4
Viliami Tu'ipulotu,1977,No. 8,date unknown,6,1,1,6
Folafala Vuna,1977,Prop,date unknown,6,1,0,0
Nunu Vahe,1977,Centre,date unknown,1,0,0,0
Sitani Hala'ufia,1977,Flanker,date unknown,5,1,0,0
Sione Alatini,1977,Fly-half,date unknown,3,0,0,0
Satisi Vunipola,1977,Scrum-half,date unknown,4,0,0,0
Molitoni Finau,1979,Centre,date unknown,5,3,2,8
Rocky Fotu,1979,Wing,date unknown,4,1,2,13
Siai Liava'a,1979,Lock,date unknown,4,1,0,0
Peseti Ma'afu,1979,Scrum-half,date unknown,10,4,1,4
Tui'pulotu Viliame,1979,,date unknown,1,0,0,0
Ofa Hiko,1979,Prop,date unknown,1,0,0,0
Alamoni Liava'a,1979,Centre,circa 1959,14,4,3,31
Prince Mailefihi,1979,,date unknown,2,0,0,0
Nofomuli Taumoefolau,1979,Wing,1956,18,4,5,20
Tui'pulotu Maka,1979,Wing,date unknown,3,2,1,4
M. Malu,1979,Flanker,date unknown,1,1,0,0
Malakai Pulumu,1979,Flanker,date unknown,6,4,0,0
Puniani Tu'ipulotu,1979,Hooker,date unknown,2,2,0,7
Mailefihi Tuku'aho,1979,Lock,Nuku'alofa,4,3,0,0
Soane Hola,1979,Lock,date unknown,1,1,0,0
Talanoa Kitekei'aho,1979,Centre,circa 1958,4,1,0,0
Kulikefu Lomu,1979,Centre,date unknown,1,1,0,0
Soakai Motu'apuaka,1979,Prop,circa 1953,3,2,0,0
Semisi Faleafa,1980,Centre,date unknown,1,1,0,0
Fou Ma'afu,1980,Wing,date unknown,9,3,3,12
Fili Moala,1980,Hooker,date unknown,12,5,1,4
Sione Vai,1980,Centre,date unknown,1,1,1,4
Sweet Leilani Fekau,1981,Centre,date unknown,5,1,0,0
Poseisei Havili,1981,Flanker,date unknown,3,1,0,0
Viliami Lutua,1981,Prop,circa 1956,7,1,0,0
Sitini Mahe,1981,Lock,date unknown,3,1,0,0
Paea Moala,1981,Wing,date unknown,3,1,1,4
Soape Nuku,1981,Centre,date unknown,5,2,1,14
Sisi Tu'ipulotu,1981,Prop,date unknown,1,0,0,0
Pohahau Palu,1981,Flanker,date unknown,1,1,0,0
Siale Vai,1981,Fullback,date unknown,4,1,0,9
Sanilaita,1981,Wing,date unknown,1,1,0,0
Amone Fungavaka,1982,Hooker,circa 1957,13,3,1,4
Tu'ikolovatu Halafihi,1982,Fullback,date unknown,5,2,0,3
Liapo Halavatau,1982,Lock,date unknown,2,0,0,0
T. Kapeli,1982,,date unknown,1,0,0,0
Tomasi Lovo,1982,Fly-half,date unknown,9,2,0,40
Laupo Mafileo,1982,Wing,date unknown,1,0,0,0
Feleti Moala,1982,Scrum-half,date unknown,4,2,0,0
Pule Moala,1982,Centre,date unknown,6,1,0,0
Tevita Soane,1982,Lock,date unknown,7,3,0,0
Poese Taukolo,1982,Flanker,date unknown,2,0,0,0
Hakatoa Tupou,1982,Prop,circa 1959,9,1,1,4
Kapelilei Vunipola,1982,Fly-half,date unknown,6,1,0,0
Mesui Fanga'uta,1982,Wing,date unknown,1,0,0,0
Vatuniloka Fifita,1982,No. 8,date unknown,1,0,0,0
Ha'unga Petelo,1982,Fullback,date unknown,1,0,0,0
Feleti Taniela,1982,Wing,date unknown,1,0,0,0
Viliami Vunipola,1982,Centre,date unknown,1,0,0,0
Pau Afeaki,1983,Flanker,date unknown,2,1,0,0
Talai Fifita,1983,Scrum-half,1962,11,2,4,16
Viliami Maka,1983,Lock,date unknown,4,2,0,0
Kouliti Ma'u,1983,Prop,date unknown,5,2,2,8
Laukau Ofa,1983,Wing,date unknown,5,1,0,0
Heneli Pau'u,1983,Prop,date unknown,2,1,0,0
'Otenili Pifeleti,1983,No. 8,date unknown,14,4,1,4
'Ofa Blake,1983,Hooker,date unknown,8,0,0,0
Tohi Leha,1983,Flanker,date unknown,2,0,0,0
Pau'u Lolohea,1983,,date unknown,2,0,0,0
Tu'ihalafatai Ma'afu,1983,,date unknown,2,0,1,4
Takai Makisi,1983,Prop,circa 1962,4,1,0,0
Mo'unga Taufateau,1983,Fullback,date unknown,4,1,1,4
Paula Taholo,1983,Prop,date unknown,1,0,0,0
Sinali-Tui Latu,1984,No. 8,Ha'apai,34,11,4,18
Feao Lavemai,1984,Centre,date unknown,4,2,1,4
Sekona Taufa,1984,Wing,date unknown,1,1,0,0
Tali Ete'aki,1984,Fullback,circa 1963,13,2,0,0
Paula Tupou,1984,No. 8,date unknown,3,0,0,0
Laifai'i Kauhalaniua,1984,Fly-half,date unknown,1,0,0,0
Peni Fakava,1985,Wing,date unknown,2,1,0,0
Manisela Hekeheke,1985,Flanker,date unknown,4,2,0,0
Fetaiaki Langi,1985,Flanker,date unknown,6,2,1,4
Pila Maka,1985,,date unknown,1,1,0,0
Lui Stanley,1985,Centre,date unknown,1,1,0,0
Latu Vaeno,1985,Prop,circa 1959,4,2,0,0
Lausii Hopoate,1986,Wing,date unknown,1,0,0,0
Emosi Koloto,1986,Flanker,1965,1,0,0,0
Funa Moala,1986,Prop,date unknown,1,0,0,0
Samiu Mohi,1986,Centre,circa 1962,6,1,0,0
Mofuike Tu'ungafasi,1986,Lock,circa 1963,5,1,0,0
Vaivao Fa'aumu,1986,Centre,date unknown,4,1,0,0
Maliu Filise,1986,No. 8,circa 1958,4,1,0,0
Popolini Ta'univao,1986,Flanker,date unknown,1,1,0,0
Totilini Tuavao,1986,,date unknown,1,0,0,0
Soane 'Asi,1987,Wing,circa 1963,1,0,0,0
Quddus Fielea,1987,Wing,1966,12,1,2,8
Kasi Fine,1987,Lock,circa 1964,4,0,0,0
Kini Fotu,1987,No. 8,circa 1965,8,1,1,4
Taipaleti Tu'uta,1987,Flanker,circa 1964,8,2,0,0
Sione Tahaafe,1987,No. 8,circa 1958,1,0,0,0
Lemeki Vaipulu,1987,Fly-half,circa 1961,1,0,0,0
Asa Amone,1987,Fly-half,1966,5,0,0,12
Manu Vunipola,1987,Scrum-half,circa 1967,36,12,2,9
Siaosi 'Atiola,1987,No. 8,date unknown,8,1,1,4
Inoke Finau,1987,Prop,date unknown,5,0,0,0
Maimoa Havili,1987,Lock,date unknown,2,0,0,8
Teutau Loto'ahea,1987,Lock,date unknown,18,4,0,0
Kite Tuivailala,1987,Fly-half,date unknown,12,2,0,21
Lopeti Uhatafe,1987,Fly-half,date unknown,2,0,0,5
Semi Ve'ehala,1987,Back-row,date unknown,9,2,0,0
Chris Manu,1987,Scrum-half,date unknown,4,1,0,0
Liueli Fusimalohi,1987,Fullback,circa 1966,5,0,0,0
Tevita Hafoka,1987,Lock,date unknown,1,0,0,0
Kolona Latu,1987,,date unknown,1,0,1,4
Fa'onelua Fakaua,1988,Fly-half,date unknown,1,0,0,0
Kuli Faletau,1988,Lock,1963,20,7,2,9
Fatai Ika,1988,Centre,date unknown,6,1,0,0
Maliepo Toma,1988,No. 8,date unknown,6,0,1,4
Soane Finau,1988,Prop,date unknown,8,2,0,0
Taitusi Halasika,1988,Prop,date unknown,2,0,1,4
Sione Palenapa,1988,Lock,date unknown,8,2,2,10
Hikifo'ou Vaingolo,1988,Centre,date unknown,1,0,0,0
'Asisi Pou'uhila,1988,Centre,date unknown,1,0,0,0
Takitoa Taumoepeau,1988,Wing,date unknown,1,0,0,0
Koloni Tuivailala,1988,Lock,date unknown,1,0,1,4
Fe'ao Vunipola,1988,Hooker,1969,34,13,3,15
Koliniata Feke,1988,Wing,date unknown,6,1,0,0
Samiu Mafi,1988,Wing,date unknown,6,2,0,0
Tinitale Makalea,1988,No. 8,1968,1,0,0,0
Liueli Susimalofi,1989,,date unknown,1,0,0,0
Moimoi Halatanu,1989,Fullback,date unknown,1,1,0,0
Feao Filikitonga,1990,Prop,date unknown,2,0,0,0
Isi Tapueluelu,1990,Fullback,1970,13,3,5,25
Ikani Taufa,1990,Scrum-half,date unknown,1,0,0,0
Nafe Tufui,1990,Scrum-half,date unknown,8,3,0,12
Elisi Vunipola,1990,Fly-half,1972,41,15,8,50
Tevita Lavaki,1990,Prop,date unknown,3,1,0,0
Amanaki Vaha'akolo,1990,Centre,date unknown,2,1,0,0
Fololisi Masila,1990,Hooker,date unknown,11,0,3,14
Peniola Ahofono,1990,Scrum-half,date unknown,1,0,0,0
Vaea Anitoni,1990,Wing,1970,47,14,26,130
Feleti Faotusa,1990,Prop,date unknown,1,0,0,0
Takau Lutua,1990,Prop,date unknown,9,6,0,0
Uafe Niuila,1990,Centre,date unknown,1,0,0,0
Sitiveni Pongi,1990,Flanker,date unknown,1,0,0,0
Tukua Tonga,1990,Wing,date unknown,2,0,0,0
Fifita Faletau,1991,Prop,date unknown,2,0,0,0
Leha'uli Fotu,1991,Fullback,date unknown,5,2,0,2
Okalani Kanatea,1991,Fly-half,date unknown,1,0,0,0
Lopeti Samiu,1991,Prop,date unknown,1,0,0,0
Sione Vaeno,1991,Wing,date unknown,1,0,0,0
Tevita Va'enuku,1991,Wing,date unknown,15,4,5,24
Soane Hiko,1991,Wing,date unknown,1,0,0,0
Alatini Saulala,1991,Centre,1968,2,0,0,0
Fatui Lagilagi,1991,Prop,date unknown,1,0,0,0
Huihahau Nisa,1991,Fly-half,date unknown,3,1,0,6
Semi Taupeaafe,1991,"Wing, Centre",Nuku'alofa,15,4,0,0
Pelimani Fisi'iahi,1992,Lock,date unknown,1,0,1,5
Rudi Kapeli,1992,Hooker,1957,4,2,0,0
Dave Latailakepa,1992,No. 8,date unknown,3,1,0,0
Holani Pohiva,1992,No. 8,1972,4,0,0,0
Chris Schaumkel,1992,Fly-half,date unknown,4,1,0,8
Isi Tu'ivai,1992,Wing,1970,15,6,6,38
Mistana Vea,1992,Wing,date unknown,2,1,0,3
Tasi Vikilani,1992,No. 8,1965,4,1,0,0
Isi Fatani,1992,Lock,Nuku'alofa,25,11,5,25
Siaosi Latu,1992,Prop,date unknown,3,2,0,0
Tevita Pau'u,1992,Wing,date unknown,1,1,0,0
Tavake Tuineau,1992,Wing,date unknown,6,2,0,0
Ipolito Fenukitau,1993,Flanker,1972,18,5,3,15
Samisoni Lolo,1993,Flanker,date unknown,1,0,0,0
Feleti Mahoni,1993,Flanker,Maufanga,13,5,3,15
Valita Moa,1993,Prop,date unknown,2,0,0,0
Edwin Talakai,1993,Prop,1971,8,3,0,0
Pauliasi Vakamalolo,1993,Centre,date unknown,1,0,0,0
Martin Manukia,1993,No. 8,date unknown,6,2,1,5
Feleti Fakaongo,1993,"Lock, Flanker",1970,14,6,0,0
Manu Lavaka,1993,Centre,date unknown,4,1,1,5
A. Tulikaki,1993,Scrum-half,date unknown,1,0,0,0
Afu Uasi,1993,Wing,date unknown,4,2,1,5
Finau Ma'afu,1993,Wing,circa 1954,1,1,0,0
Semisi Tongia,1993,Hooker,date unknown,1,1,0,0
Falamani Mafi,1993,Lock,Kanokupolu,22,8,2,10
Alaska Taufa,1993,Wing,1970,5,2,1,5
Taipe Vave,1993,Fullback,date unknown,1,0,0,4
Tu'ihakavalu Kolo,1993,Fly-half,date unknown,3,1,1,5
Falanisi Manukia,1993,Fly-half,date unknown,7,3,2,10
Kolau Fokofuka,1993,Prop,date unknown,8,4,0,0
Sateki Tuipulotu,1993,Fullback,Auckland,20,9,5,190
Unaloto Fa,1994,Prop,date unknown,6,1,1,5
Peneili Latu,1994,Centre,date unknown,9,4,0,0
Valai Taumoepeau,1994,Flanker,1970,4,1,0,0
Sam Alatini,1994,Centre,1972,6,2,0,0
Kati Tu'ipulotu,1994,Flanker,1967,16,5,1,5
Kilioni Tuipulotu,1994,No. 8,1971,4,2,0,0
Jonathan Tupou,1994,Prop,date unknown,1,1,0,0
Pouvalu Latukefu,1995,Lock,date unknown,8,4,1,5
David Manako,1995,Centre,1971,4,4,3,15
Mana 'Otai,1995,No. 8,1968,5,3,1,5
Taholo Anitoni,1995,Centre,date unknown,5,3,1,5
Va'a Toloke,1995,No. 8,1974,19,9,2,10
Saili Fe'ao,1995,Hooker,date unknown,2,0,0,0
Willie Lose,1995,Lock,1967,3,1,0,0
Unuoi Va'enuku,1995,Centre,1976,3,1,0,0
Inoke Afeaki,1995,"Flanker, Lock",Tofoa,27,6,3,15
Simana Mafile'o,1995,Centre,1969,12,7,3,15
Taipe Isitolo,1995,Fullback,date unknown,3,2,0,10
Akuila Mafi,1995,Fly-half,date unknown,1,1,0,0
Pita Alatini,1995,Centre,Nuku'alofa,18,13,6,30
Pita Tanginoa,1995,Centre,Vava'u,5,1,0,0
Paula Tuitavake,1995,Centre,date unknown,1,0,0,0
Tevita Asi,1996,Wing,date unknown,1,0,0,0
Paula Kalanivalu,1996,Centre,date unknown,1,0,0,0
Lani Katoa,1996,Flanker,date unknown,8,3,0,0
Hemani Lavaka,1996,Prop,1969,15,2,2,10
Etu Manu,1996,Centre,1967,6,2,1,5
Ngalu Taufo'ou,1996,Prop,Ha'apai,23,10,3,15
Josh Taumalolo,1996,Centre,Nuku'alofa,26,12,14,118
Maikolo Kaihea,1996,Hooker,1972,7,4,0,0
Fepikou Tatafu,1996,Wing,1975,23,10,10,50
Gustavo Tonga,1996,Fullback,1973,13,7,1,114
Ma'ama Molitika,1996,Back-row,Ha'apai,21,7,1,5
Viliami Uhi,1996,Centre,1970,7,3,1,5
Semisi Faka'osi'folau,1996,Centre,1976,13,4,5,25
Damien Penesini,1997,Prop,1971,6,5,0,0
Tau Siale,1997,Hooker,1970,3,2,0,0
Alipate Ta'ufo'ou,1997,Lock,date unknown,6,3,1,5
Talanoa Tohi,1997,Lock,date unknown,3,2,0,0
Latiume Maka,1997,"Prop, Hooker",1970,20,9,2,10
Semi Tulikifanga,1997,Scrum-half,date unknown,4,1,0,0
Dave Tiueti,1997,Centre,Tofoa,21,8,6,33
Vikilani Afeaki,1997,Fullback,1975,3,0,0,0
Johnny Ngauamo,1997,Centre,Nuku'alofa,6,1,1,5
David Briggs,1997,Prop,Auckland,1,0,0,0
Saia Latu,1997,Flanker,1978,12,4,0,0
Vili Ma'asi,1997,Hooker,Tofoa,32,7,3,15
Tom Matakiongo,1997,Flanker,date unknown,1,0,0,0
Sione Tuipulotu,1997,Scrum-half,Ha'apai,29,9,2,13
Simon Hafoka,1997,Hooker,1974,1,0,0,0
Sione Tai,1997,Fly-half,date unknown,2,0,1,5
Salesi Finau,1998,Centre,Neiafu,13,4,1,5
Pierre Hola,1998,"Wing, Fly-half",Longolongo,40,13,11,322
Benhur Kivalu,1998,"No. 8, Lock",Western Samoa,39,14,8,40
Jonathan Koloi,1998,Flanker,Nuku'alofa,15,6,6,30
Tauna'holo Taufahema,1998,Wing,Nautoka,17,5,5,41
Brian Wooley,1998,Fly-half,Wellington,9,3,0,3
Hainga Fakatou,1998,Back-row,Kolofo'ou,5,1,0,0
Uiniati Moa,1998,Prop,1976,3,0,0,0
Ma'afu Pale,1998,"Hooker, Prop",1974,7,3,1,5
Matt te Pou,1998,Flanker,1974,13,4,1,5
David Edwards,1998,Flanker,Auckland,10,4,0,0
Sililo Martens,1998,Scrum-half,Auckland,32,9,3,15
Jeff Sitoa,1998,Lock,date unknown,1,0,0,0
Sam Hala,1999,Wing,1975,9,4,4,20
Puke Faletau,1999,Prop,Neiafu,9,4,0,0
'Aleki Lutui,1999,Hooker,Tofoa,43,11,5,25
Tevita Taumoepeau,1999,Prop,Haapai,35,12,2,12
Sengili Tuihalamaka,1999,Wing,1977,5,1,1,32
Keni Fisilau,1999,Centre,1976,6,0,0,0
Kisione Ahota'eiloa,1999,Flanker,1977,6,2,2,10
Ta'u Fainga'anuku,1999,Prop,Kiltifo Haapai,12,3,1,5
Epi Taione,1999,Centre,Vauai'i,24,7,3,15
Hotili 'Asi,2000,Prop,date unknown,1,0,0,0
Chris Hala'ufia,2000,No. 8,Neiafu,24,7,5,25
Aisea Havili Kaufusi,2000,Wing,Ha'ateiho,13,5,4,20
Apai Kaitu'u,2000,No. 8,date unknown,1,0,0,0
Epafasi Ta'ufo'ou,2000,Centre,date unknown,6,3,1,5
Lotu Filipine,2000,Back-row,1980,8,4,4,20
Fakataha Molitika,2000,Lock,1977,7,1,0,0
Sioeli Nau,2000,Scrum-half,1976,9,3,2,10
Movete 'Oto'ota,2000,Fly-half,date unknown,4,0,0,0
Solomone Matangi,2000,Wing,1976,8,3,5,25
Soane Havea,2000,Fly-half,1981,28,11,0,0
Henry Saafi,2000,Flanker,date unknown,1,0,0,0
Loni Manako,2000,Centre,date unknown,2,1,0,0
Tevita Fifita,2001,No. 8,1978,5,3,3,15
Nisifolo Naufahu,2001,No. 8,Auckland,16,6,2,10
Manako Tonga,2001,No. 8,1976,6,3,0,0
Viliami Vaki,2001,Back-row,Vava'u,36,10,7,35
Taufa'ao Filise,2001,Prop,Malapo,22,3,1,5
Gus Leger,2001,Centre,Tokoroa,15,3,0,0
John Pale,2001,Prop,1976,9,1,0,0
Toni Alatini,2001,Scrum-half,1970,8,1,0,0
Lua Lokotui,2001,"Lock, Flanker",Auckland,21,9,3,15
Salesi Moimoi,2001,Wing,1978,1,0,0,0
Mo'unga Kafatolu,2002,Fullback,date unknown,3,1,1,5
Andrew Mailei,2002,Centre,Auckland,22,9,5,40
Stanley Afeaki,2002,Flanker,Lower Hutt,13,4,7,35
Nick Hau,2002,Centre,1979,2,0,0,0
Sione Fonua,2002,Wing,1982,12,2,3,15
Emosi Kauhenga,2002,"Lock, Flanker",Folaha,14,6,0,0
Laukau Lile,2002,Centre,1976,3,1,0,0
Kisi Pulu,2002,Prop,Leimatu'a,32,12,3,15
Kilioni Bakewa,2002,Wing,date unknown,3,2,0,0
Tonga Lea'aetoa,2002,Prop,Auckland,26,13,1,5
Milton Ngauamo,2002,Lock,Auckland,17,6,1,5
David Palu,2002,Scrum-half,Wellington,14,6,7,39
John Payne,2002,Centre,Manly,11,4,1,5
Ephraim Taukafa,2002,Hooker,Auckland,33,14,6,30
Lisiate 'Ulufonua,2002,Fullback,1976,4,4,2,10
Willie Gibbons,2002,Fly-half,date unknown,4,2,0,0
Taniela Tulia,2002,Wing,date unknown,10,4,7,35
Feki Latusalu,2003,Hooker,date unknown,2,2,0,0
Tevita Tu'ifua,2003,"Wing, Centre",Nomuka,15,6,4,20
Johnny Tu'amoheloa,2003,Back-row,1980,4,1,0,0
Suka Hufanga,2003,Wing,Hourna,28,14,5,25
Kafalosi Tonga,2003,Prop,Auckland,6,1,0,0
Sila Va'enuku,2003,Wing,1978,12,1,3,15
Edward Langi,2003,Back-row,1975,1,0,0,0
Pila Fifita,2003,"Wing, Centre",1975,2,0,0,0
Fangatapu 'Apikotoa,2004,Utility back,Fasi-moe-afi,30,8,2,147
Lisiate Fa'aoso,2004,Lock,Kolonga,16,6,1,5
Ofa Misa,2004,Back-row,1979,2,0,0,0
Mosese Moala,2004,Prop,1978,2,0,0,0
Seti Filo,2004,Back-row,1982,2,0,0,0
Sefa Vaka,2004,Centre,Kolofo'ou,13,3,2,10
Sikuti Vunipola,2004,Scrum-half,1979,3,0,0,0
Seti Kiole,2005,Wing,Holopeka,9,2,2,10
Mosese Makasini,2005,Lock,date unknown,4,0,1,5
Matini Tupou,2005,No. 8,1982,4,1,0,0
Siaosi Taufa,2005,Scrum-half,date unknown,4,0,0,0
Hudson Tonga'uiha,2005,Centre,Tofoa,24,8,6,30
Ueleni Fono,2005,No. 8,Holopeka,4,0,0,0
Siope Kapeli,2005,Back-row,1983,1,0,0,0
Samuela Lisala,2005,"Centre, Wing",1977,2,0,0,0
Kana Fakava,2005,Prop,1981,1,0,0,0
Sione Niu Tonga,2005,Outside back,date unknown,3,0,1,5
Sione Masima,2005,Centre,date unknown,1,0,0,0
Rodney Mahe,2005,Back-row,1983,8,4,0,0
Fotu'aika Naitoko,2005,Prop,date unknown,1,0,0,0
Sione Taukapo,2005,Centre,date unknown,1,0,0,0
Soane Tonga'uiha,2004,Prop,Houma,16,5,0,0
Peni Fakalelu,2005,Prop,1984,6,3,2,10
Alani Maka,2005,Prop,Longoteme,1,0,0,0
Talite Vaioleti,2005,Lock,1980,2,1,0,0
Kele Hehea,2006,Lock,Vaini,21,13,2,10
Nili Latu Langilangi,2006,No. 8,Tongatapu,42,16,4,23
Tatafu Na'aniumotu,2006,Centre,1984,6,4,0,0
Tevita Vaikona,2006,"Wing, Centre",1974,4,3,5,25
Viliami Hakalo,2006,"Fullback, Centre",1987,6,4,3,22
Kaiongo Tupou,2006,Centre,Tofoa,12,5,3,15
Isieli Fine,2007,Lock,1984,4,1,0,0
Tevita Fonua,2007,Prop,date unknown,1,1,0,0
Teu'imuli Kaufusi,2007,Lock,1980,8,2,2,10
Vunga Lilo,2007,Wing,Ha'apai,33,14,11,70
Sione Poteki,2007,Hooker,date unknown,1,1,0,0
Vaea Poteki,2007,Fly-half,date unknown,1,1,2,10
Toma Toke,2007,Prop,Ha'ateiho,12,4,1,5
Hale T-Pole,2006,"Lock, Flanker",Longolongo,31,12,2,10
Atonio Halangahu,2007,Hooker,1981,2,2,0,0
Sione Kalamafoni,2007,Back-row,Matahau,24,9,2,10
Hemani Paea,2007,Centre,1985,4,3,1,5
Folauhola Tatua'a,2007,,date unknown,1,1,0,0
Makoni Finau,2007,Prop,1983,6,1,0,0
Tevita 'Ahoafi,2007,Scrum-half,1987,2,0,0,0
Setaleki Lu'au,2007,Fullback,date unknown,1,0,0,0
Sateki Mata'u,2007,Prop,Ha'ateiho,2,0,0,0
Naisa Sikalu,2007,Flanker,1982,4,0,0,0
Tevita Tanginoa,2007,Lock,1982,2,0,0,0
Samiu Vahafolau,2007,No. 8,Ovaka,14,8,2,10
Lisiate Tafa,2007,"Centre, Wing",1979,1,0,0,0
Patrick Tamoua,2007,,date unknown,1,0,0,0
Lopeti Lolohea,2007,Flanker,date unknown,1,0,0,0
Mesui Lemoto,2007,Fullback,1986,1,1,0,6
Finau Maka,2007,Back-row,Longoteme,9,4,1,5
Enele Taufa,2007,Scrum-half,Ha'ateiho,4,2,0,0
Josh Afu,2008,Back-row,QLD,17,6,1,5
Sione Lavaka,2008,Wing,1985,1,0,0,0
Tupou Palu,2008,Wing,1985,1,0,0,0
Semisi Telefoni,2008,Prop,Auckland,5,3,0,0
Samiuela Ika,2008,Lock,1986,3,0,0,0
Sione Timani,2008,Lock,Tofoa,8,3,0,0
Semosoni Pone,2008,Fullback,1980,3,2,0,0
'Alipate Fatafehi,2009,Centre,Sigatoka,17,7,4,20
David Halaifonua Tonga,2009,Wing,Vava'u,12,3,2,17
Ilaisa Ma'asi,2009,Hooker,Tofoa,19,8,1,5
Po'alo'i Taula,2009,Prop,1978,5,1,0,0
Opeti Fonua,2009,No. 8,Kolonga,5,0,0,0
Pasuka Mapakaitolo,2009,Back-row,1980,5,1,1,5
Mateo Malupo,2009,Wing,1988,4,2,0,0
Mahe Fangupo,2009,"Fly-half, Centre",1988,4,1,0,0
Fou-Ki-Moana Katoa,2009,Wing,date unknown,1,0,0,0
Siosaia Palei,2009,Wing,date unknown,1,0,0,0
Kilifi Fangupo,2009,Scrum-half,1985,1,1,0,0
Paula Kata,2009,Flanker,1988,4,1,0,0
Etueni Siua,2009,Wing,date unknown,3,3,0,0
Sione Vaiomounga,2009,"Hooker, Flanker",Tefisi,13,5,1,5
Mani Vakaloa,2009,Wing,1981,1,1,1,5
Kurt Morath,2009,Fly-half,Takapuna,21,11,1,250
Manu Ahota'e'iloa,2010,Centre,Meifu,3,0,0,0
Akameta Fe'ao,2010,Lock,1986,2,0,0,0
Saia Fekitoa,2010,Wing,1987,2,0,0,0
Kelepi Halafihi,2010,Lock,1984,2,0,0,0
Daniel Morath,2010,Scrum-half,1980,3,1,0,0
Alapini Olosoni,2010,"Lock, Flanker",1979,3,0,1,5
Alaska Taufa,2010,Wing,Ha'ateiho,12,2,4,20
Samisoni Fisilau,2010,Scrum-half,Tofoa,15,3,0,2
Sione Fukofuka,2010,Prop,1984,2,0,0,0
Steve Mafi,2010,Flanker,Fairfield,10,3,0,0
Will Helu,2010,Wing,Auckland,19,7,6,30
Haani Halaeua,2010,Flanker,1986,2,0,0,0
Viliami Pola,2010,Prop,1988,4,1,0,0
Aloisio Mailangi,2010,Flanker,1979,1,0,0,0
Damian Fakafanua,2010,"Wing, Centre",1984,2,1,1,5
Taumei Hikila,2010,Lock,1980,1,1,1,5
Rutikha Ilolahia,2010,Back-row,date unknown,1,1,0,0
Petuliki Mateo,2010,Centre,date unknown,1,1,1,5
Kama Sakalia,2010,Hooker,1985,6,3,0,0
Paea Siulangapo,2010,Back-row,date unknown,1,1,0,0
Michael Toloke,2010,Fullback,1990,1,1,1,12
Sione Vaioleti,2010,Flanker,date unknown,1,1,0,0
Sioeli Faupula,2010,,date unknown,1,1,0,0
Kuea Kolokihakaufiji,2010,Flanker,date unknown,1,1,0,0
Viliame Iongi,2011,Wing,Tofoa,18,9,8,40
Pepa Koloamatangi,2011,Flanker,1982,3,2,0,0
Viliami Ma'afu,2011,No. 8,Longolongo,21,10,3,15
Ofa Fainga'anuku,2011,Prop,1982,3,1,0,0
Paula Kaho,2011,No. 8,1984,8,4,1,5
Eddie Paea,2011,Halfback,NSW,2,1,0,0
Silivenusi Taumoepeau,2011,Centre,1985,1,1,0,0
Sona Taumalolo,2011,Prop,Ha'akame,13,6,4,20
Joe Tuineau,2011,Lock,Suva,18,10,1,5
Tevita Ula,2011,Flanker,1985,1,1,0,0
Sila Puafisi,2011,Prop,Tefisi,13,3,0,0
Maleko Latu,2011,Prop,1988,1,0,0,0
Tomasi Palu,2011,Scrum-half,Wellington,11,5,0,9
Halani 'Aulika,2011,Prop,Angahaeua,8,5,0,0
Taniela Moa,2011,Scrum-half,Tofoa,20,10,3,15
Fetu'u Vainikolo,2011,Wing,Ha'alalo,17,7,12,60
Siale Piutau,2011,"Wing, Centre",Auckland,19,7,2,10
Mafileo Kefu,2012,Centre,QLD,3,1,0,0
Viliami Fainga'a,2012,"Prop, Back-row",NSW,3,0,0,0
Tevita Mailau,2012,Prop,Manly,13,5,0,0
Sione Piukala,2012,Centre,Futu,10,4,3,15
Elvis Taione,2012,Hooker,Nuku'alofa,13,6,0,0
Eddie Aholelei,2013,Prop,Auckland,6,1,1,5
Taione Vea,2013,Prop,Auckland,6,2,0,0
Viliami Fihaki,2013,Back-row,Nuku'alofa,5,1,2,10
Samisone Masima,2013,Lock,1986,2,1,0,0
Fraser Anderson,2013,"Centre, Wing",Auckland,4,1,1,5
Siale Fahiua,2013,Scrum-half,1991,2,1,0,2
Dan Faleafa,2013,"Flanker, Lock",1989,4,1,0,0
Rocky Havili,2013,"Centre, Wing",1980,1,0,0,0
Uili Kolo'ofai,2013,Lock,Auckland,1,0,0,0
Latiume Fosita,2013,Fly-half,Felemea,8,2,0,29
Suliasi Taufalele,2013,Hooker,Tokoroa,4,0,0,0
Mata'ali Paea,2013,Centre,1990,1,0,0,0
Otulea Katoa,2014,Wing,Havelu,3,2,1,5
Paul Ngauamo,2014,Hooker,Christchurch,2,0,0,0
Tane Takulua,2014,Scrum-half,Lapaha,5,2,0,0
Paea Fa'anunu,2014,Prop,Auckland,3,2,0,0
Siua Halanukonuka,2014,Prop,1986,1,1,0,0
Sione Lea,2014,Prop,Vava'u,2,1,0,0
