Jim Bevan,1881,Three-quarters,1,0,1,0,0,NA,Vic,Australia,Victoria,Missing
Godfrey Darbishire,1881,Forward,1,0,1,0,0,NA,Lancs,United Kingdom,S6 3TB,England
Barry Girling,1881,Forward,1,0,1,0,0,NA,Bristol,United Kingdom,England,South West England
George Harding,1881,Forward,4,1,3,0,0,NA,Lancs,United Kingdom,S6 3TB,England
Edward Lewis,1881,Halfback,1,0,1,0,0,NA,Llandovery,United Kingdom,Wales,Carmarthenshire
Bathurst Mann,1881,Forward,1,0,1,0,0,NA,The Curragh,United Kingdom,Northern Ireland,County Antrim
Charlie Newman,1881,Halfback,10,1,7,2,0,NA,Newport,United Kingdom,NP,Wales
Edward Peake,1881,Three-quarters,1,0,1,0,0,NA,Monmouth,United Kingdom,NP25,Wales
William Phillips,1881,Forward,5,2,3,0,0,NA,Cardiff,United Kingdom,Wales,Cardiff
Frank Purdon,1881,Forward,4,1,3,0,0,NA,Co Westmeath,Republic of Ireland,Leinster,County Westmeath
Aneurin Rees,1881,Forward,1,0,1,0,0,NA,Llandovery,United Kingdom,Wales,Carmarthenshire
Richard Summers,1881,Fullback,1,0,1,0,0,NA,Haverfordwest,United Kingdom,Wales,Pembrokeshire
Edward Treharne,1881,Forward,2,0,2,0,0,NA,Ystradyfodwg,g,n,i
Leonard Watkins,1881,Halfback,1,0,1,0,0,NA,Abergavenny,United Kingdom,NP7,Wales
Richard Williams,1881,Forward,1,0,1,0,0,NA,Llowes,United Kingdom,Wales,Powys
Thomas Baker-Jones,1882,Forward,6,1,4,1,1,NA,Newport,United Kingdom,NP,Wales
Ronald Bridie,1882,Halfback,1,1,0,0,1,NA,-,g,n,i
Tom Clapp,1882,Forward,14,4,8,2,2,NA,Marylebon,g,n,i
Samuel Clark,1882,Fullback,2,2,0,0,0,NA,Weymouth,United Kingdom,England,South West England
Bill Evans,1882,Three-quarters,2,1,1,0,1,NA,Rhymney,United Kingdom,NP22,Wales
Bob Gould,1882,Forward,11,2,7,2,0,NA,Newport,United Kingdom,NP,Wales
Charles Lewis,1882,Fullback,5,1,4,0,0,NA,Llangadog,United Kingdom,Wales,Carmarthenshire
George Morris,1882,Forward,5,1,4,0,0,NA,Swansea,United Kingdom,Wales,West Glamorgan
William Norton,1882,Three-quarters,6,2,4,0,1,NA,Carmarthen,United Kingdom,Wales,Carmarthenshire
Hugh Vincent,1882,Forward,1,1,0,0,0,NA,Caernarfon,United Kingdom,Wales,Gwynedd
Tom Williams,1882,Forward,1,1,0,0,0,NA,Llwynypia,United Kingdom,Wales,Rhondda Cynon Taf
Harry Bowen,1882,Fullback,4,0,3,1,0,NA,Llanelly,Australia,Victoria,Loddon Mallee
Alfred Cattell,1882,Forward,2,0,2,0,0,NA,Rutland,United Kingdom,England,East Midlands
James Clare,1882,Three-quarters,1,0,1,0,0,NA,London,United Kingdom,England,Greater London
Dai Gwyn,1882,Centre,6,1,4,1,0,0,Swansea,United Kingdom,Wales,West Glamorgan
Thomas Judson,1882,Forward,2,0,2,0,1,NA,Lancs,United Kingdom,S6 3TB,England
John Griffin,1883,Forward,1,0,1,0,0,NA,Southampton,United Kingdom,England,South East
Arthur Jones,1883,Forward,1,0,1,0,0,NA,Risca,United Kingdom,NP11,Wales
Horace Lyne,1883,Forward,5,1,4,0,0,NA,Newport,United Kingdom,NP,Wales
Charles Allen,1884,Three-quarters,2,0,2,0,1,NA,Lancashire,United Kingdom,England,North West England
Frederick Andrews,1884,Forward,2,0,2,0,0,NA,Swansea,United Kingdom,Wales,West Glamorgan
William Gwynn,1884,Halfback,5,1,3,1,0,NA,Swansea,United Kingdom,Wales,West Glamorgan
Frederick Margrave,1884,Forward,2,0,2,0,0,NA,Llanelly,Australia,Victoria,Loddon Mallee
Joe Simpson,1884,Forward,3,1,2,0,0,NA,Sedgefield,United Kingdom,England,North East England
John Smith,1884,Forward,3,1,2,0,0,NA,Manchester,United Kingdom,England,North West England
Charles Taylor,1884,Three-quarters,9,2,5,2,0,NA,Ruabon,United Kingdom,Wales,Wrexham
Tom Barlow,1884,Fullback,1,1,0,0,0,NA,Salford,United Kingdom,England,North West England
Samuel Goldsworthy,1884,Forward,3,1,1,1,0,NA,Swansea,United Kingdom,Wales,West Glamorgan
Frank Hancock,1884,Three-quarters,4,1,2,1,0,NA,Wiveliscombe,United Kingdom,England,South West England
John Hinton,1884,Forward,1,1,0,0,0,NA,Bombay,India,Maharashtra,Greater Bombay
Buckley Roderick,1884,Forward,1,1,0,0,0,NA,Llanelly,Australia,Victoria,Loddon Mallee
Buller Stadden,1884,Halfback,8,5,3,0,2,1,Somerset,United Kingdom,England,South West England
Arthur Gould,1885,Centre,27,10,14,3,4,12,Newport,United Kingdom,NP,Wales
Martyn Jordan,1885,Three-quarters,3,0,2,1,2,NA,Clifton,United Kingdom,England,South West England
Evan Richards,1885,Forward,2,0,2,0,0,NA,Swansea,United Kingdom,Wales,West Glamorgan
Ernest Rowland,1885,Forward,1,0,1,0,0,NA,Neath,United Kingdom,Wales,West Glamorgan
Lewis Thomas,1885,Forward,2,0,1,1,0,NA,Merthyr Tydfil,United Kingdom,Wales,Merthyr Tydfil
Edward Alexander,1885,Forward,5,1,2,2,0,NA,Monknash,United Kingdom,Wales,Vale of Glamorgan
Frank Hill,1885,Forward,15,6,7,2,0,0,Cardiff,United Kingdom,Wales,Cardiff
D. Morgan,1885,Forward,7,1,4,2,1,NA,?,g,n,i
Willie Thomas,1885,Forward,11,3,5,3,0,0,Fishguard,United Kingdom,Wales,Pembrokeshire
William Bowen,1886,Forward,13,3,8,2,0,0,Pembroke,Bermuda,Pembroke,Missing
Billy Douglas,1886,Three-quarters,4,0,3,1,0,NA,Barry,United Kingdom,CF62,Wales
Dai Lewis,1886,Forward,2,0,2,0,0,NA,Radyr,United Kingdom,Wales,Cardiff
Evan Roberts,1886,Forward,2,1,1,0,0,NA,Llanelly,Australia,Victoria,Loddon Mallee
George Young,1886,Forward,2,0,2,0,0,NA,Tynemouth,United Kingdom,England,North East England
Alfred Mathews,1886,Halfback,1,0,1,0,0,NA,Rhymney,United Kingdom,NP22,Wales
Alec Bland,1887,Forward,9,4,3,2,0,0,Haverfordwest,United Kingdom,Wales,Pembrokeshire
Jem Evans,1887,Halfback,4,1,2,1,0,NA,Cardiff,United Kingdom,Wales,Cardiff
Albert Hybart,1887,Forward,1,0,0,1,0,NA,Cardiff,United Kingdom,Wales,Cardiff
Thomas Lockwood,1887,Forward,3,1,1,1,0,NA,Great Boughton,United Kingdom,England,North West England
George Bowen,1887,Three-quarters,4,2,2,0,0,NA,Morriston,United Kingdom,Wales,Swansea
Hugh Hughes,1887,Fullback,2,0,2,0,0,NA,Towyn,United Kingdom,Wales,Conwy
William Williams,1887,Forward,5,2,3,0,0,0,?,g,n,i
Johnny Lewis,1887,Halfback,1,1,0,0,0,NA,Llanelly,Australia,Victoria,Loddon Mallee
William Towers,1887,Forward,2,2,0,0,1,NA,Hartlepool,United Kingdom,England,North East England
William Howell,1888,Forward,2,1,1,0,0,NA,Swansea,United Kingdom,Wales,West Glamorgan
Price Jenkins-Price,1888,Three-quarters,2,1,1,0,1,NA,Carmarthen,United Kingdom,Wales,Carmarthenshire
Dick Kedzlie,1888,Forward,2,1,1,0,0,NA,Glasgow,United Kingdom,G,Scotland
John Meredith,1888,Forward,4,2,2,0,0,0,Morriston,United Kingdom,Wales,Swansea
Dick Powell,1888,Forward,2,1,1,0,0,NA,Monmouth,United Kingdom,NP25,Wales
Ned Roberts,1888,Fullback,3,1,2,0,0,NA,Llanelly,Australia,Victoria,Loddon Mallee
T. Williams,1888,Forward,2,1,1,0,0,NA,?,g,n,i
Charlie Arthur,1888,Centre,3,1,2,0,0,0,King's Lynn,United Kingdom,England,East of England
Charlie Thomas,1888,Halfback,9,3,5,1,1,1,Newport,United Kingdom,NP,Wales
Norman Biggs,1888,Wing,8,4,4,0,2,4,Cardiff,United Kingdom,Wales,Cardiff
Dickie Garrett,1888,Centre,8,3,4,1,0,0,Cardiff,United Kingdom,Wales,Cardiff
Dan Griffiths,1888,Forward,2,1,1,0,0,NA,Cwmduad,g,n,i
Jim Hannan,1888,Forward,19,7,11,1,2,2,Newport,United Kingdom,NP,Wales
Charles Harding,1888,Forward,3,1,2,0,0,NA,Lancs,United Kingdom,S6 3TB,England
Syd Nicholls,1888,Forward,4,1,3,0,0,0,Hartpury,United Kingdom,GL19 3,England
George Thomas,1888,Wing,3,1,1,1,1,0,?,g,n,i
Jim Webb,1888,Fullback,2,1,1,0,0,NA,Broughton Gifford,United Kingdom,England,South West England
Teddy Bishop,1889,Centre,1,0,1,0,0,NA,Swansea,United Kingdom,Wales,West Glamorgan
David Evans,1889,Forward,5,1,3,1,0,0,Dowlais,United Kingdom,NP,Wales
Rosser Evans,1889,Halfback,1,0,1,0,0,NA,Aberdare,United Kingdom,Wales,Mid Glamorgan
Rowley Thomas,1889,Forward,7,1,5,1,0,0,Henllan Amgoed,United Kingdom,Wales,Carmarthenshire
Abel Davies,1889,Wing,1,0,1,0,0,NA,Narberth,United Kingdom,Wales,Pembrokeshire
Giotto Griffiths,1889,Halfback,1,0,1,0,0,NA,Llanelly,Australia,Victoria,Loddon Mallee
Tom Morgan,1889,Centre,1,0,1,0,0,NA,Llannon,United Kingdom,Wales,Ceredigion
Billy Bancroft,1890,Fullback,33,16,16,1,0,60,Swansea,United Kingdom,Wales,West Glamorgan
Evan James,1890,Halfback,5,2,3,0,0,0,Llansamlet,United Kingdom,Wales,Swansea
Percy Lloyd,1890,Wing,4,2,2,0,0,0,Ammanford,United Kingdom,Wales,Carmarthenshire
Walter Rice-Evans,1890,Forward,3,0,3,0,0,0,Neath,United Kingdom,Wales,West Glamorgan
Stephen Thomas,1890,Forward,3,2,1,0,0,0,Kidwelly,United Kingdom,Wales,Carmarthenshire
Thomas Graham,1890,Forward,12,5,6,1,1,3,Newcastle-upon-Tyne,United Kingdom,England,North East England
Hugh Ingledew,1890,Halfback,3,0,2,1,0,0,Cardiff,United Kingdom,Wales,Cardiff
Percy Bennett,1891,Forward,4,0,4,0,0,0,Cornwall,United Kingdom,England,South West England
Harry Packer,1891,Forward,7,3,4,0,0,0,Chipping Norton,United Kingdom,England,South East
Tom Pearson,1891,Wing,13,6,7,0,4,10,Bombay,India,Maharashtra,Greater Bombay
Edward Pegge,1891,Forward,1,0,1,0,0,0,Briton Ferry,United Kingdom,SA11,Wales
David Daniel,1891,Forward,8,3,5,0,0,0,Llanelly,Australia,Victoria,Loddon Mallee
Billy McCutcheon,1891,Wing,7,3,4,0,1,2,Swansea,United Kingdom,Wales,West Glamorgan
Ralph Sweet-Escott,1891,Halfback,3,1,2,0,0,0,Staffs,Kenya,00200,Nairobi
Tom Deacon,1891,Forward,4,1,3,0,0,0,Swansea,United Kingdom,Wales,West Glamorgan
David James,1891,Halfback,4,2,2,0,0,0,Swansea,United Kingdom,Wales,West Glamorgan
Boomer Nicholl,1891,Forward,15,7,8,0,0,0,Llanegwad,United Kingdom,Wales,Carmarthenshire
David Samuel,1891,Forward,2,2,0,0,1,1,Swansea,United Kingdom,Wales,West Glamorgan
John Samuel,1891,Forward,1,1,0,0,0,0,Swansea,United Kingdom,Wales,West Glamorgan
Arthur Boucher,1892,Forward,13,5,8,0,1,3,Salop,United Kingdom,England,West Midlands
Frank Mills,1892,Forward,13,5,8,0,0,0,Mountain Ash,United Kingdom,CF45,Wales
Percy Phillips,1892,Fly-half,6,4,2,0,0,0,Machen,United Kingdom,Wales,Caerphilly
George Rowles,1892,Halfback,1,0,1,0,0,0,Pontypool,United Kingdom,NP4,Wales
Wallace Watts,1892,Forward,12,5,7,0,0,0,Chipping Sodbury,United Kingdom,BS37,England
Conway Rees,1892,Centre,3,1,2,0,0,0,Llandovery,United Kingdom,Wales,Carmarthenshire
Harry Day,1892,Forward,5,3,2,0,0,0,Newport,United Kingdom,NP,Wales
Bert Gould,1892,Centre,3,2,1,0,2,4,Newport,United Kingdom,NP,Wales
Frederick Nicholls,1892,Wing,1,0,1,0,0,0,Paddington,United Kingdom,England,Greater London
Fred Parfitt,1893,Scrum-half,9,5,4,0,1,3,Pontnewydd,United Kingdom,NP44,Wales
Dai Fitzgerald,1894,Centre,2,1,1,0,1,7,Cardiff,United Kingdom,Wales,Cardiff
William Thomas,1894,Wing,3,2,1,0,0,0,Brecknock,United Kingdom,N7 9LN,England
Jack Elliot,1894,Scrum-half,3,1,2,0,0,0,S Shields,United Kingdom,England,North East England
Fred Hutchinson,1894,Forward,3,1,2,0,0,0,Maesteg,United Kingdom,Wales,Bridgend
David Nicholl,1894,Forward,1,0,1,0,0,0,Llanegwad,United Kingdom,Wales,Carmarthenshire
Owen Badger,1895,Centre,4,1,3,0,0,0,Llanelly,Australia,Victoria,Loddon Mallee
Selwyn Biggs,1895,Fly-half,9,4,5,0,0,0,Cardiff,United Kingdom,Wales,Cardiff
Ben Davies,1895,Halfback,2,0,2,0,0,0,Llanelly,Australia,Victoria,Loddon Mallee
William Elsey,1895,Forward,1,0,1,0,1,3,Lambeth,United Kingdom,England,Greater London
Tom Jackson,1895,Forward,1,0,1,0,0,0,Swansea,United Kingdom,Wales,West Glamorgan
Ernie George,1895,Forward,3,1,2,0,0,0,Llantwit Major,United Kingdom,CF61,Wales
Evan Lloyd,1895,Wing,1,0,1,0,0,0,Llanelly,Australia,Victoria,Loddon Mallee
Tom Pook,1895,Forward,1,0,1,0,0,0,Plymouth,United Kingdom,England,South West England
Albert Jenkin,1895,Forward,2,1,1,0,0,0,Hants,Canada,Nova Scotia,Hants County
Dai Morgan,1895,Fly-half,2,1,1,0,0,0,Llanelly,Australia,Victoria,Loddon Mallee
Cliff Bowen,1896,Wing,4,2,2,0,1,3,Morriston,United Kingdom,Wales,Swansea
Bert Dauncey,1896,Wing,3,1,2,0,0,0,Pontypool,United Kingdom,NP4,Wales
Sam Ramsay,1896,Forward,2,0,1,1,0,0,Cumbernauld,United Kingdom,Scotland,North Lanarkshire
William Cope,1896,Forward,1,1,0,0,0,0,Roath,United Kingdom,Wales,Cardiff
Barry Davies,1896,Forward,1,1,0,0,0,0,date unknown,g,n,i
David Evans,1896,Forward,4,2,2,0,0,0,Maenclochog,United Kingdom,Wales,Pembrokeshire
Jack Evans,1896,Forward,3,2,1,0,0,0,Ammanford,United Kingdom,Wales,Carmarthenshire
Bill Morris,1896,Forward,3,2,1,0,0,0,Llanelly,Australia,Victoria,Loddon Mallee
Gwyn Nicholls,1896,Centre,28,19,8,1,5,19,Westbury-on-Severn,United Kingdom,GL14 1,England
Llewellyn Lloyd,1896,Fly-half,12,7,5,0,3,9,Newport,United Kingdom,NP,Wales
Fred Miller,1896,Forward,7,5,2,0,0,0,Derby,United Kingdom,England,East Midlands
Fred Cornish,1897,Forward,4,2,2,0,0,0,Somerse,United Kingdom,GL14,England
Dick Hellings,1897,Forward,9,5,4,0,1,3,Tiverton,United Kingdom,England,South West England
Dan Jones,1897,Halfback,1,1,0,0,1,3,Taibach,United Kingdom,Wales,Neath Port Talbot
Jack Rapps,1897,Forward,1,1,0,0,0,0,Llantrisant,United Kingdom,Wales,Rhondda Cynon Taf
Billy Alexander,1898,Forward,7,3,4,0,2,6,Glynneath,United Kingdom,CF37 1SY,Wales
Joe Booth,1898,Forward,1,1,0,0,0,0,Blaenavon,United Kingdom,NP4,Wales
George Boots,1898,Forward,16,11,4,1,1,3,Aberbeeg,United Kingdom,NP13 1,Wales
Hopkin Davies,1898,Lock,4,2,2,0,0,0,Clydach,United Kingdom,Wales,Monmouthshire
Tom Dobson,1898,Forward,4,2,2,0,1,3,Caithness,United Kingdom,Scotland,Highland
Viv Huzzey,1898,Wing,5,2,3,0,4,16,Varteg Hill,United Kingdom,Wales,Powys
Pussy Jones,1898,Centre,2,1,1,0,0,0,?,g,n,i
Jere Blake,1899,Forward,9,6,3,0,0,0,Cardiff,United Kingdom,Wales,Cardiff
Alfred Brice,1899,Forward,18,12,5,1,2,8,Somerset,United Kingdom,England,South West England
Jehoida Hodges,1899,Forward,23,17,5,1,6,18,Risca,United Kingdom,NP11,Wales
Willie Llewellyn,1899,Wing,24,18,5,1,20,60,Tonypandy,United Kingdom,Wales,Rhondda Cynon Taf
Will Parker,1899,Forward,2,1,1,0,0,0,Swansea,United Kingdom,Wales,West Glamorgan
Fred Scrine,1899,Forward,3,2,1,0,0,0,Swansea,United Kingdom,Wales,West Glamorgan
Reg Skrimshire,1899,Centre,6,1,3,2,1,3,Crickhowell,United Kingdom,Wales,Powys
George Davies,1900,Centre,9,8,1,0,1,11,?,g,n,i
Louis Phillips,1900,Scrum-half,4,3,1,0,0,0,Newport,United Kingdom,NP,Wales
Dan Rees,1900,Centre,5,4,1,0,0,0,Swansea,United Kingdom,Wales,West Glamorgan
Robert Thomas,1900,Forward,4,4,0,0,0,0,?,g,n,i
Billy Trew,1900,Centre,29,25,4,0,11,39,Swansea,United Kingdom,Wales,West Glamorgan
Buller Williams,1900,Forward,4,4,0,0,2,6,Pontlottyn,United Kingdom,NP22,Wales
George Dobson,1900,Forward,1,1,0,0,0,0,Pontypridd,United Kingdom,CF37; CF38,Wales
Bala Jones,1901,Scrum-half,1,1,0,0,0,0,Aberavon,United Kingdom,Wales,Neath Port Talbot
Rusty Gabe,1901,Centre,28,21,6,1,12,36,Llangennech,United Kingdom,Wales,Carmarthenshire
Bob Jones,1901,Forward,1,1,0,0,0,0,Pontypridd,United Kingdom,CF37; CF38,Wales
Dick Jones,1901,Fly-half,15,12,2,1,3,9,Swansea,United Kingdom,Wales,West Glamorgan
Dicky Owen,1901,Scrum-half,35,27,7,1,2,6,Llandore,United Kingdom,Wales,Flintshire
Boxer Harding,1902,Forward,27,18,7,2,1,8,Market Rasen,United Kingdom,England,East Midlands
Dai Jones,1902,Forward,13,11,2,0,0,0,Aberaman,United Kingdom,Wales,Rhondda Cynon Taf
Strand Jones,1902,Fullback,5,4,1,0,0,11,Caio,Angola,Cabinda,Caio
Will Joseph,1902,Forward,16,12,3,1,0,0,Morriston,United Kingdom,Wales,Swansea
Teddy Morgan,1902,Wing,20,15,4,1,15,45,Aberdare,United Kingdom,Wales,Mid Glamorgan
Will Osborne,1902,Forward,6,5,1,0,1,3,Mountain Ash,United Kingdom,CF45,Wales
Danny Walters,1902,Forward,1,1,0,0,0,0,Llanelly,Australia,Victoria,Loddon Mallee
Harry Jones,1902,Forward,2,2,0,0,0,0,?,g,n,i
Fred Jowett,1903,Wing,1,1,0,0,0,0,Swansea,United Kingdom,Wales,West Glamorgan
Twyber Travers,1903,Hooker,25,21,4,0,1,3,Newport,United Kingdom,NP,Wales
Willie Arnold,1903,Wing,1,0,1,0,0,0,Morriston,United Kingdom,Wales,Swansea
Bert Winfield,1903,Fullback,15,11,3,1,0,50,Nottingham,United Kingdom,England,East Midlands
Jack Evans,1904,Forward,1,0,0,1,0,0,Blaina,United Kingdom,Wales,Blaenau Gwent
David Thomas,1904,Forward,10,7,2,1,0,0,Dunvant,United Kingdom,Wales,Swansea
David Davies,1904,Forward,1,1,0,0,0,0,Tonna,United Kingdom,Wales,Neath Port Talbot
Billy O'Neil,1904,Forward,11,10,1,0,0,0,Cardiff,United Kingdom,Wales,Cardiff
Cliff Pritchard,1904,Centre,5,4,1,0,2,6,Pontypool,United Kingdom,NP4,Wales
Beddoe Thomas-Maynard,1904,Forward,6,5,1,0,0,0,Upper Cwmbran,United Kingdom,NP44,Wales
Harry Watkins,1904,Forward,6,5,1,0,1,3,Trecastle,United Kingdom,Wales,Powys
Sid Bevan,1904,Forward,5,3,2,0,0,0,Morriston,United Kingdom,Wales,Swansea
Howell Jones,1904,Forward,1,0,1,0,0,0,Pontneddfechan,United Kingdom,Wales,Powys
Charlie Pritchard,1904,Forward,14,9,5,0,1,3,Newport,United Kingdom,NP,Wales
Windham Jones,1905,Halfback,1,1,0,0,1,3,Llanelly,Australia,Victoria,Loddon Mallee
Jack Williams,1905,Forward,5,3,2,0,0,0,Scethrog,United Kingdom,Wales,Powys
Percy Bush,1904,Fly-half,12,10,2,0,4,40,Cardiff,United Kingdom,Wales,Cardiff
Hop Maddock,1906,Wing,6,4,2,0,6,18,Pontycymmer,g,n,i
Reggie Gibbs,1906,Wing,18,13,4,1,18,60,Cardiff,United Kingdom,Wales,Cardiff
Tom Evans,1906,Flanker,18,15,3,0,1,3,Ammanford,United Kingdom,Wales,Carmarthenshire
Jack Powell,1906,Forward,1,0,1,0,0,0,Merthyr Tydfil,United Kingdom,Wales,Merthyr Tydfil
Dai Westacott,1906,Forward,1,0,1,0,0,0,Cardiff,United Kingdom,Wales,Cardiff
John Dyke,1906,Fullback,1,0,1,0,0,0,Narberth,United Kingdom,Wales,Pembrokeshire
Jack Jenkins,1906,Forward,1,0,1,0,0,0,Newbridge,Republic of Ireland,Leinster,County Kildare
Dick Thomas,1906,Forward,4,3,1,0,0,0,Rhondda,United Kingdom,Wales,Rhondda Cynon Taf
Johnny Williams,1906,Wing,19,15,3,1,17,51,Whitchurch,United Kingdom,England,West Midlands
John Alf Brown,1907,Forward,7,6,1,0,1,3,Cardiff,United Kingdom,Wales,Cardiff
Bailey Davies,1907,Fullback,1,1,0,0,0,0,Llanwenog,g,n,i
William Dowell,1907,Forward,7,6,1,0,0,0,Pontypool,United Kingdom,NP4,Wales
Jack Evans,1907,Centre,3,2,1,0,0,0,Llanybyther,United Kingdom,Wales,Carmarthenshire
James Watts,1907,Forward,11,10,1,0,2,6,Carmarthen,United Kingdom,Wales,Carmarthenshire
Jim Webb,1907,Lock,23,18,5,0,2,6,Glos,France,14100,France métropolitaine
Dickie David,1907,Scrum-half,1,1,0,0,0,0,Cardiff,United Kingdom,Wales,Cardiff
Ponty Jones,1907,Wing,1,1,0,0,1,3,Pontypool,United Kingdom,NP4,Wales
Tommy Vile,1904,Scrum-half,11,6,5,0,0,0,Newport,United Kingdom,NP,Wales
George Hayward,1908,Forward,5,5,0,0,0,0,?,g,n,i
Philip Hopkins,1908,Wing,4,3,1,0,3,9,Pontardawe,United Kingdom,Wales,Neath Port Talbot
Jack Jones,1908,Centre,20,12,7,1,7,25,Pontypool,United Kingdom,NP4,Wales
Ivor Morgan,1908,Flanker,13,12,1,0,6,18,Haverfordwest,United Kingdom,Wales,Pembrokeshire
Phil Waller,1908,Forward,9,7,2,0,0,0,Bath,United Kingdom,BA1,England
Jack Bancroft,1909,Fullback,18,14,4,0,0,88,Swansea,United Kingdom,Wales,West Glamorgan
Jake Blackmore,1909,Forward,1,1,0,0,0,0,Bedwellty,United Kingdom,Wales,Monmouthshire
Mel Baker,1909,Wing,4,3,1,0,4,12,Newport,United Kingdom,NP,Wales
Thomas Lloyd,1909,Forward,7,6,1,0,0,0,Neath,United Kingdom,Wales,West Glamorgan
Rees Thomas,1909,Forward,8,5,3,0,1,3,Caldicot,United Kingdom,NP26 4,Wales
Ben Gronow,1910,Forward,4,3,1,0,1,3,Bridgend,United Kingdom,Wales,Bridgend
Joe Pullman,1910,Forward,1,1,0,0,0,0,Cardiff,United Kingdom,Wales,Cardiff
Harry Jarman,1910,Forward,7,4,3,0,0,0,Talywain,United Kingdom,Wales,Torfaen
Joe Pugsley,1910,Hooker,7,6,1,0,2,6,Swansea,United Kingdom,Wales,West Glamorgan
Ernie Jenkins,1910,Flanker,2,2,0,0,0,0,Upper Cwmbran,United Kingdom,NP44,Wales
Willie Morgan,1908,Halfback,3,1,1,1,0,0,Sketty,United Kingdom,Wales,Swansea
Billy Spiller,1910,Centre,10,7,3,0,4,16,Cardiff,United Kingdom,Wales,Cardiff
Louis Dyke,1910,Centre,4,4,0,0,1,7,Cardiff,United Kingdom,Wales,Cardiff
Fred Birt,1911,Centre,7,3,4,0,0,7,Newport,United Kingdom,NP,Wales
Percy Coldrick,1911,Lock,6,5,1,0,0,0,Caerleon,United Kingdom,Wales,Newport
Bill Perry,1911,Lock,1,1,0,0,0,0,Neath,United Kingdom,Wales,West Glamorgan
Jim Birch,1911,Prop,2,2,0,0,0,0,Nthampton,g,n,i
William Evans,1911,Forward,1,1,0,0,0,0,Nantyglo,United Kingdom,Wales,Blaenau Gwent
Ewan Davies,1912,Wing,2,1,1,0,2,6,Cardiff,United Kingdom,Wales,Cardiff
Howell Davies,1912,Hooker,2,1,1,0,0,0,Skewen,United Kingdom,Wales,Neath Port Talbot
Clem Lewis,1912,Fly-half,11,7,4,0,3,19,Bridgend,United Kingdom,Wales,Bridgend
Glyn Stephens,1912,Prop,10,5,5,0,0,0,Neath,United Kingdom,Wales,West Glamorgan
Len Trump,1912,Prop,4,2,2,0,0,0,Newport,United Kingdom,NP,Wales
Harry Uzzell,1912,Hooker,15,11,4,0,2,6,Shirehampton,United Kingdom,BS11 0,England
William Davies,1912,Centre,2,1,1,0,1,3,Aberavon,United Kingdom,Wales,Neath Port Talbot
George Hirst,1912,Wing,6,5,1,0,3,17,Dowlais,United Kingdom,NP,Wales
Reggie Plummer,1912,Wing,5,2,3,0,2,6,Newport,United Kingdom,NP,Wales
Frank Hawkins,1912,Flanker,2,1,1,0,0,0,Wiveliscombe,United Kingdom,England,South West England
Harry Hiam,1912,Prop,2,1,1,0,0,0,Swansea,United Kingdom,Wales,West Glamorgan
Billy Jenkins,1912,Flanker,4,3,1,0,0,0,Cardiff,United Kingdom,Wales,Cardiff
Brin Lewis,1912,Wing,2,1,1,0,2,6,Pontardawe,United Kingdom,Wales,Neath Port Talbot
Walter Martin,1912,Fly-half,3,1,2,0,0,0,Essex,United Kingdom,England,East of England
Gus Merry,1912,Hooker,2,1,1,0,0,0,Newport,United Kingdom,NP,Wales
Tom Williams,1912,Flanker,6,4,2,0,1,3,Dunvant,United Kingdom,Wales,Swansea
Harold Thomas,1912,Fullback,1,1,0,0,0,2,Swansea,United Kingdom,Wales,West Glamorgan
Frank Andrews,1912,Back-row,4,2,2,0,0,0,?,g,n,i
Billy Geen,1912,Wing,3,1,2,0,0,0,Newport,United Kingdom,NP,Wales
Bert Hollingdale,1912,No. 8,2,0,2,0,0,0,Swansea,United Kingdom,Wales,West Glamorgan
Percy Jones,1912,Lock,8,5,3,0,0,0,Pontypridd,United Kingdom,CF37; CF38,Wales
Johnnie Morgan,1912,Flanker,2,0,2,0,0,0,Alejandra,Argentina,SFE,Departamento San Javier
Fred Perrett,1912,Prop,5,3,2,0,0,0,Briton Ferry,United Kingdom,SA11,Wales
Horace Thomas,1912,Fly-half,2,0,2,0,0,0,Pentyrch,United Kingdom,Wales,Cardiff
Harry Wetter,1912,Prop,2,0,2,0,0,0,Battersea,United Kingdom,England,Greater London
Bobbie Williams,1912,Fullback,4,2,2,0,0,0,Pontypridd,United Kingdom,CF37; CF38,Wales
Alban Davies,1913,Prop,7,6,1,0,2,6,Aberaeron,United Kingdom,Wales,Ceredigion
Tuan Jones,1908,Halfback,3,1,1,1,1,3,Pontypool,United Kingdom,NP4,Wales
Howell Lewis,1913,Wing,4,3,1,0,0,0,Pontardawe,United Kingdom,Wales,Neath Port Talbot
Bobby Lloyd,1913,Scrum-half,7,6,1,0,0,0,Crickhowell,United Kingdom,Wales,Powys
Rees Richards,1913,Forward,3,3,0,0,0,0,Cwmavon,United Kingdom,Wales,Neath Port Talbot
Glyn Gething,1913,Fullback,1,1,0,0,0,0,Neath,United Kingdom,Wales,West Glamorgan
Mark Lewis,1913,Wing,1,1,0,0,0,0,Pontypridd,United Kingdom,CF37; CF38,Wales
William Evans,1914,Centre,4,3,1,0,1,3,Tonypandy,United Kingdom,Wales,Rhondda Cynon Taf
Jack Jones,1914,Prop,4,3,1,0,1,3,?,g,n,i
Edgar Morgan,1908,No. 8,6,3,2,1,0,0,Pontardawe,United Kingdom,Wales,Neath Port Talbot
David Watts,1914,Lock,4,3,1,0,0,0,Maesteg,United Kingdom,Wales,Bridgend
William Watts,1914,Centre,1,0,1,0,1,3,Llanelly,Australia,Victoria,Loddon Mallee
Ivor Davies,1914,Wing,3,3,0,0,2,6,Carmarthen,United Kingdom,Wales,Carmarthenshire
Jack Wetter,1914,Fly-half,10,6,4,0,4,14,Newport,United Kingdom,NP,Wales
Ianto Davies,1919,Fullback,1,0,1,0,0,0,Maesteg,United Kingdom,Wales,Bridgend
Ike Fowler,1919,Scrum-half,1,0,1,0,0,0,Pantyffynnon,United Kingdom,Wales,Carmarthenshire
Gwyn Francis,1919,Lock,2,0,2,0,0,0,Gorseinon,United Kingdom,Wales,West Glamorgan
Bill Havard,1919,Prop,1,0,1,0,0,0,Neuadd,United Kingdom,SA40 9QG,Wales
Jim Jones,1919,Flanker,6,3,3,0,0,0,?,g,n,i
Bill Morris,1919,Prop,3,2,1,0,0,0,Abertillery,United Kingdom,NP13 1,Wales
Trevor Nicholas,1919,Wing,1,0,1,0,0,0,Sudbrook,United Kingdom,England,South West England
Tom Parker,1919,Flanker,15,8,6,1,2,6,Llansamlet,United Kingdom,Wales,Swansea
Aaron Rees,1919,Flanker,1,0,1,0,0,0,Maesteg,United Kingdom,Wales,Bridgend
Evan Rees,1919,Centre,1,0,1,0,0,0,Bridgend,United Kingdom,Wales,Bridgend
Jerry Shea,1919,Centre,4,1,3,0,1,19,Newport,United Kingdom,NP,Wales
Melbourne Thomas,1919,Wing,6,3,3,0,2,6,Nantymoel,g,n,i
Jack Whitfield,1919,Lock,12,6,5,1,5,15,Newport,United Kingdom,NP,Wales
Ben Beynon,1920,Fly-half,2,1,1,0,0,0,Swansea,United Kingdom,Wales,West Glamorgan
Brinley Evans,1920,Centre,5,4,0,1,0,0,Felinfoel,United Kingdom,Wales,Carmarthenshire
Albert Jenkins,1920,Centre,14,7,7,0,4,47,Llanelly,Australia,Victoria,Loddon Mallee
Charles Jones,1920,Flanker,3,2,1,0,0,0,Cardiff,United Kingdom,Wales,Cardiff
Steve Morris,1920,Flanker,19,9,9,1,0,0,Newport,United Kingdom,NP,Wales
George Oliver,1920,Flanker,4,3,1,0,0,0,Pontypool,United Kingdom,NP4,Wales
Wick Powell,1920,Wing,4,3,1,0,2,6,Cardiff,United Kingdom,Wales,Cardiff
Joe Rees,1920,Fullback,12,6,6,0,0,7,?,g,n,i
Jack Williams,1920,Prop,7,5,2,0,1,3,Blaina,United Kingdom,Wales,Blaenau Gwent
Brinley Williams,1920,Wing,3,2,1,0,4,12,Llanelly,Australia,Victoria,Loddon Mallee
Dick Huxtable,1920,Flanker,2,2,0,0,0,0,Swansea,United Kingdom,Wales,West Glamorgan
Fred Reeves,1920,Scrum-half,3,2,1,0,0,0,Cross Keys,United States of America,Delaware,Sussex County
Edgar Morgan,1920,Flanker,4,2,2,0,0,0,Llanelly,Australia,Victoria,Loddon Mallee
Len Attewell,1921,Prop,3,1,2,0,0,0,Newport,United Kingdom,NP,Wales
Dai Edwards,1921,Lock,1,0,1,0,0,0,Glynneath,United Kingdom,CF37 1SY,Wales
Wilf Hodder,1921,Flanker,3,1,2,0,1,3,Abersychan,United Kingdom,NP4,Wales
Codger Johnson,1921,Wing,12,4,8,0,1,6,Cardiff,United Kingdom,Wales,Cardiff
Douglas Marsden-Jones,1921,Forward,4,0,4,0,0,0,Swansea,United Kingdom,Wales,West Glamorgan
Johnny Ring,1921,Wing,1,0,1,0,1,3,Port Talbot,United Kingdom,Wales,Neath Port Talbot
Docker Winmill,1921,Prop,4,2,2,0,0,0,Bedwellty,United Kingdom,Wales,Monmouthshire
Paul Baker-Jones,1921,Centre,1,0,1,0,0,0,Newport,United Kingdom,NP,Wales
William Bowen,1921,Fly-half,6,4,1,1,2,6,Swansea,United Kingdom,Wales,West Glamorgan
Frankie Evans,1921,Wing,1,0,1,0,0,0,Dafen,United Kingdom,Wales,Carmarthenshire
Tom Roberts,1921,Lock,9,5,3,1,0,0,Risca,United Kingdom,NP11,Wales
Harry Davies,1921,Centre,3,3,0,0,0,0,Llanelly,Australia,Victoria,Loddon Mallee
Ossie Male,1921,Fullback,11,3,8,0,0,15,Newport,United Kingdom,NP,Wales
Tudor Williams,1921,Scrum-half,1,1,0,0,0,0,?,g,n,i
Ambrose Baker,1921,Flanker,5,2,3,0,1,3,Swansea,United Kingdom,Wales,West Glamorgan
Archie Brown,1921,Scrum-half,1,1,0,0,0,0,date unknown,g,n,i
Daph Davies,1921,Centre,2,1,1,0,0,0,Bridgend,United Kingdom,Wales,Bridgend
Jack Prosser,1921,Prop,1,1,0,0,0,0,Newport,United Kingdom,NP,Wales
Will Cummings,1922,No. 8,4,3,0,1,1,3,Cardiff,United Kingdom,Wales,Cardiff
Bobby Delahay,1922,Scrum-half,18,7,9,2,2,6,Bridgend,United Kingdom,Wales,Bridgend
Islwyn Evans,1922,Centre,4,3,0,1,3,13,Llanelly,Australia,Victoria,Loddon Mallee
Dai Hiddlestone,1922,Flanker,5,3,1,1,1,3,Hendy,United Kingdom,Wales,Gwynedd
Tom Jones,1922,Prop,6,3,2,1,1,3,Pontnewydd,United Kingdom,NP44,Wales
Frank Palmer,1922,Wing,3,2,0,1,1,3,Swansea,United Kingdom,Wales,West Glamorgan
Cliff Richards,1922,Wing,5,3,1,1,2,6,Hafodyrynys,United Kingdom,Wales,Torfaen
John Stephens,1922,Flanker,4,3,0,1,0,0,Llanbadarn Fawr,United Kingdom,Wales,Ceredigion
Fred Samuel,1922,Fullback,3,2,0,1,0,4,Llanelly,Australia,Victoria,Loddon Mallee
Arthur Cornish,1923,Centre,10,3,6,1,1,7,Cardiff,United Kingdom,Wales,Cardiff
Dai Davies,1923,Prop,2,0,2,0,0,0,Treorchy,United Kingdom,Wales,Rhondda Cynon Taf
Rowe Harding,1923,Wing,20,6,12,2,5,15,Swansea,United Kingdom,Wales,West Glamorgan
Gwilym Michael,1923,Flanker,3,1,2,0,1,3,Pontardawe,United Kingdom,Wales,Neath Port Talbot
Gethin Thomas,1923,Lock,4,1,3,0,0,0,Llwynhendy,United Kingdom,Wales,Carmarthenshire
Joe Thompson,1923,No. 8,1,0,1,0,0,0,Bristol,United Kingdom,England,South West England
Lew Jenkins,1923,Lock,2,1,1,0,0,0,Senghenydo,g,n,i
Dai John,1923,Fly-half,5,2,3,0,3,9,Loughor,United Kingdom,Wales,Swansea
Dan Pascoe,1923,Flanker,2,1,1,0,0,0,Llanharan,United Kingdom,Wales,Rhondda Cynon Taf
Mapson Williams,1923,No. 8,1,1,0,0,0,0,Mackay,Australia,Queensland,Mackay
Tom Collins,1923,Centre,1,0,1,0,0,0,Merthyr Tydfil,United Kingdom,Wales,Merthyr Tydfil
Stan Davies,1923,Prop,1,0,1,0,0,0,Ystrad,United Kingdom,Wales,Rhondda Cynon Taf
John Davies,1923,Flanker,1,0,1,0,0,0,?,g,n,i
Jack Powell,1923,Wing,1,0,1,0,0,4,Cardiff,United Kingdom,Wales,Cardiff
William Radford,1923,Flanker,1,0,1,0,0,0,Cardiff,United Kingdom,Wales,Cardiff
Tom Richards,1923,No. 8,1,0,1,0,0,0,Maesteg,United Kingdom,Wales,Bridgend
Hunt Davies,1924,Centre,1,0,1,0,0,0,Port Talbot,United Kingdom,Wales,Neath Port Talbot
Candy Evans,1924,Lock,3,1,2,0,0,0,Abersychan,United Kingdom,NP4,Wales
Ivor Jones,1924,Flanker,21,5,15,1,1,15,Loughor,United Kingdom,Wales,Swansea
Glyn Morris,1924,Prop,2,0,2,0,0,0,Burry Port,United Kingdom,Wales,Carmarthenshire
William Ould,1924,Lock,2,0,2,0,0,0,Glyncorrwg,United Kingdom,Wales,Neath Port Talbot
Albert Owen,1924,Fly-half,1,0,1,0,1,3,Gurnos Cross,g,n,i
Charlie Pugh,1924,Lock,7,1,6,0,1,3,Pontypridd,United Kingdom,CF37; CF38,Wales
Ivor Thomas,1924,Hooker,1,0,1,0,0,0,Bridgend,United Kingdom,Wales,Bridgend
Edward Watkins,1924,Scrum-half,4,1,3,0,0,4,Neath,United Kingdom,Wales,West Glamorgan
Harold Davies,1924,Centre,2,0,2,0,0,0,Newport,United Kingdom,NP,Wales
Jack Elwyn Evans,1924,Centre,1,0,1,0,0,0,Brynamman,United Kingdom,Wales,Carmarthenshire
Vince Griffiths,1924,Fly-half,5,1,3,1,1,7,Pontypridd,United Kingdom,CF37; CF38,Wales
Mel Rosser,1924,Fullback,2,1,1,0,0,0,Machen,United Kingdom,Wales,Caerphilly
Tommy Evans,1924,Centre,1,0,1,0,0,0,Neyland,United Kingdom,Wales,Pembrokeshire
Jack Gore,1924,Prop,4,1,3,0,0,0,Blaina,United Kingdom,Wales,Blaenau Gwent
George Hathway,1924,Hooker,2,1,1,0,0,0,Newport,United Kingdom,NP,Wales
William Jones,1924,Flanker,1,0,1,0,0,0,Cefneithin,United Kingdom,Wales,Carmarthenshire
Dai Parker,1924,Prop,15,4,10,1,0,14,Llansamlet,United Kingdom,Wales,Swansea
Bob Randall,1924,Lock,2,1,1,0,0,0,Neath,United Kingdom,Wales,West Glamorgan
Ernie Finch,1924,Wing,7,3,4,0,4,12,Pembroke Dock,United Kingdom,Wales,Pembrokeshire
Joe Jones,1924,Centre,1,1,0,0,0,0,Pontardawe,United Kingdom,Wales,Neath Port Talbot
Arnold Rickards,1924,Lock,1,1,0,0,1,3,Glos,France,14100,France métropolitaine
Albert Stock,1924,Centre,4,1,2,1,0,0,Newport,United Kingdom,NP,Wales
Cliff Williams,1924,Hooker,2,0,2,0,0,0,Llangennech,United Kingdom,Wales,Carmarthenshire
Eddie Williams,1924,Fly-half,2,1,1,0,0,0,Cwmllynfell,United Kingdom,Wales,Neath Port Talbot
Willie Hopkins,1925,Fly-half,2,0,2,0,1,3,?,g,n,i
Will James,1925,Wing,2,0,2,0,1,3,Aberavon,United Kingdom,Wales,Neath Port Talbot
Idris Jones,1925,Flanker,4,1,3,0,1,3,Llanelly,Australia,Victoria,Loddon Mallee
Bryn Phillips,1925,Lock,5,1,3,1,0,0,Merthyr Tydfil,United Kingdom,Wales,Merthyr Tydfil
Idris Richards,1925,No. 8,3,1,2,0,0,0,Pontypridd,United Kingdom,CF37; CF38,Wales
Cyril Thomas,1925,Wing,2,0,2,0,1,3,Bridgend,United Kingdom,Wales,Bridgend
Evan Williams,1925,Centre,2,0,2,0,0,0,Port Talbot,United Kingdom,Wales,Neath Port Talbot
Ron Herrera,1925,Lock,8,3,4,1,2,6,Wattsville,United States of America,Virginia,Accomack
Steve Lawrence,1925,Prop,6,2,4,0,0,0,Treorchy,United Kingdom,Wales,Rhondda Cynon Taf
Eddie Beynon,1925,Flanker,2,1,1,0,0,0,Gower,United States of America,Missouri,Clinton County
Will Lewis,1925,Flanker,1,1,0,0,0,0,Morriston,United Kingdom,Wales,Swansea
Jim Brown,1925,Lock,1,0,1,0,0,0,Cardiff,United Kingdom,Wales,Cardiff
Sydney Hinam,1925,Flanker,5,2,2,1,0,0,Pontypool,United Kingdom,NP4,Wales
Arthur John,1925,Scrum-half,4,1,3,0,0,0,Llansamlet,United Kingdom,Wales,Swansea
Nathan Rocyn-Jones,1925,Fullback,1,0,1,0,0,0,Abertillery,United Kingdom,NP13 1,Wales
Bernard Turnbull,1925,Centre,6,0,6,0,1,3,Cardiff,United Kingdom,Wales,Cardiff
George Andrews,1926,Wing,5,1,3,1,3,9,Newport,United Kingdom,NP,Wales
David Evans,1926,Fullback,1,0,0,1,0,0,Llandybie,United Kingdom,Wales,Carmarthenshire
Thomas Hopkins,1926,Prop,4,2,1,1,1,3,Pontardawe,United Kingdom,Wales,Neath Port Talbot
Dai Jenkins,1926,Lock,4,2,1,1,0,0,Pyle,France,27370,France métropolitaine
Howell John,1926,Hooker,8,3,4,1,0,0,Swansea,United Kingdom,Wales,West Glamorgan
Dai Jones,1926,Prop,5,2,2,1,0,0,?,g,n,i
Bobby Jones,1926,Fly-half,3,1,1,1,0,0,Shanghai,中华人民共和国,上海,黄浦区 (Huangpu)
Tom Lewis,1926,Prop,3,0,2,1,0,0,Taff's Well,United Kingdom,Wales,Rhondda Cynon Taf
Bill Everson,1926,Fullback,1,0,1,0,0,2,Rudry,United Kingdom,Wales,Caerphilly
Wick Powell,1926,Scrum-half,27,14,10,3,1,16,Aberbeeg,United Kingdom,NP13 1,Wales
Emlyn Watkins,1926,Flanker,3,2,1,0,1,3,Blaina,United Kingdom,Wales,Blaenau Gwent
Windsor Lewis,1926,Fly-half,6,2,4,0,1,7,Maesteg,United Kingdom,Wales,Bridgend
Tommy Rees,1926,Fullback,4,2,2,0,0,4,Pontyclun,United Kingdom,CF72 9DP,Wales
Charles Rowlands,1926,Wing,1,1,0,0,0,0,Merthyr Tydfil,United Kingdom,Wales,Merthyr Tydfil
Harry Phillips,1927,Lock,9,2,7,0,0,0,Cross Keys,United States of America,Delaware,Sussex County
John Roberts,1927,Centre,13,4,8,1,5,15,Toxteth,United Kingdom,England,North West England
Watcyn Thomas,1927,No. 8,14,5,8,1,2,6,Llanelly,Australia,Victoria,Loddon Mallee
Billy Williams,1927,Flanker,4,1,3,0,0,0,Crumlin,United Kingdom,Northern Ireland,County Antrim
Tom Arthur,1927,Lock,18,9,7,2,4,12,Pontypridd,United Kingdom,CF37; CF38,Wales
John Bartlett,1927,Wing,3,1,2,0,1,3,Carmarthen,United Kingdom,Wales,Carmarthenshire
Ned Jenkins,1927,Lock,21,10,10,1,0,0,Tonyrefail,United Kingdom,CF39,Wales
Gwyn Richards,1927,Fly-half,1,0,1,0,0,0,Bryncethin,United Kingdom,Wales,Bridgend
Jim Burns,1927,Prop,2,1,1,0,0,0,Cardiff,United Kingdom,Wales,Cardiff
Guy Stewart-Morgan,1927,Centre,8,5,2,1,3,13,Garnant,United Kingdom,Wales,Neath Port Talbot
Lonza Bowdler,1927,Hooker,15,5,9,1,0,0,Abercarn,United Kingdom,Wales,Monmouthshire
Gus Broughton,1927,No. 8,2,1,1,0,0,0,Llandough,United Kingdom,Wales,Vale of Glamorgan
Tal Harris,1927,Scrum-half,1,0,1,0,0,0,Cardiff,United Kingdom,Wales,Cardiff
Tom Hollingdale,1927,No. 8,6,1,5,0,0,0,Waunarlwydd,United Kingdom,Wales,Swansea
David Jenkins,1927,Prop,2,0,2,0,0,0,Resolven,United Kingdom,Wales,Neath Port Talbot
Dan Jones,1927,Wing,1,0,1,0,0,0,Neath Abbey,United Kingdom,Wales,Neath Port Talbot
Iorwerth Jones,1927,No. 8,5,1,4,0,0,0,Loughor,United Kingdom,Wales,Swansea
Roy Jones,1927,Centre,2,0,2,0,0,0,Swansea,United Kingdom,Wales,West Glamorgan
Cecil Pritchard,1928,Hooker,8,3,4,1,0,0,Pontypool,United Kingdom,NP4,Wales
Archie Skym,1928,Prop,20,9,9,2,2,6,Drefach,United Kingdom,Wales,Carmarthenshire
Gwyn Davies,1928,Wing,3,0,3,0,0,0,Aberkenfig,United Kingdom,Wales,Bridgend
Jack Bassett,1929,Fullback,20,9,9,2,0,29,Trebanog,United Kingdom,Wales,Rhondda Cynon Taf
Harold Jones,1929,Lock,2,1,1,0,0,0,Ogmore Vale,United Kingdom,Wales,Bridgend
Dick Jones,1929,Flanker,1,0,1,0,0,0,Shanghai,中华人民共和国,上海,黄浦区 (Huangpu)
Jack Morley,1929,Wing,17,9,6,2,6,18,Newport,United Kingdom,NP,Wales
Bill Roberts,1929,Fly-half,1,0,1,0,0,0,Toxteth,United Kingdom,England,North West England
Bob Barrell,1929,Prop,4,2,1,1,1,3,Mountain Ash,United Kingdom,CF45,Wales
Harry Bowcott,1929,Centre,13,5,6,2,2,6,Cardiff,United Kingdom,Wales,Cardiff
Harry Peacock,1929,Flanker,6,4,1,1,2,6,Newport,United Kingdom,NP,Wales
Frank Williams,1929,Centre,14,8,5,1,2,6,Cardiff,United Kingdom,Wales,Cardiff
Arthur Lemon,1929,No. 8,13,7,4,2,0,0,Tonna,United Kingdom,Wales,Neath Port Talbot
Arthur Hickman,1930,Wing,2,0,2,0,0,0,Skewen,United Kingdom,Wales,Neath Port Talbot
Tom Jones-Davies,1930,Centre,4,2,1,1,2,6,Nantgaredig,United Kingdom,Wales,Carmarthenshire
David Roberts,1930,Scrum-half,1,0,1,0,0,0,Llanelly,Australia,Victoria,Loddon Mallee
Ocker Thomas,1930,Flanker,1,0,1,0,0,0,Merthyr Tydfil,United Kingdom,Wales,Merthyr Tydfil
Ronnie Boon,1930,Wing,12,7,4,1,4,20,Barry,United Kingdom,CF62,Wales
Bert Day,1930,Hooker,5,3,1,1,0,0,Griffithstown,United Kingdom,NP4,Wales
Chick Jones,1930,Centre,2,0,2,0,1,7,Morriston,United Kingdom,Wales,Swansea
Dai Thomas,1930,Lock,11,5,5,1,0,0,Swansea,United Kingdom,Wales,West Glamorgan
Norman Fender,1930,Flanker,6,5,0,1,1,3,Cardiff,United Kingdom,Wales,Cardiff
Howie Jones,1930,Wing,2,2,0,0,1,3,Glynneath,United Kingdom,CF37 1SY,Wales
Claud Davey,1930,Centre,23,14,7,2,5,15,Garnant,United Kingdom,Wales,Neath Port Talbot
Edgar Jones,1930,Prop,5,2,2,1,0,0,Sketty,United Kingdom,Wales,Swansea
Tommy Scourfield,1930,Fullback,1,1,0,0,0,0,Pontypridd,United Kingdom,CF37; CF38,Wales
Tom Day,1931,Prop,13,8,3,2,0,0,Ammanford,United Kingdom,Wales,Carmarthenshire
David James,1931,Hooker,2,2,0,0,0,0,Treorchy,United Kingdom,Wales,Rhondda Cynon Taf
Jim Lang,1931,No. 8,12,8,2,2,1,3,Garnant,United Kingdom,Wales,Neath Port Talbot
Dicky Ralph,1931,Fly-half,6,4,2,0,3,17,Abercarn,United Kingdom,Wales,Monmouthshire
Sgili Davies,1931,Flanker,4,2,2,0,1,3,Cwmgors,United Kingdom,Wales,Neath Port Talbot
Bryn Evans,1933,Hooker,6,3,2,1,0,0,Felinfoel,United Kingdom,Wales,Carmarthenshire
Iorrie Isaacs,1933,Flanker,2,1,1,0,0,0,Cifynydd,g,n,i
Viv Jenkins,1933,Fullback,15,8,5,2,1,45,Aberavon,United Kingdom,Wales,Neath Port Talbot
Arthur Jones,1933,Wing,2,1,1,0,0,0,Bridgend,United Kingdom,Wales,Bridgend
Raymond Jones,1933,Lock,2,1,1,0,0,0,Blundellsands,United Kingdom,England,North West England
Maurice Turnbull,1933,Scrum-half,2,1,1,0,0,0,Cardiff,United Kingdom,Wales,Cardiff
Wilf Wooller,1933,Centre,18,8,8,2,6,26,Rhos-on-Sea,United Kingdom,Wales,Conwy
Gwyn Bayliss,1933,Fullback,1,0,1,0,0,0,Brynmawr,United Kingdom,NP23,Wales
Bryn Evans,1933,Scrum-half,1,0,1,0,0,0,Penclawdd,United Kingdom,Wales,Swansea
Ron Morris,1933,Fly-half,2,0,2,0,0,0,Carmarthen,United Kingdom,Wales,Carmarthenshire
Billy Moore,1933,Lock,1,0,1,0,0,0,Garw Valley,United Kingdom,Wales,Bridgend
Lew Rees,1933,Flanker,1,0,1,0,0,0,Treherbert,United Kingdom,CF42 5BG,Wales
Bun Cowey,1934,Wing,4,2,1,1,3,9,Wilts,South Africa,KwaZulu-Natal,Amajuba District Municipality
Cecil Davies,1934,Prop,1,0,1,0,0,0,Pontypridd,United Kingdom,CF37; CF38,Wales
David Evans,1934,Scrum-half,1,0,1,0,0,0,Barry,United Kingdom,CF62,Wales
John Evans,1934,Hooker,1,0,1,0,0,0,Newport,United Kingdom,NP,Wales
Bryn Howells,1934,Fullback,1,0,1,0,0,0,Hendy,United Kingdom,Wales,Gwynedd
Gomer Hughes,1934,Lock,3,2,1,0,0,0,Neath,United Kingdom,Wales,West Glamorgan
Geoffrey Jones,1934,Wing,5,2,2,1,2,6,Ipswich,United Kingdom,England,East of England
Ken Jones,1934,No. 8,1,0,1,0,0,0,Llanishen,United Kingdom,Wales,Cardiff
Cliff Jones,1934,Fly-half,13,8,3,2,2,6,Porth,United Kingdom,CF39,Wales
Glyn Prosser,1934,Flanker,4,3,1,0,0,0,Glynneath,United Kingdom,CF37 1SY,Wales
Arthur Rees,1934,Flanker,13,5,6,2,0,0,Llangadog,United Kingdom,Wales,Carmarthenshire
Idwal Rees,1934,Centre,14,8,5,1,2,6,Swansea,United Kingdom,Wales,West Glamorgan
Harry Truman,1934,Lock,2,0,1,1,0,0,Porth,United Kingdom,CF39,Wales
Iorwerth Evans,1934,Hooker,2,2,0,0,0,0,Trelewis,United Kingdom,Wales,Merthyr Tydfil
Albert Fear,1934,Flanker,4,3,1,0,1,3,Abertillery,United Kingdom,NP13 1,Wales
Bert Jones,1934,Scrum-half,2,2,0,0,0,0,Llanelly,Australia,Victoria,Loddon Mallee
Dai Prosser,1934,Prop,2,2,0,0,0,0,Neath,United Kingdom,Wales,West Glamorgan
Bill Ward,1934,Lock,2,2,0,0,0,0,Risca,United Kingdom,NP11,Wales
Arthur Bassett,1934,Wing,6,3,2,1,0,0,Kenfig Hill,United Kingdom,Wales,Bridgend
Con Murphy,1935,Hooker,3,1,1,1,0,0,Aberfan,United Kingdom,CF48 4RB,Wales
Thomas Rees,1935,Prop,8,4,3,1,0,0,Fleur-de-Lys,Malta,Fleur-de-Lys,Missing
Tabber Williams,1935,Prop,8,4,3,1,0,0,Aberaman,United Kingdom,Wales,Rhondda Cynon Taf
Tommy James,1935,Fullback,2,0,2,0,0,3,Aberavon,United Kingdom,Wales,Neath Port Talbot
Harry Payne,1935,Prop,1,1,0,0,0,0,Treboeth,g,n,i
Haydn Tanner,1935,Scrum-half,26,12,12,2,0,0,Gowerton,United Kingdom,Wales,Swansea
Don Tarr,1935,Hooker,1,1,0,0,0,0,Llandeilo Fawr,United Kingdom,SA19 6AE,Wales
Eddie Watkins,1935,Lock,8,4,4,0,0,0,Caerphilly,United Kingdom,CF83,Wales
Edgar Long,1936,Flanker,7,4,2,1,0,0,Gower,United States of America,Missouri,Clinton County
Barney McCall,1936,Wing,3,2,0,1,0,0,Clifton,United Kingdom,England,South West England
Harold Thomas,1936,Lock,6,2,3,1,0,0,Neath,United Kingdom,Wales,West Glamorgan
Griff Williams,1936,Lock,3,2,0,1,0,0,Pontypridd,United Kingdom,CF37; CF38,Wales
Willy Davies,1936,Fly-half,6,3,3,0,1,7,Penclawdd,United Kingdom,Wales,Swansea
Bill Clement,1937,Wing,6,2,4,0,1,3,Llanelly,Australia,Victoria,Loddon Mallee
Emrys Evans,1937,Flanker,3,2,1,0,0,0,Gwaun-cae-Gurwen,United Kingdom,Wales,Neath Port Talbot
David Thomas,1937,Lock,1,0,1,0,0,0,Neath,United Kingdom,Wales,West Glamorgan
Bill Hopkin,1937,Wing,1,0,1,0,0,0,Newport,United Kingdom,NP,Wales
Harry Rees,1937,Prop,5,2,3,0,0,0,Pontypridd,United Kingdom,CF37; CF38,Wales
Bunner Travers,1937,Hooker,14,6,8,0,1,3,Newport,United Kingdom,NP,Wales
Ivor Bennett,1937,Prop,1,0,1,0,0,0,Aberkenfig,United Kingdom,Wales,Bridgend
Walter Legge,1937,Fullback,2,1,1,0,0,5,Risca,United Kingdom,NP11,Wales
Russell Taylor,1937,Flanker,5,1,4,0,1,6,Risca,United Kingdom,NP11,Wales
Allen McCarley,1938,Flanker,3,2,1,0,3,9,Port Talbot,United Kingdom,Wales,Neath Port Talbot
Fred Morgan,1938,Lock,4,2,2,0,0,0,Pontyberem,United Kingdom,Wales,Carmarthenshire
Eddie Morgan,1938,Prop,6,2,4,0,0,0,Pontardawe,United Kingdom,Wales,Neath Port Talbot
Walter Vickery,1938,No. 8,4,2,2,0,0,0,Port Talbot,United Kingdom,Wales,Neath Port Talbot
Cyril Challinor,1939,Flanker,1,0,1,0,0,0,Neath,United Kingdom,Wales,West Glamorgan
Idwal Davies,1939,Centre,1,0,1,0,0,0,?,g,n,i
Wendy Davis,1939,Prop,3,2,1,0,0,0,Birmingham,United Kingdom,England,West Midlands
John Ford,1939,Wing,1,0,1,0,0,0,Redcar,United Kingdom,England,North East England
Syd Williams,1939,Wing,3,2,1,0,0,0,Aberavon,United Kingdom,Wales,Neath Port Talbot
Howard Davies,1939,Fullback,6,5,1,0,0,0,Llanelly,Australia,Victoria,Loddon Mallee
Leslie Davies,1939,Prop,2,2,0,0,0,0,Swansea,United Kingdom,Wales,West Glamorgan
Mickey Davies,1939,Centre,2,2,0,0,1,3,1918,Россия,СКФО,Карачаево-Черкесия
Elfed Jones,1938,Wing,3,2,1,0,1,3,Llanelly,Australia,Victoria,Loddon Mallee
Les Manfield,1939,No. 8,7,4,2,1,0,0,Mountain Ash,United Kingdom,CF45,Wales
Ron Price,1939,Lock,2,2,0,0,0,0,Trealaw,United Kingdom,CF39,Wales
Viv Law,1939,Prop,1,1,0,0,0,0,Cardiff,United Kingdom,Wales,Cardiff
Chris Matthews,1939,Wing,1,1,0,0,0,0,Bridgend,United Kingdom,Wales,Bridgend
Griff Bevan,1947,Prop,1,0,1,0,0,0,Burry Port,United Kingdom,Wales,Carmarthenshire
Reg Blakemore,1947,Hooker,1,0,1,0,0,0,Newport,United Kingdom,NP,Wales
Billy Cleaver,1947,Fly-half,17,9,6,2,1,6,Treorchy,United Kingdom,Wales,Rhondda Cynon Taf
Gwyn Evans,1947,Flanker,12,6,5,1,1,3,Treherbert,United Kingdom,CF42 5BG,Wales
Dai Jones,1947,Prop,7,3,4,0,0,0,Morriston,United Kingdom,Wales,Swansea
Ken Jones,1947,Wing,47,28,16,3,19,57,Blaenavon,United Kingdom,NP4,Wales
Jack Matthews,1947,Centre,23,10,10,3,4,12,Bridgend,United Kingdom,Wales,Bridgend
George Parsons,1947,Lock,1,0,1,0,0,0,Newbridge,Republic of Ireland,Leinster,County Kildare
Rees Stephens,1947,Lock,34,21,13,0,2,8,Neath,United Kingdom,Wales,West Glamorgan
Bleddyn Williams,1947,Centre,27,15,10,2,8,24,Taff's Well,United Kingdom,Wales,Rhondda Cynon Taf
Ossie Williams,1947,Flanker,7,3,3,1,0,3,Llanelly,Australia,Victoria,Loddon Mallee
Stanley Williams,1947,Lock,6,4,2,0,0,0,Llanelly,Australia,Victoria,Loddon Mallee
Les Williams,1947,Wing,7,5,2,0,3,9,Mynyddygarreg,United Kingdom,Wales,Carmarthenshire
Cliff Davies,1947,Prop,17,10,5,2,1,3,Kenfig Hill,United Kingdom,Wales,Bridgend
Glyn Davies,1947,Fly-half,11,5,5,1,0,0,Cifynydd,g,n,i
Wilf Evans,1947,Prop,1,1,0,0,0,0,Griffithstown,United Kingdom,NP4,Wales
Billy Gore,1947,Hooker,3,3,0,0,0,0,Blaina,United Kingdom,Wales,Blaenau Gwent
Bill Tamplin,1947,Lock,7,5,1,1,0,24,Risca,United Kingdom,NP11,Wales
Bob Evans,1947,Flanker,16,9,5,2,1,3,Rhymney,United Kingdom,NP22,Wales
Peter Rees,1947,Wing,2,2,0,0,0,0,Penygroes,United Kingdom,Wales,Gwynedd
Emlyn Davies,1947,Prop,2,1,1,0,0,0,Port Talbot,United Kingdom,Wales,Neath Port Talbot
Handel Greville,1947,Scrum-half,1,1,0,0,0,0,Drefach,United Kingdom,Wales,Carmarthenshire
John Gwilliam,1947,No. 8,23,14,8,1,0,0,Pontypridd,United Kingdom,CF37; CF38,Wales
Mal James,1947,Hooker,5,2,2,1,0,0,Cifynydd,g,n,i
Les Anthony,1948,Prop,3,1,1,1,0,0,Rhiwfawr,United Kingdom,Wales,Neath Port Talbot
Des Jones,1948,Lock,1,0,0,1,0,0,Tumble,United Kingdom,Wales,Carmarthenshire
Frank Trott,1948,Fullback,8,2,5,1,0,2,Cardiff,United Kingdom,Wales,Cardiff
Ray Cale,1949,Flanker,7,5,2,0,1,3,Usk,United Kingdom,Wales,Monmouthshire
Ernie Coleman,1949,Prop,3,1,2,0,0,0,Newport,United Kingdom,NP,Wales
Don Hayward,1949,Lock,18,10,6,2,0,0,Pontypool,United Kingdom,NP4,Wales
Alun Meredith,1949,Lock,3,1,2,0,1,3,Ystrad,United Kingdom,Wales,Rhondda Cynon Taf
Terry Cook,1949,Wing,2,0,2,0,0,0,Pontypridd,United Kingdom,CF37; CF38,Wales
Windsor Major,1949,Wing,2,1,1,0,0,0,Llangynwyd,United Kingdom,Wales,Bridgend
Peter Stone,1949,Flanker,1,0,1,0,0,0,Loughor,United Kingdom,Wales,Swansea
Malcolm Thomas,1949,Centre,31,16,13,2,4,22,Machen,United Kingdom,Wales,Caerphilly
Clem Thomas,1949,Flanker,28,18,9,1,1,3,Cardiff,United Kingdom,Wales,Cardiff
Trevor Brewer,1950,Wing,3,2,1,0,2,6,Newport,United Kingdom,NP,Wales
Dai Davies,1950,Hooker,20,13,6,1,0,0,Penygraig,United Kingdom,SA48 8EZ,Wales
Roy John,1950,Lock,25,15,8,2,2,6,Neath,United Kingdom,Wales,West Glamorgan
Lewis Jones,1950,Fullback,13,10,3,0,1,62,Gorseinon,United Kingdom,Wales,West Glamorgan
John Robins,1950,Prop,16,9,5,2,0,10,Cardiff,United Kingdom,Wales,Cardiff
Rex Willis,1950,Scrum-half,24,17,6,1,0,0,Ystrad,United Kingdom,Wales,Rhondda Cynon Taf
Gerwyn Williams,1950,Fullback,13,8,4,1,0,0,Glyncorrwg,United Kingdom,Wales,Neath Port Talbot
Peter Evans,1951,Flanker,2,1,1,0,0,0,Llanelly,Australia,Victoria,Loddon Mallee
Allen Forward,1951,Flanker,6,4,2,0,0,0,Cwmavon,United Kingdom,Wales,Neath Port Talbot
Ben Edwards,1951,Lock,1,0,0,1,0,3,Chepstow,United Kingdom,NP16,Wales
Cliff Morgan,1951,Fly-half,33,21,10,2,4,12,Trebanog,United Kingdom,Wales,Rhondda Cynon Taf
Haydn Morris,1951,Wing,3,2,1,0,2,6,Mountain Ash,United Kingdom,CF45,Wales
Billy Williams,1951,Prop,26,18,8,0,1,3,Gower,United States of America,Missouri,Clinton County
Len Blythe,1951,Flanker,3,2,1,0,0,0,Swansea,United Kingdom,Wales,West Glamorgan
Alun Thomas,1952,Centre,13,11,2,0,1,6,Cwmavon,United Kingdom,Wales,Neath Port Talbot
Billy Williams,1952,Scrum-half,3,2,1,0,0,0,Talywain,United Kingdom,Wales,Torfaen
Horace Phillips,1952,Wing,1,1,0,0,0,0,Swansea,United Kingdom,Wales,West Glamorgan
Geoff Beckingham,1953,Hooker,3,1,2,0,0,0,Barry,United Kingdom,CF62,Wales
Roy Burnett,1953,Fly-half,1,0,1,0,0,0,Abercarn,United Kingdom,Wales,Monmouthshire
Terry Davies,1953,Fullback,23,11,11,1,0,55,Llwynhendy,United Kingdom,Wales,Carmarthenshire
Gareth Griffiths,1953,Wing,15,10,5,0,5,15,Penygraig,United Kingdom,SA48 8EZ,Wales
Dill Johnson,1953,Flanker,1,0,1,0,0,0,Pontarddulais,United Kingdom,Wales,Swansea
Sid Judd,1953,Flanker,10,7,3,0,1,3,Cardiff,United Kingdom,Wales,Cardiff
Courtenay Meredith,1953,Prop,18,11,7,0,1,3,Pontypridd,United Kingdom,CF37; CF38,Wales
Russell Robins,1953,No. 8,17,12,5,0,1,3,Pontypridd,United Kingdom,CF37; CF38,Wales
Trevor Lloyd,1953,Scrum-half,2,2,0,0,0,0,Taibach,United Kingdom,Wales,Neath Port Talbot
Gwyn Rowlands,1953,Wing,4,3,1,0,1,13,Berkhamsted,United Kingdom,England,East of England
Glyn John,1954,Centre,2,1,1,0,0,0,Neath,United Kingdom,Wales,West Glamorgan
Viv Evans,1954,Fullback,3,3,0,0,0,25,Skewen,United Kingdom,Wales,Neath Port Talbot
Leighton Jenkins,1954,No. 8,5,4,1,0,0,0,New Tredegar,United Kingdom,NP24,Wales
Bryn Meredith,1954,Hooker,42,22,16,4,4,12,Cwmbran,United Kingdom,NP44,Wales
Brian Sparks,1954,Flanker,7,5,2,0,0,0,Llanharan,United Kingdom,Wales,Rhondda Cynon Taf
Denzil Thomas,1954,Centre,1,1,0,0,0,3,Llandyfriog,United Kingdom,Wales,Ceredigion
Rhys Williams,1954,Lock,33,19,13,1,1,3,Cwmllynfell,United Kingdom,Wales,Neath Port Talbot
Len Davies,1954,Flanker,3,3,0,0,0,0,Bynea,United Kingdom,Wales,Carmarthenshire
Ray Williams,1954,Wing,3,3,0,0,1,3,Felinfoel,United Kingdom,Wales,Carmarthenshire
Glyn Davies,1955,Flanker,1,1,0,0,0,0,Cefn Fforest,United Kingdom,NP12,Wales
Arthur Edwards,1955,Fullback,2,1,1,0,0,3,Bynea,United Kingdom,Wales,Carmarthenshire
Gordon Wells,1955,Centre,7,5,1,1,1,3,Rhondda,United Kingdom,Wales,Rhondda Cynon Taf
Garfield Owen,1955,Fullback,6,5,1,0,0,26,Llanharan,United Kingdom,Wales,Rhondda Cynon Taf
Derek Williams,1955,Flanker,2,2,0,0,1,3,Cardiff,United Kingdom,Wales,Cardiff
Onllwyn Brace,1956,Scrum-half,9,6,3,0,1,3,Pontarddulais,United Kingdom,Wales,Swansea
Cowboy Davies,1956,Wing,3,2,1,0,2,6,Bancyfelin,United Kingdom,Wales,Carmarthenshire
Harry Morgan,1956,Centre,4,3,1,0,1,3,Pontypool,United Kingdom,NP4,Wales
Ray Prosser,1956,Prop,23,13,9,1,1,3,Pontypool,United Kingdom,NP4,Wales
Rex Richards,1956,Prop,1,1,0,0,0,0,Newport,United Kingdom,NP,Wales
Geoff Whitson,1956,Flanker,3,3,0,0,0,0,Newport,United Kingdom,NP,Wales
Geoff Howells,1957,Wing,4,2,2,0,1,3,Loughor,United Kingdom,Wales,Swansea
Keith Maddocks,1957,Wing,1,0,1,0,0,0,Resolven,United Kingdom,Wales,Neath Port Talbot
Rory O'Connor,1957,Flanker,1,0,1,0,0,0,Neath,United Kingdom,Wales,West Glamorgan
Robin Davies,1957,Flanker,6,3,2,1,1,3,Battersea,United Kingdom,England,Greater London
Lloyd Williams,1957,Scrum-half,13,6,5,2,0,0,Taff's Well,United Kingdom,Wales,Rhondda Cynon Taf
Cyril Davies,1957,Centre,7,5,1,1,0,0,Ammanford,United Kingdom,Wales,Carmarthenshire
John Faull,1957,No. 8,16,9,6,1,1,8,Morriston,United Kingdom,Wales,Swansea
Henry Morgan,1957,Prop,2,2,0,0,0,0,Carmarthen,United Kingdom,Wales,Carmarthenshire
Graham Powell,1957,Centre,2,2,0,0,0,0,Ebbw Vale,United Kingdom,NP23,Wales
John Collins,1958,Wing,10,4,5,1,3,9,Aberavon,United Kingdom,Wales,Neath Port Talbot
Don Devereux,1958,Prop,3,2,0,1,0,0,Neath,United Kingdom,Wales,West Glamorgan
Wynne Evans,1958,Scrum-half,1,1,0,0,0,0,Llandybie,United Kingdom,Wales,Carmarthenshire
Roddy Evans,1958,Lock,17,6,8,3,0,0,Porthcawl,United Kingdom,CF36,Wales
Carwyn James,1958,Centre,2,1,1,0,0,3,Cefneithin,United Kingdom,Wales,Carmarthenshire
Haydn Morgan,1958,Flanker,31,14,14,3,3,9,Oakdale,United States of America,Minnesota,Washington County
John Evans,1958,Prop,2,1,1,0,0,0,Mountain Ash,United Kingdom,CF45,Wales
Howard Nicholls,1958,Wing,1,1,0,0,0,0,Maesteg,United Kingdom,Wales,Bridgend
Alun Priday,1958,Fullback,2,2,0,0,0,0,Cardiff,United Kingdom,Wales,Cardiff
Cyril Roberts,1958,Wing,2,1,1,0,1,3,Neath,United Kingdom,Wales,West Glamorgan
Cliff Ashton,1959,Fly-half,7,4,2,1,1,3,Cwmavon,United Kingdom,Wales,Neath Port Talbot
Dewi Bebb,1959,Wing,42,15,23,4,12,36,Bangor,United States of America,Maine,Penobscot County
Haydn Davies,1959,Centre,2,1,1,0,0,0,Cowbridge,United Kingdom,Wales,Vale of Glamorgan
Ian Ford,1959,Lock,2,1,1,0,0,0,Cardiff,United Kingdom,Wales,Cardiff
John Leleu,1959,Flanker,4,1,3,0,0,0,Bristol,United Kingdom,England,South West England
Derrick Main,1959,Prop,4,2,2,0,0,0,Abbassia,تونس,3070,صفاقس
Malcolm Price,1959,Centre,14,6,7,1,6,18,Pontypool,United Kingdom,NP4,Wales
Danny Harris,1959,Lock,8,4,4,0,0,0,Penygraig,United Kingdom,SA48 8EZ,Wales
Glyn Davidge,1959,Flanker,9,5,4,0,0,0,Newport,United Kingdom,NP,Wales
Jack Hurrell,1959,Centre,1,0,1,0,0,0,Cwmcarn,United Kingdom,Wales,Monmouthshire
Billy Watkins,1959,Scrum-half,1,0,1,0,0,0,Newbridge,Republic of Ireland,Leinster,County Kildare
Brian Cresswell,1960,Flanker,4,2,2,0,2,6,Newport,United Kingdom,NP,Wales
Len Cunningham,1960,Prop,14,5,5,4,0,0,Port Talbot,United Kingdom,Wales,Neath Port Talbot
Colin Evans,1960,Scrum-half,1,0,1,0,0,0,Blaenavon,United Kingdom,NP4,Wales
Gareth Payne,1960,Lock,3,2,1,0,0,0,Trelewis,United Kingdom,Wales,Merthyr Tydfil
Geoff Windsor-Lewis,1960,Centre,2,1,1,0,0,0,Cambridge,United Kingdom,England,East of England
Fenton Coles,1960,Wing,3,2,1,0,0,0,Blaenavon,United Kingdom,NP4,Wales
Norman Morgan,1960,Fullback,3,2,1,0,0,14,Pontypool,United Kingdom,NP4,Wales
Norman Gale,1960,Hooker,25,12,10,3,1,6,Gorseinon,United Kingdom,Wales,West Glamorgan
Brian Jones,1960,Centre,2,1,1,0,0,0,Cwmcarn,United Kingdom,Wales,Monmouthshire
Bryan Richards,1960,Fly-half,1,0,1,0,0,0,Neath,United Kingdom,Wales,West Glamorgan
Denis Evans,1960,Wing,1,0,1,0,0,0,Scunthorpe,United Kingdom,England,Yorkshire and the Humber
Kingsley Jones,1960,Prop,14,4,8,2,0,0,Pontypridd,United Kingdom,CF37; CF38,Wales
David Nash,1960,No. 8,6,3,3,0,0,0,Monmouth,United Kingdom,NP25,Wales
Tony O'Connor,1960,Scrum-half,5,2,2,1,0,0,Neath,United Kingdom,Wales,West Glamorgan
Ken Richards,1960,Fly-half,5,2,3,0,1,9,Bridgend,United Kingdom,Wales,Bridgend
Meirion Roberts,1960,Centre,8,3,5,0,0,0,Abergwyngregin,g,n,i
Phil Morgan,1961,Prop,3,1,2,0,0,0,Hereford,United Kingdom,England,West Midlands
Peter Rees,1961,Wing,4,3,1,0,0,0,E Glamorgan,United Kingdom,Wales,West Glamorgan
Gordon Britton,1961,Centre,1,0,1,0,0,0,Risca,United Kingdom,NP11,Wales
Brian Price,1961,Lock,36,16,16,4,0,0,Bargoed,United Kingdom,CF81 8,Wales
Dave Thomas,1961,Centre,1,1,0,0,0,0,Pontrhydyfen,United Kingdom,Wales,Neath Port Talbot
Haydn Mainwaring,1961,Centre,1,0,1,0,0,0,Swansea,United Kingdom,Wales,West Glamorgan
Alun Pask,1961,No. 8,34,12,17,5,2,6,Blackwood,United Kingdom,NP12,Wales
Billy Thomas,1961,Hooker,2,0,2,0,0,0,Bargoed,United Kingdom,CF81 8,Wales
Kel Coslett,1962,Fullback,3,1,1,1,0,3,Bynea,United Kingdom,Wales,Carmarthenshire
Ken Jones,1962,Centre,20,7,9,4,5,15,Cross Hands,United Kingdom,Wales,Carmarthenshire
Robert Morgan,1962,Wing,9,2,5,2,0,0,Pontyberem,United Kingdom,Wales,Carmarthenshire
Alan Rees,1962,Fly-half,3,1,1,1,0,3,Neath,United Kingdom,Wales,West Glamorgan
Des Greenslade,1962,Prop,1,0,1,0,0,0,Cwmcarn,United Kingdom,Wales,Monmouthshire
Keith Rowlands,1962,Lock,8,2,4,2,1,3,Brithdir,United Kingdom,NP24 6XY,Wales
Brian Davies,1962,Centre,3,1,1,1,0,0,Weston-super-Mare,United Kingdom,BS23 1YJ,England
John Davies,1962,Flanker,1,0,0,1,0,0,Neath,United Kingdom,Wales,West Glamorgan
Grahame Hodgson,1962,Fullback,15,5,7,3,0,12,Ogmore Vale,United Kingdom,Wales,Bridgend
John Warlow,1962,Prop,1,0,0,1,0,0,Dafen,United Kingdom,Wales,Carmarthenshire
David Hayward,1963,Flanker,6,2,3,1,1,3,Crumlin,United Kingdom,Northern Ireland,County Antrim
Roger Michaelson,1963,No. 8,1,0,1,0,0,0,Porthcawl,United Kingdom,CF36,Wales
Clive Rowlands,1963,Scrum-half,14,6,6,2,0,3,Upper Cwmtwrch,g,n,i
Brian Thomas,1963,Lock,21,9,9,3,1,3,Pontwalby,United Kingdom,Wales,Neath Port Talbot
David Watkins,1963,Fly-half,27,12,13,2,4,27,Blaina,United Kingdom,Wales,Blaenau Gwent
Denzil Williams,1963,Prop,41,21,15,5,1,3,Trefil,United Kingdom,Wales,Blaenau Gwent
Ron Evans,1963,Centre,3,1,2,0,0,0,Bridgend,United Kingdom,Wales,Bridgend
Graham Jones,1963,Flanker,3,1,2,0,1,3,Garndiffaith,United Kingdom,Wales,Torfaen
Bill Morris,1963,Wing,2,1,1,0,0,0,Borth,United Kingdom,Wales,Ceredigion
Howard Norris,1963,Prop,5,1,4,0,0,0,Porth,United Kingdom,CF39,Wales
Alan Thomas,1963,Flanker,2,0,1,1,0,0,Beckenham,United Kingdom,England,Greater London
Dick Uzzell,1963,Centre,5,3,2,0,0,0,Bargoed,United Kingdom,CF81 8,Wales
Keith Bradshaw,1964,Centre,9,5,2,2,1,36,Cefn Cribbwr,g,n,i
John Mantle,1964,No. 8,2,0,1,1,0,0,Cardiff,United Kingdom,Wales,Cardiff
David Weaver,1964,Wing,1,0,0,1,0,0,Glynneath,United Kingdom,CF37 1SY,Wales
Gareth Prothero,1964,Flanker,11,8,2,1,1,3,Beddau,United Kingdom,Wales,Rhondda Cynon Taf
Stuart Watkins,1964,Wing,29,16,10,3,9,27,Newport,United Kingdom,NP,Wales
John Dawes,1964,Centre,26,15,8,3,4,12,Chapel of Ease,United Kingdom,England,South East
Terry Price,1965,Fullback,8,4,4,0,0,45,Hendy,United Kingdom,Wales,Gwynedd
Ron Waldron,1965,Prop,4,3,1,0,0,0,Neath Abbey,United Kingdom,Wales,Neath Port Talbot
Bill Morris,1965,Lock,2,2,0,0,0,0,Melbourne,Australia,3000,Victoria
Lyn Davies,1966,Wing,3,2,1,0,0,0,Blaengarw,United Kingdom,Wales,Bridgend
Allan Lewis,1966,Scrum-half,9,3,6,0,0,0,Pontypool,United Kingdom,NP4,Wales
John Lloyd,1966,Prop,24,14,9,1,0,0,Pontycymmer,g,n,i
Ken Braddock,1966,Flanker,3,0,3,0,0,0,Treowen,United Kingdom,Wales,Monmouthshire
Gerald Davies,1966,Wing,51,31,16,4,23,81,Llansaint,United Kingdom,Wales,Carmarthenshire
Barry John,1966,Fly-half,30,16,10,4,6,120,Cefneithin,United Kingdom,Wales,Carmarthenshire
Delme Thomas,1966,Lock,32,16,14,2,0,0,Bancyfelin,United Kingdom,Wales,Carmarthenshire
Billy Hullin,1967,Scrum-half,1,0,1,0,0,0,Loughor,United Kingdom,Wales,Swansea
Billy Mainwaring,1967,Lock,6,1,4,1,0,0,Port Talbot,United Kingdom,Wales,Neath Port Talbot
John O'Shea,1967,Prop,6,1,5,0,0,0,Weston-super-Mare,United Kingdom,BS23 1YJ,England
Billy Raybould,1967,Centre,11,3,7,1,0,3,Cardiff,United Kingdom,Wales,Cardiff
Brian Rees,1967,Hooker,3,0,3,0,0,0,Neath,United Kingdom,Wales,West Glamorgan
John Taylor,1967,Flanker,30,17,11,2,4,25,Watford,United Kingdom,England,East of England
Gareth Edwards,1967,Scrum-half,63,40,15,8,20,91,Glanaman,United Kingdom,Wales,Rhondda Cynon Taf
Ron Jones,1967,No. 8,5,2,3,0,0,0,Neath,United Kingdom,Wales,West Glamorgan
Dai Morris,1967,Flanker,34,20,9,5,6,19,Rhigos,United Kingdom,Wales,Rhondda Cynon Taf
Keith Jarrett,1967,Centre,10,6,2,2,2,73,Newport,United Kingdom,NP,Wales
Ian Hall,1967,Centre,8,4,1,3,0,0,Gilfach Goch,United Kingdom,Wales,Bridgend
Dennis Hughes,1967,Flanker,6,2,3,1,0,0,Argoed,United Kingdom,Wales,Monmouthshire
John Jeffrey,1967,No. 8,1,0,1,0,0,0,Oakdale,United States of America,Minnesota,Washington County
Keri Jones,1967,Wing,5,1,3,1,2,6,Neath,United Kingdom,Wales,West Glamorgan
Paul Wheeler,1967,Fullback,2,0,1,1,0,0,Newport,United Kingdom,NP,Wales
Max Wiltshire,1967,Lock,4,1,2,1,0,0,Milsom Pt,United Kingdom,BA1,England
Tony Gray,1968,Flanker,2,1,0,1,0,0,Stoke-on-Trent,United Kingdom,England,West Midlands
Boyo James,1968,Prop,1,0,0,1,0,0,Blaengarw,United Kingdom,Wales,Bridgend
Bobby Wanbon,1968,No. 8,1,0,0,1,1,3,Port Talbot,United Kingdom,Wales,Neath Port Talbot
Doug Rees,1968,Fullback,3,1,2,0,0,9,Swansea,United Kingdom,Wales,West Glamorgan
Jeff Young,1968,Hooker,24,15,8,1,0,0,Blaengarw,United Kingdom,Wales,Bridgend
Ian Jones,1968,Lock,1,0,1,0,0,0,Vryburg,South Africa,North West,Dr Ruth Segomotsi Mompati District Municipality
Maurice Richards,1968,Wing,12,4,7,1,7,21,Ystrad,United Kingdom,Wales,Rhondda Cynon Taf
Mervyn Davies,1969,No. 8,46,31,9,6,2,7,Swansea,United Kingdom,Wales,West Glamorgan
JPR Williams,1969,Fullback,63,42,15,6,6,39,Cardiff,United Kingdom,Wales,Cardiff
Phil Bennett,1969,Fly-half,37,23,9,5,5,210,Felinfoel,United Kingdom,Wales,Carmarthenshire
Geoff Evans,1970,Lock,7,5,1,1,0,0,Llanelly,Australia,Victoria,Loddon Mallee
Barry Llewelyn,1970,Prop,13,10,2,1,1,3,Lancs,United Kingdom,S6 3TB,England
Vic Perrins,1970,Hooker,2,1,0,1,0,0,Newport,United Kingdom,NP,Wales
Laurie Daniel,1970,Wing,1,1,0,0,1,5,Pontypool,United Kingdom,NP4,Wales
Ray Hopkins,1970,Scrum-half,2,2,0,0,1,3,Maesteg,United Kingdom,Wales,Bridgend
Keith Hughes,1970,Centre,3,2,1,0,0,0,Glanamman,United Kingdom,Wales,Carmarthenshire
Stuart Gallacher,1970,Lock,1,1,0,0,0,0,Llanelly,Australia,Victoria,Loddon Mallee
Arthur Lewis,1970,Centre,11,9,2,0,1,4,Crumlin,United Kingdom,Northern Ireland,County Antrim
Roy Mathias,1970,Wing,1,1,0,0,0,0,Llanelly,Australia,Victoria,Loddon Mallee
Jim Shanklin,1970,Wing,4,2,2,0,1,4,Tenby,United Kingdom,Wales,Pembrokeshire
John Bevan,1971,Wing,11,9,2,0,5,19,Tylorstown,United Kingdom,Wales,Rhondda Cynon Taf
Mike Roberts,1971,Lock,8,6,2,0,1,4,St Asaph,United Kingdom,Wales,Denbighshire
Roy Bergiers,1972,Centre,11,7,4,0,2,8,Carmarthen,United Kingdom,Wales,Carmarthenshire
Derek Quinnell,1971,No. 8,28,17,10,1,1,4,Llanelly,Australia,Victoria,Loddon Mallee
Glyn Shaw,1972,Prop,12,5,5,2,0,0,Rhigos,United Kingdom,Wales,Rhondda Cynon Taf
Phil Llewellyn,1973,Prop,5,3,2,0,0,0,Swansea,United Kingdom,Wales,West Glamorgan
Tommy David,1973,Flanker,4,3,1,0,0,0,Pontypridd,United Kingdom,CF37; CF38,Wales
John Williams,1973,Wing,37,24,10,3,17,68,Nantyffyllon,United Kingdom,Wales,Bridgend
Allan Martin,1973,Lock,35,23,11,1,1,25,Port Talbot,United Kingdom,Wales,Neath Port Talbot
Bobby Windsor,1973,Hooker,33,22,8,3,1,4,Newport,United Kingdom,NP,Wales
Clive Shell,1973,Scrum-half,1,1,0,0,0,0,Pyle,France,27370,France métropolitaine
Terry Cobner,1974,Flanker,22,14,6,2,2,8,Blaenavon,United Kingdom,NP4,Wales
Alex Finlayson,1974,Centre,3,0,1,2,0,0,Cardiff,United Kingdom,Wales,Cardiff
Clive Rees,1974,Wing,13,5,6,2,0,0,1951,Algérie الجزائر,Sétif - سطيف‎,Daïra Bouandas
Geoff Wheel,1974,Lock,32,22,9,1,0,0,Swansea,United Kingdom,Wales,West Glamorgan
Walter Williams,1974,Prop,2,0,0,2,0,0,Neath,United Kingdom,Wales,West Glamorgan
Ian Robinson,1974,Lock,2,0,1,1,0,0,Cardiff,United Kingdom,Wales,Cardiff
Roger Blyth,1974,Fullback,6,2,4,0,1,6,Swansea,United Kingdom,Wales,West Glamorgan
John Bevan,1975,Fly-half,4,3,1,0,0,3,Neath,United Kingdom,Wales,West Glamorgan
Trefor Evans,1975,Flanker,11,9,2,0,2,8,Lancs,United Kingdom,S6 3TB,England
Charlie Faulkner,1975,Prop,19,14,5,0,1,4,Newport,United Kingdom,NP,Wales
Steve Fenwick,1975,Centre,34,21,13,0,4,152,Caerphilly,United Kingdom,CF83,Wales
Ray Gravell,1975,Centre,27,17,10,0,2,8,Kidwelly,United Kingdom,Wales,Carmarthenshire
Graham Price,1975,Prop,53,27,25,1,3,12,Moascar,المغرب Maroc ⵍⵎⴰⵖⵔⵉⴱ,10000,Rabat-Salé-Kénitra الرباط سلا القنيطرة
Mike Knill,1976,Prop,1,1,0,0,0,0,Monkton,Canada,New Brunswick,Westmorland County
David Burcher,1977,Centre,5,3,2,0,0,0,Newport,United Kingdom,NP,Wales
Clive Burgess,1977,Flanker,9,5,4,0,1,4,Manmoel,United Kingdom,Wales,Blaenau Gwent
Jeff Squire,1977,Flanker,35,17,17,1,3,12,Pontywaun,g,n,i
Gareth Evans,1977,Wing,6,2,4,0,0,0,Newport,United Kingdom,NP,Wales
Clive Williams,1977,Prop,12,5,6,1,1,4,Porthcawl,United Kingdom,CF36,Wales
Gareth Davies,1978,Fly-half,22,9,13,0,0,46,Carmarthen,United Kingdom,Wales,Carmarthenshire
Brynmor Williams,1977,Scrum-half,6,2,4,0,1,4,Cardigan,United Kingdom,Wales,Ceredigion
Stuart Lane,1978,Flanker,5,2,3,0,0,0,Tredegar,United Kingdom,Wales,Monmouthshire
Clive Davis,1978,Lock,3,1,2,0,1,4,Tredegar,United Kingdom,Wales,Monmouthshire
Alun Donovan,1978,Centre,5,2,3,0,0,0,Abercrave,United Kingdom,SA9 1XS,Wales
Terry Holmes,1978,Scrum-half,26,13,12,1,9,36,Cardiff,United Kingdom,Wales,Cardiff
John Richardson,1978,Prop,2,1,1,0,0,0,Blaencwm,United Kingdom,Wales,Rhondda Cynon Taf
Paul Ringer,1978,Flanker,8,4,4,0,2,8,Leeds,United Kingdom,England,Yorkshire and the Humber
Elgan Rees,1977,Wing,14,7,6,1,6,24,Clydach,United Kingdom,Wales,Monmouthshire
Barry Clegg,1979,Lock,1,0,1,0,0,0,Cymmer,United Kingdom,Wales,Rhondda Cynon Taf
David Richards,1979,Centre,18,8,9,1,4,16,Cwmgwrach,United Kingdom,Wales,Neath Port Talbot
Allan Phillips,1979,Hooker,18,10,8,0,1,4,Kenfig Hill,United Kingdom,Wales,Bridgend
Clive Griffiths,1979,Fullback,1,1,0,0,0,0,Loughor,United Kingdom,Wales,Swansea
Eddie Butler,1980,No. 8,16,6,9,1,2,8,Newport,United Kingdom,NP,Wales
Les Keen,1980,Wing,4,2,2,0,1,4,Port Talbot,United Kingdom,Wales,Neath Port Talbot
Peter Morgan,1980,Centre,4,2,2,0,0,0,Broadhaven,United Kingdom,CF11 8AZ,Wales
Rob Ackerman,1980,Centre,24,10,14,0,1,4,Ebbw Vale,United Kingdom,NP23,Wales
Gareth Williams,1980,No. 8,5,2,3,0,0,0,Bedlinog,United Kingdom,Wales,Merthyr Tydfil
Rhodri Lewis,1981,Flanker,7,3,4,0,1,4,Maesteg,United Kingdom,Wales,Bridgend
David Nicholas,1981,Wing,4,2,2,0,0,0,Llanelly,Australia,Victoria,Loddon Mallee
Ian Stephens,1981,Prop,14,6,8,0,0,0,Tongwynlais,United Kingdom,Wales,Cardiff
Gwyn Evans,1981,Fullback,12,3,9,0,0,77,Maesteg,United Kingdom,Wales,Bridgend
Gary Pearce,1981,Fly-half,3,1,2,0,0,6,Laugharne,United Kingdom,Wales,Carmarthenshire
Gerald Williams,1981,Scrum-half,4,1,3,0,0,0,Swansea,United Kingdom,Wales,West Glamorgan
Pat Daniels,1981,Centre,2,1,1,0,0,0,Cardiff,United Kingdom,Wales,Cardiff
Mark Davies,1981,Flanker,3,2,1,0,0,0,Maesteg,United Kingdom,Wales,Bridgend
Dick Moriarty,1981,Lock,22,13,8,1,2,8,Gorseinon,United Kingdom,Wales,West Glamorgan
Steve Sutton,1982,Lock,9,4,5,0,0,0,Abertillery,United Kingdom,NP13 1,Wales
Bob Norster,1982,Lock,37,20,16,1,2,8,Ebbw Vale,United Kingdom,NP23,Wales
Malcolm Dacey,1983,Fly-half,15,8,6,1,0,36,Swansea,United Kingdom,Wales,West Glamorgan
Billy James,1983,Hooker,21,11,9,1,1,4,Port Talbot,United Kingdom,Wales,Neath Port Talbot
Dai Pickering,1983,Flanker,23,11,11,1,3,12,Briton Ferry,United Kingdom,SA11,Wales
Mark Ring,1983,Centre,32,11,19,2,1,34,Cardiff,United Kingdom,Wales,Cardiff
Mark Wyatt,1983,Fullback,10,4,5,1,1,81,Crickhowell,United Kingdom,Wales,Powys
Ian Eidman,1983,Prop,13,7,6,0,0,0,Cardiff,United Kingdom,Wales,Cardiff
Staff Jones,1983,Prop,13,4,9,0,1,4,Ynysybwl,United Kingdom,Wales,Rhondda Cynon Taf
John Perkins,1983,Lock,18,9,9,0,0,0,Blaenavon,United Kingdom,NP4,Wales
Richard Donovan,1983,,1,0,1,0,0,0,Llanharan,United Kingdom,Wales,Rhondda Cynon Taf
Bleddyn Bowen,1983,Centre,24,15,9,0,5,37,Trebanos,United Kingdom,Wales,Neath Port Talbot
Mark Brown,1983,Flanker,6,4,2,0,0,0,Newport,United Kingdom,NP,Wales
Ray Giles,1983,Scrum-half,3,2,1,0,0,0,Kenfig Hill,United Kingdom,Wales,Bridgend
Adrian Hadley,1983,"Centre, Wing",27,17,10,0,9,36,Cardiff,United Kingdom,Wales,Cardiff
Terry Shaw,1983,Lock,1,0,1,0,0,0,Ystrad Mynach,United Kingdom,CF82 7BP,Wales
Mark Titley,1983,Wing,15,7,8,0,4,16,Swansea,United Kingdom,Wales,West Glamorgan
Howell Davies,1984,Fullback,4,2,2,0,1,39,Pyle,France,27370,France métropolitaine
Mark Douglas,1984,Scrum-half,3,1,2,0,0,0,Aberystwyth,United Kingdom,Wales,Ceredigion
Rhys Morgan,1984,Prop,1,0,1,0,0,0,Southerndown,United Kingdom,Wales,Vale of Glamorgan
Mike Watkins,1984,Hooker,4,2,2,0,0,0,Abercarn,United Kingdom,Wales,Monmouthshire
David Bishop,1984,Scrum-half,1,0,1,0,1,4,Cardiff,United Kingdom,Wales,Cardiff
Alun Davies,1984,Flanker,1,0,1,0,0,0,Carmarthen,United Kingdom,Wales,Carmarthenshire
Phil Lewis,1984,Wing,8,4,4,0,2,8,Swansea,United Kingdom,Wales,West Glamorgan
Jeff Whitefoot,1984,Prop,19,11,8,0,0,0,Bedwas,United Kingdom,Wales,Caerphilly
Martyn Morris,1985,Flanker,11,3,7,1,0,0,Neath,United Kingdom,Wales,West Glamorgan
Stuart Evans,1985,Prop,9,7,2,0,1,4,Neath,United Kingdom,Wales,West Glamorgan
Paul Thorburn,1985,Fullback,37,16,20,1,2,304,Rheindalen,g,n,i
Gareth Roberts,1985,No. 8,7,6,1,0,3,12,Pontlliw,United Kingdom,Wales,Swansea
Jonathan Davies,1985,Fly-half,32,19,13,0,5,81,Trimsaran,United Kingdom,Wales,Carmarthenshire
Phil Davies,1985,Lock,46,22,23,1,5,21,Seven Sisters,United Kingdom,N15 4NE,England
Kevin Hopkins,1985,Centre,7,5,2,0,0,0,Cwmllynfell,United Kingdom,Wales,Neath Port Talbot
John Devereux,1986,"Centre, Wing",21,10,11,0,5,20,Pontycymmer,g,n,i
Robert Jones,1986,Scrum-half,57,24,33,0,4,19,Trebanos,United Kingdom,Wales,Neath Port Talbot
David Waters,1986,Lock,4,2,2,0,0,0,Newport,United Kingdom,NP,Wales
Paul Moriarty,1986,Flanker,21,14,7,0,4,16,Morriston,United Kingdom,Wales,Swansea
Huw Richards,1986,Lock,4,3,1,0,0,0,Carmarthen,United Kingdom,Wales,Carmarthenshire
Glen Webbe,1986,Wing,10,5,5,0,4,16,Cardiff,United Kingdom,Wales,Cardiff
Ieuan Evans,1987,Wing,79,34,44,1,34,161,Capel Dewi,United Kingdom,Wales,Carmarthenshire
Kevin Phillips,1987,Hooker,20,6,13,1,0,0,Whitland,United Kingdom,Wales,Carmarthenshire
Richie Collins,1987,Flanker,28,12,16,0,2,9,Cardiff,United Kingdom,Wales,Cardiff
Peter Francis,1987,Prop,1,0,1,0,0,0,Cowbridge,United Kingdom,Wales,Vale of Glamorgan
Mark Jones,1987,Back-row,15,4,11,0,2,8,Tredegar,United Kingdom,Wales,Monmouthshire
Steven Blackmore,1987,Prop,4,3,1,0,0,0,Cardiff,United Kingdom,Wales,Cardiff
Anthony Buchanan,1987,Prop,5,4,1,0,0,0,Ystradgynlais,United Kingdom,Wales,Powys
Dai Young,1987,Prop,54,28,25,1,1,4,Aberdare,United Kingdom,Wales,Mid Glamorgan
Richard Webster,1987,Flanker,13,5,8,0,1,4,Swansea,United Kingdom,Wales,West Glamorgan
Rowland Phillips,1987,Back-row,10,5,5,0,0,0,St David's,United Kingdom,Wales,Pembrokeshire
Jeremy Pugh,1987,Prop,3,2,1,0,0,0,Builth Wells,United Kingdom,LD2,Wales
Stuart Russell,1987,Lock,1,1,0,0,0,0,1963,Österreich,8362,Steiermark
Tony Clement,1987,Fullback,37,16,21,0,3,16,Morriston,United Kingdom,Wales,Swansea
Phil May,1988,Lock,7,3,4,0,0,0,Carmarthen,United Kingdom,Wales,Carmarthenshire
Ian Watkins,1988,Hooker,10,4,6,0,1,4,Ebbw Vale,United Kingdom,NP23,Wales
David Bryant,1988,Flanker,8,2,6,0,0,0,Bridgend,United Kingdom,Wales,Bridgend
Tim Fauvel,1988,No. 8,1,0,1,0,0,0,Bridgend,United Kingdom,Wales,Bridgend
Mike Hall,1988,Centre,43,16,27,0,7,33,Bridgend,United Kingdom,Wales,Bridgend
Nigel Davies,1988,Centre,29,13,16,0,5,23,Llanelly,Australia,Victoria,Loddon Mallee
Jonathan Griffiths,1988,Scrum-half,2,0,2,0,0,0,Carmarthen,United Kingdom,Wales,Carmarthenshire
Gary Jones,1988,Flanker,5,1,4,0,0,0,Porth,United Kingdom,CF39,Wales
Kevin Moseley,1988,Lock,9,1,8,0,0,0,Caerphilly,United Kingdom,CF83,Wales
Jonathan Mason,1988,Fullback,1,0,1,0,0,0,Aberdare,United Kingdom,Wales,Mid Glamorgan
Carwyn Davies,1988,Wing,4,1,3,0,1,4,Llandovery,United Kingdom,Wales,Carmarthenshire
Mike Griffiths,1988,Prop,35,12,22,1,0,0,Tonypandy,United Kingdom,Wales,Rhondda Cynon Taf
Wayne Hall,1988,Hooker,1,1,0,0,0,0,Pencoed,United Kingdom,CF35,Wales
John Wakeford,1988,Lock,2,1,1,0,1,4,Cardiff,United Kingdom,Wales,Cardiff
Richard Wintle,1988,"Wing, Centre",1,1,0,0,0,0,Kenfig Hill,United Kingdom,Wales,Bridgend
Richard Diplock,1988,Wing,1,0,1,0,0,0,Ebbw Vale,United Kingdom,NP23,Wales
Hugh Williams-Jones,1989,Prop,17,7,10,0,0,0,Bryncethin,United Kingdom,Wales,Bridgend
Laurance Delaney,1989,Prop,11,3,8,0,0,0,Llanelly,Australia,Victoria,Loddon Mallee
Paul Turner,1989,Fly-half,3,1,2,0,0,0,Newport,United Kingdom,NP,Wales
David Evans,1989,Fly-half,12,2,10,0,0,6,Wootton Bassett,United Kingdom,SN4,England
Arthur Jones,1989,Wing,13,4,9,0,4,16,Bangor,United States of America,Maine,Penobscot County
Gareth Llewellyn,1989,Lock,92,38,54,0,5,24,Cardiff,United Kingdom,Wales,Cardiff
Phil Pugh,1989,Flanker,1,0,1,0,0,0,Seven Sisters,United Kingdom,N15 4NE,England
Andy Allen,1990,Lock,3,0,3,0,0,0,Newport,United Kingdom,NP,Wales
Allan Bateman,1990,Centre,36,21,15,0,10,50,Maesteg,United Kingdom,Wales,Bridgend
Mark Perego,1990,Flanker,9,6,3,0,0,0,Hants,Canada,Nova Scotia,Hants County
Brian Williams,1990,Prop,5,0,5,0,0,0,Penffordd,United Kingdom,Wales,Ceredigion
Steve Ford,1990,Wing,8,2,5,1,2,8,Cardiff,United Kingdom,Wales,Cardiff
Alan Edmunds,1990,Wing,2,0,2,0,0,0,Neath,United Kingdom,Wales,West Glamorgan
Paul Arnold,1990,"No. 8, Lock",16,7,8,1,2,8,Morriston,United Kingdom,Wales,Swansea
Chris Bridges,1990,Scrum-half,7,2,4,1,1,4,Beddau,United Kingdom,Wales,Rhondda Cynon Taf
Paul Knight,1990,Prop,5,2,3,0,0,0,Tonypandy,United Kingdom,Wales,Rhondda Cynon Taf
Glyn Llewellyn,1990,Lock,9,2,6,1,0,0,Bradford-on-Avon,United Kingdom,BA15 1,England
Alan Reynolds,1990,Flanker,3,2,1,0,0,0,Carmarthen,United Kingdom,Wales,Carmarthenshire
Stuart Parfitt,1990,Centre,2,1,1,0,0,0,Usk,United Kingdom,Wales,Monmouthshire
Owain Williams,1990,Flanker,1,1,0,0,1,4,Ogmore-by-Sea,United Kingdom,Wales,Vale of Glamorgan
Aled Williams,1990,Fly-half,2,2,0,0,0,0,Cardigan,United Kingdom,Wales,Ceredigion
Adrian Davies,1990,Fly-half,9,5,4,0,0,22,Bridgend,United Kingdom,Wales,Bridgend
Alun Carter,1991,Flanker,2,0,2,0,0,0,Newport,United Kingdom,NP,Wales
Glenn George,1991,Flanker,2,0,2,0,0,0,Newport,United Kingdom,NP,Wales
Scott Gibbs,1991,Centre,58,27,29,2,11,55,Bridgend,United Kingdom,Wales,Bridgend
Neil Jenkins,1991,Fly-half,91,46,43,2,11,1090,Church Village,United Kingdom,Wales,Rhondda Cynon Taf
John Davies,1991,Prop,34,16,17,1,1,5,Carmarthen,United Kingdom,Wales,Carmarthenshire
Emyr Lewis,1991,No. 8,41,19,21,1,3,15,Carmarthen,United Kingdom,Wales,Carmarthenshire
Mark Davis,1991,Prop,1,0,1,0,0,0,Newport,United Kingdom,NP,Wales
Garin Jenkins,1991,Hooker,58,34,24,0,2,10,Ynysybwl,United Kingdom,Wales,Rhondda Cynon Taf
Luc Evans,1991,Fly-half,1,0,1,0,0,0,Treherbert,United Kingdom,CF42 5BG,Wales
Ken Waters,1991,Hooker,1,0,1,0,0,0,Cwmbran,United Kingdom,NP44,Wales
Mike Rayer,1991,Fullback,21,13,8,0,4,23,Cardiff,United Kingdom,Wales,Cardiff
Tony Copsey,1992,Lock,16,8,8,0,0,0,Essex,United Kingdom,England,East of England
Stuart Davies,1992,No. 8,17,9,8,0,2,9,Swansea,United Kingdom,Wales,West Glamorgan
Colin Stephens,1992,Fly-half,4,1,3,0,0,9,Morriston,United Kingdom,Wales,Swansea
Roger Bidgood,1992,Centre,5,5,0,0,1,5,Caerphilly,United Kingdom,CF83,Wales
Wayne Proctor,1992,Wing,39,20,19,0,11,55,Bridgend,United Kingdom,Wales,Bridgend
Ricky Evans,1993,Prop,19,10,9,0,0,0,Cardigan,United Kingdom,Wales,Ceredigion
Nigel Meek,1993,Hooker,3,1,2,0,0,0,Blaina,United Kingdom,Wales,Blaenau Gwent
Nigel Walker,1993,Wing,17,10,7,0,12,60,Cardiff,United Kingdom,Wales,Cardiff
Andrew Lamerton,1993,Hooker,5,4,1,0,0,0,Pontypridd,United Kingdom,CF37; CF38,Wales
Rupert Moon,1993,Scrum-half,24,16,7,1,3,15,Birmingham,United Kingdom,England,West Midlands
Simon Hill,1993,Wing,12,6,6,0,2,10,Barry,United Kingdom,CF62,Wales
Lyn Jones,1993,Flanker,5,4,1,0,0,0,Cwmasfan,g,n,i
Neil Boobyer,1993,Centre,7,6,1,0,0,0,Bridgend,United Kingdom,Wales,Bridgend
Scott Quinnell,1993,No. 8,55,31,23,1,12,60,Llanelli,United Kingdom,Wales,Carmarthenshire
Hemi Taylor,1994,Flanker,24,11,13,0,5,25,Morrinsville,New Zealand/Aotearoa,Waikato,Matamata Piako District
Robin McBryde,1994,Hooker,37,17,19,1,1,5,Bangor,United States of America,Maine,Penobscot County
Ian Buckett,1994,Prop,3,3,0,0,0,0,Holywell,United Kingdom,Wales,Flintshire
Paul John,1994,Scrum-half,10,9,1,0,1,5,Pontypridd,United Kingdom,CF37; CF38,Wales
Gwilym Wilkins,1994,Wing,1,1,0,0,0,0,Parramatta,Australia,2150,New South Wales
Steve Williams,1994,"No. 8, Lock",28,12,16,0,2,10,Neath,United Kingdom,Wales,West Glamorgan
Derwyn Jones,1994,Lock,19,6,13,0,0,0,Carmarthen,United Kingdom,Wales,Carmarthenshire
Mark Taylor,1994,Centre,52,24,27,1,12,60,Blaenavon,United Kingdom,NP4,Wales
Matt Back,1995,Fullback,4,0,4,0,0,0,Pontypridd,United Kingdom,CF37; CF38,Wales
Spencer John,1995,Prop,18,5,12,1,0,0,W Glamorgan,United Kingdom,Wales,West Glamorgan
Andrew Gibbs,1995,Flanker,6,3,3,0,0,0,Pontypool,United Kingdom,NP4,Wales
Andrew Moore,1995,Scrum-half,4,3,1,0,2,10,Cardiff,United Kingdom,Wales,Cardiff
Gareth Thomas,1995,Utility back,103,51,51,1,41,205,Ogwr,United Kingdom,Wales,Bridgend
Stuart Roy,1995,Lock,1,1,0,0,0,0,Cambs,Deutschland,Mecklenburg-Vorpommern,Landkreis Ludwigslust-Parchim
Mark Bennett,1995,Flanker,3,1,2,0,1,5,Neath,United Kingdom,Wales,West Glamorgan
Jonathan Humphreys,1995,Hooker,35,15,20,0,2,10,Bridgend,United Kingdom,Wales,Bridgend
Greg Prosser,1995,Lock,1,0,1,0,0,0,Swansea,United Kingdom,Wales,West Glamorgan
Gareth Jones,1995,"Centre, Wing",1,0,1,0,0,0,Ogwr,United Kingdom,Wales,Bridgend
Christian Loader,1995,Prop,19,9,10,0,0,0,Neath,United Kingdom,Wales,West Glamorgan
Justin Thomas,1995,Fullback,9,5,4,0,1,5,Carmarthen,United Kingdom,Wales,Carmarthenshire
Andy Moore,1995,Lock,26,15,10,1,0,0,Grantham,United Kingdom,England,East Midlands
Lyndon Mustoe,1995,Prop,10,6,4,0,0,0,Caerleon,United Kingdom,Wales,Newport
Craig Quinnell,1995,Lock,32,20,11,1,5,25,Swansea,United Kingdom,Wales,West Glamorgan
Leigh Davies,1996,Centre,21,11,10,0,4,20,Neath,United Kingdom,Wales,West Glamorgan
Gwyn Jones,1996,Flanker,13,8,5,0,1,5,Swansea,United Kingdom,Wales,West Glamorgan
Andrew Lewis,1996,"Prop, Hooker",29,19,10,0,0,0,Swansea,United Kingdom,Wales,West Glamorgan
Arwel Thomas,1996,Fly-half,23,12,11,0,11,211,Carmarthen,United Kingdom,Wales,Carmarthenshire
Matthew Wintle,1996,Centre,1,1,0,0,0,0,M Glamorgan,United Kingdom,TA4 2JT,England
Rob Howley,1996,Scrum-half,61,29,31,1,10,50,Bridgend,United Kingdom,Wales,Bridgend
Mike Voyle,1996,Lock,22,12,10,0,0,0,E Glam,United Kingdom,NP12,Wales
Dafydd James,1996,"Wing, Centre",51,24,26,1,16,80,Mufulira,Zambia,Copperbelt Province,Mufulira
Kingsley Jones,1996,Flanker,10,4,6,0,0,0,Bedwellty,United Kingdom,Wales,Monmouthshire
Martyn Williams,1996,Back-row,104,45,56,3,14,73,Pontypridd,United Kingdom,CF37; CF38,Wales
Barry Williams,1996,Hooker,24,10,14,0,5,25,Carmarthen,United Kingdom,Wales,Carmarthenshire
Colin Charvis,1996,Back-row,96,43,51,2,22,110,Sutton Coldfield,United Kingdom,England,West Midlands
Dale McIntosh,1996,Flanker,2,0,2,0,0,0,Turangi,New Zealand/Aotearoa,Waikato,Taupo District
Mark Rowley,1996,Lock,6,3,3,0,0,0,Pontypridd,United Kingdom,CF37; CF38,Wales
Nathan Thomas,1996,Back-row,9,6,3,0,0,0,Ogwr,United Kingdom,Wales,Bridgend
Kevin Morgan,1997,"Fullback, Wing",48,27,20,1,12,60,Pontypridd,United Kingdom,CF37; CF38,Wales
Chris Anthony,1997,Prop,17,9,8,0,1,5,Neath,United Kingdom,Wales,West Glamorgan
Rob Appleyard,1997,Flanker,9,6,3,0,0,0,Haverfordwest,United Kingdom,Wales,Pembrokeshire
Steve Moore,1997,Lock,3,3,0,0,0,0,Grantham,United Kingdom,England,East Midlands
Lee Jarvis,1997,"Fly-half, Centre",1,1,0,0,0,2,Pontypridd,United Kingdom,CF37; CF38,Wales
Gareth Wyatt,1997,"Fullback, Wing",2,2,0,0,1,5,Cardiff,United Kingdom,Wales,Cardiff
Chris Stephens,1998,Lock,2,1,1,0,0,0,Bridgend,United Kingdom,Wales,Bridgend
Darren Morris,1998,"Prop, Hooker",19,7,11,1,1,5,Aberdare,United Kingdom,Wales,Mid Glamorgan
Richard Rees,1998,Wing,1,1,0,0,2,10,Carmarthen,United Kingdom,Wales,Carmarthenshire
David Weatherley,1998,"Centre, Fullback",1,1,0,0,0,0,Swansea,United Kingdom,Wales,West Glamorgan
John Funnell,1998,Centre,2,1,1,0,0,0,Neath,United Kingdom,Wales,West Glamorgan
Byron Hayward,1998,Fullback,2,1,1,0,3,15,Cardiff,United Kingdom,Wales,Cardiff
Chris Wyatt,1998,Lock,38,18,20,0,2,10,Newport,United Kingdom,NP,Wales
Garan Evans,1998,Fullback,4,1,3,0,1,5,Trimsaran,United Kingdom,Wales,Carmarthenshire
Ian Gough,1998,Lock,64,30,30,4,1,5,Panteg,United Kingdom,Wales,Cardiff
Stephen Jones,1998,Fly-half,110,44,63,3,7,970,Aberystwyth,United Kingdom,Wales,Ceredigion
Geraint Lewis,1998,Back-row,16,13,3,0,0,0,Pontypridd,United Kingdom,CF37; CF38,Wales
David Llewellyn,1998,Scrum-half,4,3,1,0,1,5,Bedwellty,United Kingdom,Wales,Monmouthshire
Darril Williams,1998,Wing,1,0,1,0,0,0,Swansea,United Kingdom,Wales,West Glamorgan
Shane Howarth,1994,"Fly-half, Fullback",23,14,8,1,5,77,Auckland,New Zealand/Aotearoa,Auckland,Missing
Ben Evans,1998,Prop,27,15,12,0,0,0,Bedwas,United Kingdom,Wales,Caerphilly
Matthew Robinson,1999,"Centre, Wing",4,2,2,0,0,0,Cardiff,United Kingdom,Wales,Cardiff
Peter Rogers,1999,"Prop, Hooker",18,13,5,0,0,0,Maidstone,United Kingdom,England,South East
Brett Sinkinson,1999,Flanker,20,13,7,0,1,5,Rotorua,New Zealand/Aotearoa,Bay of Plenty,Rotorua District
Nick Walne,1999,Wing,3,3,0,0,1,5,Scunthorpe,United Kingdom,England,Yorkshire and the Humber
Jason Jones-Hughes,1999,Centre,3,2,1,0,0,0,NSW,Australia,New South Wales,Missing
Richard Smith,2000,Scrum-half,1,0,1,0,0,0,Pontypool,United Kingdom,NP4,Wales
Shane Williams,2000,Wing,91,42,46,3,60,300,Morriston,United Kingdom,Wales,Swansea
Nathan Budgett,2000,"Lock, Flanker",12,7,5,0,2,10,Newport,United Kingdom,NP,Wales
Matt Cardey,2000,Fullback,1,1,0,0,0,0,Papakura,New Zealand/Aotearoa,Auckland,Papakura
Rhys Williams,2000,Utility back,44,21,22,1,18,90,Bridgend,United Kingdom,Wales,Bridgend
Deiniol Jones,2000,Lock,13,6,6,1,0,0,Carmarthen,United Kingdom,Wales,Carmarthenshire
Iestyn Thomas,2000,Prop,33,10,23,0,0,0,Panteg,United Kingdom,Wales,Cardiff
James Griffiths,2000,Lock,1,1,0,0,0,0,Glanaman,United Kingdom,Wales,Rhondda Cynon Taf
Mark Jones,2001,Wing,47,22,23,2,13,65,Builth Wells,United Kingdom,LD2,Wales
Gareth Cooper,2001,Scrum-half,47,22,24,1,9,45,Bridgend,United Kingdom,Wales,Bridgend
Adrian Durston,2001,Fullback,2,2,0,0,1,5,Neath,United Kingdom,Wales,West Glamorgan
Andy Lloyd,2001,"Lock, Back-row",1,1,0,0,1,5,Swansea,United Kingdom,Wales,West Glamorgan
Gavin Thomas,2001,Back-row,24,7,17,0,4,20,Leamington Spa,United Kingdom,England,West Midlands
Gavin Henson,2001,Fly-half,34,18,15,1,3,130,Bridgend,United Kingdom,Wales,Bridgend
Steve Jones,2001,Hooker,5,3,2,0,0,0,Neath,United Kingdom,Wales,West Glamorgan
Jamie Ringer,2001,Back-row,2,2,0,0,0,0,Cardiff,United Kingdom,Wales,Cardiff
Jamie Robinson,2001,Centre,23,8,15,0,7,35,Cardiff,United Kingdom,Wales,Cardiff
Tom Shanklin,2001,"Wing, Centre",70,32,36,2,20,100,Harrow,United Kingdom,England,Greater London
Dwayne Peel,2001,Scrum-half,79,35,42,2,5,25,Carmarthen,United Kingdom,Wales,Carmarthenshire
Iestyn Harris,2001,"Halfback, Back-row",25,10,15,0,1,108,Oldham,United Kingdom,England,North West England
Anthony Sullivan,2001,Wing,2,1,1,0,0,0,Hull,United Kingdom,England,Yorkshire and the Humber
Duncan Jones,2001,Prop,57,26,29,2,0,0,Neath,United Kingdom,Wales,West Glamorgan
Craig Morgan,2002,"Fullback, Wing",10,3,7,0,3,15,Pontypridd,United Kingdom,CF37; CF38,Wales
Andy Marinos,2002,Centre,8,2,6,0,1,5,Rhodesia,United Kingdom,England,East Midlands
Michael Owen,2002,Back-row,42,19,21,2,2,10,Church Village,United Kingdom,Wales,Rhondda Cynon Taf
Martyn Madden,2002,Prop,5,2,3,0,0,0,Cardiff,United Kingdom,Wales,Cardiff
Richard Parks,2002,Flanker,4,2,2,0,0,0,Pontypridd,United Kingdom,CF37; CF38,Wales
Ryan Powell,2002,Scrum-half,3,1,2,0,0,0,Panteg,United Kingdom,Wales,Cardiff
Robert Sidoli,2002,Lock,42,17,24,1,2,10,Merthyr Tydfil,United Kingdom,Wales,Merthyr Tydfil
Mefin Davies,2002,Hooker,38,17,20,1,2,10,Nantgaredig,United Kingdom,Wales,Carmarthenshire
Gethin Jenkins,2002,Prop,119,52,65,2,4,20,Llantwit Fadre,g,n,i
Sonny Parker,2002,Centre,31,15,16,0,6,30,Thames,New Zealand/Aotearoa,Waikato,Thames Coromandel District
Dafydd Jones,2002,Back-row,42,19,23,0,2,10,Aberystwyth,United Kingdom,Wales,Ceredigion
Vernon Cooper,2002,Lock,3,2,1,0,0,0,Morriston,United Kingdom,Wales,Swansea
Ceri Sweeney,2003,Fly-half,35,16,19,0,4,88,Pontypridd,United Kingdom,CF37; CF38,Wales
Matthew Watkins,2003,Centre,18,7,10,1,0,0,Newport,United Kingdom,NP,Wales
Gareth Williams,2003,Hooker,9,3,6,0,0,0,Bridgend,United Kingdom,Wales,Bridgend
Jonathan Thomas,2003,Back-row,67,30,34,3,7,35,Pembroke,Bermuda,Pembroke,Missing
Alix Popham,2003,Back-row,33,13,19,1,4,20,Newport,United Kingdom,NP,Wales
Rhys Oakley,2003,Back-row,2,1,1,0,0,0,Plymouth,United Kingdom,England,South West England
Nicky Robinson,2003,Fly-half,13,7,6,0,2,42,Cardiff,United Kingdom,Wales,Cardiff
Huw Bennett,2003,Hooker,51,25,25,1,0,0,Ebbw Vale,United Kingdom,NP23,Wales
Adam Jones,2003,Prop,100,49,48,3,2,10,Abercrave,United Kingdom,SA9 1XS,Wales
Nathan Brew,2003,"Centre, Wing",1,1,0,0,1,5,S.Glamorgan,United Kingdom,Wales,West Glamorgan
Brent Cockbain,2003,Lock,24,13,11,0,1,5,Cairns,Australia,Queensland,Cairns
Paul James,2003,Prop,60,27,32,1,0,0,Neath,United Kingdom,Wales,West Glamorgan
Mike Phillips,2003,Scrum-half,98,47,49,2,10,50,Carmarthen,United Kingdom,Wales,Carmarthenshire
James Bater,2003,Back-row,1,1,0,0,0,0,Bridgend,United Kingdom,Wales,Bridgend
Jon Bryant,2003,Centre,1,1,0,0,0,0,Aberdare,United Kingdom,Wales,Mid Glamorgan
Andy Williams,2003,Scrum-half,5,3,2,0,0,0,Swansea,United Kingdom,Wales,West Glamorgan
Paul Young,2003,Hooker,1,1,0,0,0,0,Swansea,United Kingdom,Wales,West Glamorgan
Hal Luscombe,2003,Centre,16,8,7,1,2,10,Laingsburg,South Africa,Western Cape,Central Karoo District Municipality
Jason Forster,2004,Back-row,1,0,1,0,1,5,Derby,United Kingdom,England,East Midlands
Ryan Jones,2004,Back-row,78,39,37,2,2,10,Newport,United Kingdom,NP,Wales
Luke Charteris,2004,Lock,55,28,27,0,0,0,Camborne,United Kingdom,TR14 8,England
John Yapp,2005,Prop,21,14,7,0,0,0,Cardiff,United Kingdom,Wales,Cardiff
Robin Sowden-Taylor,2005,Back-row,8,5,3,0,0,0,Cardiff,United Kingdom,Wales,Cardiff
Matthew Rees,2005,Hooker,63,24,38,1,2,10,Tonyrefail,United Kingdom,CF39,Wales
Ben Broster,2005,Prop,2,2,0,0,1,5,London,United Kingdom,England,Greater London
Richie Pugh,2005,Back-row,1,1,0,0,1,5,Swansea,United Kingdom,Wales,West Glamorgan
Tal Selley,2005,"Wing, Centre",1,1,0,0,1,5,Pembroke Dock,United Kingdom,Wales,Pembrokeshire
T.Rhys Thomas,2005,Hooker,27,10,16,1,1,5,Abercynon,United Kingdom,Wales,Rhondda Cynon Taf
Chris Czekaj,2005,Wing,9,2,7,0,2,10,Cardiff,United Kingdom,Wales,Cardiff
Matt Jones,2005,Fly-half,1,1,0,0,0,0,Bridgend,United Kingdom,Wales,Bridgend
Lee Byrne,2005,Fullback,47,20,25,2,10,50,Bridgend,United Kingdom,Wales,Bridgend
Chris Horsman,2005,Prop,14,5,9,0,1,5,Newport Pagnell,United Kingdom,England,South East
Adam Jones,2006,Lock,2,1,1,0,0,0,Swansea,United Kingdom,Wales,West Glamorgan
Gareth Delve,2006,No. 8,11,5,6,0,1,5,Cardiff,United Kingdom,Wales,Cardiff
Barry Davies,2006,Fullback,1,0,1,0,0,0,Carmarthen,United Kingdom,Wales,Carmarthenshire
Ian Evans,2006,Lock,33,17,15,1,1,5,Johannesburg,South Africa,2001,Gauteng
Alun Wyn Jones,2006,Lock,95,45,50,0,8,40,Swansea,United Kingdom,Wales,West Glamorgan
Richard Hibbard,2006,Hooker,40,21,19,0,1,5,Neath,United Kingdom,Wales,West Glamorgan
James Hook,2006,Fly-half,77,35,40,2,13,350,Neath,United Kingdom,Wales,West Glamorgan
Rhys M. Thomas,2006,Prop,7,3,4,0,0,0,Johannesburg,South Africa,2001,Gauteng
Gavin Evans,2006,Centre,1,1,0,0,0,0,Swansea,United Kingdom,Wales,West Glamorgan
Aled Brew,2007,Wing,9,4,4,1,3,15,Cardiff,United Kingdom,Wales,Cardiff
Ceri Jones,2007,Prop,2,0,2,0,0,0,Newport,United Kingdom,NP,Wales
Scott Morgan,2007,Lock,1,0,1,0,0,0,Neath,United Kingdom,Wales,West Glamorgan
Will James,2007,Lock,4,2,2,0,0,0,Plymouth,United Kingdom,England,South West England
Tom James,2007,Wing,10,4,6,0,2,10,Merthyr Tydfil,United Kingdom,Wales,Merthyr Tydfil
Morgan Stoddart,2007,Fullback,8,3,5,0,5,25,Pontypridd,United Kingdom,CF37; CF38,Wales
Jamie Roberts,2008,Centre,72,37,35,0,10,50,Newport,United Kingdom,NP,Wales
Warren Fury,2008,Scrum-half,2,0,2,0,0,0,Swansea,United Kingdom,Wales,West Glamorgan
Andrew Bishop,2008,Centre,16,8,7,1,0,0,Llantrisant,United Kingdom,Wales,Rhondda Cynon Taf
Leigh Halfpenny,2008,Fullback,63,32,31,0,12,531,Swansea,United Kingdom,Wales,West Glamorgan
Andy Powell,2008,Back-row,23,13,10,0,1,5,Brecon,United Kingdom,Wales,Powys
Martin Roberts,2008,Scrum-half,3,1,2,0,0,0,Aberdare,United Kingdom,Wales,Mid Glamorgan
Dan Biggar,2008,Fly-half,33,18,14,1,1,150,Swansea,United Kingdom,Wales,West Glamorgan
Eifion Lewis-Roberts,2008,Prop,1,1,0,0,0,0,St Asaph,United Kingdom,Wales,Denbighshire
Bradley Davies,2009,Lock,45,19,25,1,0,0,Llantrisant,United Kingdom,Wales,Rhondda Cynon Taf
Jonathan Davies,2009,Centre,51,28,23,0,10,50,Solihull,United Kingdom,England,West Midlands
Dan Evans,2009,Fullback,2,2,0,0,0,0,Swansea,United Kingdom,Wales,West Glamorgan
Craig Mitchell,2009,Prop,15,10,5,0,1,5,Neath,United Kingdom,Wales,West Glamorgan
Jonathan Spratt,2009,Centre,4,3,1,0,0,0,Neath,United Kingdom,Wales,West Glamorgan
Sam Warburton,2009,Back-row,56,28,28,0,4,20,Cardiff,United Kingdom,Wales,Cardiff
Dan Lydiate,2009,Flanker,49,24,24,1,0,0,Salford,United Kingdom,England,North West England
Richie Rees,2010,Scrum-half,9,1,7,1,1,5,Swansea,United Kingdom,Wales,West Glamorgan
Rhys Gill,2010,Prop,6,4,2,0,0,0,Rhondda,United Kingdom,Wales,Rhondda Cynon Taf
Tom Prydie,2010,"Fullback, Wing",5,1,4,0,2,10,Bridgend,United Kingdom,Wales,Bridgend
Rob McCusker,2010,Back-row,6,1,5,0,0,0,Wrexham,United Kingdom,Wales,Wrexham
Tavis Knoyle,2010,Scrum-half,11,4,7,0,0,0,Glynneath,United Kingdom,CF37 1SY,Wales
Will Harries,2010,Wing,3,1,2,0,0,0,Cardiff,United Kingdom,Wales,Cardiff
George North,2010,Wing,52,26,25,1,24,120,King's Lynn,United Kingdom,England,East of England
Rhys Priestland,2011,Fly-half,34,18,16,0,1,60,Llangathen,United Kingdom,Wales,Carmarthenshire
Josh Turnbull,2011,Back-row,7,3,4,0,0,0,Haverfordwest,United Kingdom,Wales,Pembrokeshire
Ryan Bevington,2011,Prop,13,7,6,0,0,0,Bridgend,United Kingdom,Wales,Bridgend
Taulupe Faletau,2011,Back-row,46,25,21,0,4,20,Tofoa,Tonga,Tongatapu,Vahe Kolomotu'a
Scott Andrews,2011,Prop,11,4,7,0,0,0,Church Village,United Kingdom,Wales,Rhondda Cynon Taf
Lloyd Burns,2011,Hooker,7,4,3,0,1,5,Panteg,United Kingdom,Wales,Cardiff
Scott Williams,2011,Centre,29,18,11,0,9,45,Carmarthen,United Kingdom,Wales,Carmarthenshire
Justin Tipuric,2011,Back-row,32,19,13,0,0,0,Neath,United Kingdom,Wales,West Glamorgan
Lloyd Williams,2011,Scrum-half,18,13,5,0,2,10,Cardiff,United Kingdom,Wales,Cardiff
Ken Owens,2011,Hooker,27,15,12,0,2,10,Carmarthen,United Kingdom,Wales,Carmarthenshire
Alex Cuthbert,2011,Wing,33,16,17,0,15,75,Gloucester,United Kingdom,England,South West England
Aaron Shingler,2012,Back-row,8,4,4,0,0,0,Aldershot,United Kingdom,England,South East
Lou Reed,2012,Lock,5,3,2,0,0,0,Treorchy,United Kingdom,Wales,Rhondda Cynon Taf
Rhys Webb,2012,Scrum-half,14,9,5,0,5,25,Bridgend,United Kingdom,Wales,Bridgend
Rhodri Jones,2012,Prop,13,7,6,0,0,0,Aberystwyth,United Kingdom,Wales,Ceredigion
Harry Robinson,2012,Wing,3,2,1,0,2,10,Cardiff,United Kingdom,Wales,Cardiff
Liam Williams,2012,Fullback,23,11,12,0,2,10,Morriston,United Kingdom,Wales,Swansea
Adam Warren,2012,Centre,1,1,0,0,0,0,Burry Port,United Kingdom,Wales,Carmarthenshire
Ashley Beck,2012,Centre,7,2,5,0,2,10,Neath,United Kingdom,Wales,West Glamorgan
Aaron Jarvis,2012,Prop,10,5,5,0,0,0,Exeter,United Kingdom,England,South West England
Andrew Coombs,2013,Back-row,10,6,4,0,0,0,Merthyr Tydfil,United Kingdom,Wales,Merthyr Tydfil
Olly Kohn,2013,Lock,1,0,1,0,0,0,Bristol,United Kingdom,England,South West England
Dafydd Howells,2013,Wing,2,1,1,0,0,0,Brecon,United Kingdom,Wales,Powys
James King,2013,Flanker,3,2,1,0,0,0,VIC,Australia,Victoria,Missing
Emyr Phillips,2013,Hooker,3,2,1,0,0,0,Llandovery,United Kingdom,Wales,Carmarthenshire
Owen Williams,2013,Centre,4,2,2,0,1,5,Merthyr Tydfil,United Kingdom,Wales,Merthyr Tydfil
Dan Baker,2013,Back-row,2,1,1,0,0,0,Neath,United Kingdom,Wales,West Glamorgan
Rhys Patchell,2013,Fly-half,2,1,1,0,0,3,Llandough,United Kingdom,Wales,Vale of Glamorgan
Andries Pretorius,2013,Back-row,2,1,1,0,0,0,Nelspruit,South Africa,Mpumalanga,Ehlanzeni District Municipality
Josh Navidi,2013,Flanker,1,0,1,0,0,0,Bridgend,United Kingdom,Wales,Bridgend
Scott Baldwin,2013,Hooker,9,6,3,0,0,0,Bridgend,United Kingdom,Wales,Bridgend
Cory Allen,2013,Centre,2,1,1,0,0,0,Cardiff,United Kingdom,Wales,Cardiff
Samson Lee,2013,Prop,12,6,6,0,0,0,Swansea,United Kingdom,Wales,West Glamorgan
Hallam Amos,2013,"Fullback, Wing",1,1,0,0,0,0,Stockport,United Kingdom,England,North West England
Rhodri Williams,2013,Scrum-half,3,2,1,0,1,5,Swansea,United Kingdom,Wales,West Glamorgan
Jake Ball,2014,Lock,12,6,6,0,0,0,Ascot,United Kingdom,England,South East
Gareth Davies,2014,Scrum-half,2,1,1,0,0,0,Carmarthen,United Kingdom,Wales,Carmarthenshire
Matthew Morgan,2014,Fly-half,1,0,1,0,0,0,Swansea,United Kingdom,Wales,West Glamorgan
Nicky Smith,2014,Prop,2,1,1,0,0,0,Swansea,United Kingdom,Wales,West Glamorgan
Rob Evans,2015,Prop,2,2,0,0,0,0,Haverfordwest,United Kingdom,Wales,Pembrokeshire
