John Arthur,1871,Halfback,2,1,1,0,0,NA,Glasgow,United Kingdom,G,Scotland,Glasgow City
William Brown,1871,Fullback,5,1,2,2,0,NA,Glasgow,United Kingdom,G,Scotland,Glasgow City
Angus Buchanan,1871,Forward,1,1,0,0,1,NA,Inverary,Canada,Ontario,Inverary,Missing
Tom Chalmers,1871,Fullback,6,1,3,2,0,NA,Glasgow,United Kingdom,G,Scotland,Glasgow City
Alfred Clunies-Ross,1871,Fullback,1,1,0,0,0,NA,Cocos Islands,124,07157,Illes Balears,Serra de Tramuntana
Andrew Colville,1871,Forward,2,1,1,0,0,NA,Edinburgh,United Kingdom,Scotland,City of Edinburgh,Missing
William Cross,1871,Halfback,2,1,1,0,1,NA,Glasgow,United Kingdom,G,Scotland,Glasgow City
Daniel Drew,1871,Forward,2,1,1,0,0,NA,Dunoon,United Kingdom,Scotland,Argyll and Bute,Dunoon
Jim Finlay,1871,Forward,4,1,2,1,1,NA,Edinburgh,United Kingdom,Scotland,City of Edinburgh,Missing
William Forsyth,1871,Forward,1,1,0,0,0,NA,Ross,United States of America,Ohio,Ross County,Missing
Bulldog Irvine,1871,Forward,13,5,4,4,1,NA,Blair Atholl,United Kingdom,Scotland,Perth and Kinross,Blair Atholl
William Lyall,1871,Forward,1,1,0,0,0,NA,St Cuthbert's,United Kingdom,England,North West England,Lancashire
John MacFarlane,1871,Forward,3,1,1,1,0,NA,Montego Bay,Jamaica,Cornwall County,Saint James,Montego Bay
Thomas Marshall,1871,Three-quarters,4,1,2,1,0,NA,NHumb,g,n,i,s
James Mein,1871,Forward,5,1,2,2,0,NA,Jedburgh,United Kingdom,Scotland,Scottish Borders,Jedburgh
Francis Moncreiff,1871,Forward,3,1,1,1,0,NA,Midlothian,United Kingdom,Scotland,Midlothian,Missing
Robert Munro,1871,Forward,1,1,0,0,0,NA,?,g,n,i,s
George Ritchie,1871,Forward,1,1,0,0,0,NA,Edinburgh,United Kingdom,Scotland,City of Edinburgh,Missing
Alexander Robertson,1871,Forward,1,1,0,0,0,NA,Ayr,United Kingdom,Scotland,South Ayrshire,Ayr
John Thomson,1871,Forward,1,1,0,0,0,NA,?,g,n,i,s
John Anderson,1872,Forward,1,0,1,0,0,NA,Edinburgh,United Kingdom,Scotland,City of Edinburgh,Missing
Leslie Balfour-Melville,1872,Fullback,1,0,1,0,0,NA,Edinburgh,United Kingdom,Scotland,City of Edinburgh,Missing
Edward Bannerman,1872,Forward,2,0,1,1,0,NA,Aberdeenshire,United Kingdom,Scotland,Aberdeenshire,Missing
Charles Cathcart,1872,Forward,3,0,2,1,0,NA,Edinburgh,United Kingdom,Scotland,City of Edinburgh,Missing
James McClure,1872,Forward,1,0,1,0,0,NA,Glasgow,United Kingdom,G,Scotland,Glasgow City
Reginald Maitland,1872,Three-quarters,1,0,1,0,0,NA,Hants,Canada,Nova Scotia,Hants County,Missing
William Marshall,1872,Forward,1,0,1,0,0,NA,?,g,n,i,s
Frederick Maxwell,1872,Forward,1,0,1,0,0,NA,Devonport,Australia,7310,Tasmania,Devonport
Henry Renny-Tailyour,1872,Forward,1,0,1,0,0,NA,Mussorrie,g,n,i,s
Henry Allan,1873,Forward,1,0,0,1,0,NA,Glasgow,United Kingdom,G,Scotland,Glasgow City
Peter Anton,1873,Forward,1,0,0,1,0,NA,Errol,United States of America,New Hampshire,Coös County,Errol
Charles Bryce,1873,Forward,2,0,1,1,0,NA,Glasgow,United Kingdom,G,Scotland,Glasgow City
John Davidson,1873,Forward,2,0,1,1,0,NA,Banchory,United Kingdom,Scotland,Aberdeenshire,Banchory
William Grant,1873,Halfback,2,0,1,1,0,NA,Bengal,United States of America,Minnesota,Itasca,Bengal
George McClure,1873,Three-quarters,1,0,0,1,0,NA,Glasgow,United Kingdom,G,Scotland,Glasgow City
Alexander Petrie,1873,Forward,11,4,3,4,0,NA,Birkenhead,United Kingdom,England,North West England,Birkenhead
James Sanderson,1873,Fullback,1,0,0,1,0,NA,Madras,India,600001,Tamil Nadu,Chennai
Tom Whittington,1873,Forward,1,0,0,1,0,NA,Neath,United Kingdom,Wales,West Glamorgan,Neath
Robert Wilson,1873,Forward,2,0,1,1,0,NA,?,g,n,i,s
Alexander Wood,1873,Forward,3,0,1,2,0,NA,Kincardin,Sierra Leone,Western Area,Western Area Urban,Freetown
Hugh Hamilton,1874,Three-quarters,2,0,1,1,0,NA,New South Wales,Australia,New South Wales,Missing,Missing
Gilbert Heron,1874,Forward,2,0,1,1,0,NA,?,g,n,i,s
William Kidston,1874,Three-quarters,1,0,1,0,0,NA,Glasgow,United Kingdom,G,Scotland,Glasgow City
Tom Neilson,1874,Forward,1,0,1,0,0,NA,?,g,n,i,s
James Reid,1874,Forward,5,2,2,1,1,NA,?,g,n,i,s
Alexander Stewart,1874,Halfback,2,0,2,0,0,NA,Bombay,India,Maharashtra,Greater Bombay,Mumbai
John Tod,1874,Forward,2,0,1,1,0,NA,Glasgow,United Kingdom,G,Scotland,Glasgow City
Arthur Young,1874,Forward,1,0,1,0,0,NA,1855,Danmark,1855,Region Hovedstaden,Frederiksberg Kommune
Allan Arthur,1875,Forward,2,0,1,1,0,NA,?,g,n,i,s
Malcolm Cross,1875,Three-quarters,9,4,2,3,0,NA,Glasgow,United Kingdom,G,Scotland,Glasgow City
James Dunlop,1875,Forward,1,0,0,1,0,NA,?,g,n,i,s
Alec Finlay,1875,Forward,1,0,0,1,0,NA,?,g,n,i,s
Ninian Finlay,1875,Three-quarters,9,2,3,4,0,NA,Edinburgh,United Kingdom,Scotland,City of Edinburgh,Missing
George Fleming,1875,Forward,2,0,1,1,0,NA,Renfrew,United Kingdom,Scotland,Renfrewshire,Renfrew
John Gordon,1875,Halfback,3,2,0,1,0,NA,Clerkenwell,United Kingdom,England,Greater London,London
Arthur Marshall,1875,Forward,1,0,0,1,0,NA,?,g,n,i,s
Duncan Robertson,1875,Forward,1,0,0,1,0,NA,?,g,n,i,s
William Bolton,1876,Forward,1,0,1,0,0,NA,Stirling,United Kingdom,Scotland,Stirlingshire,Stirling
Nat Brewis,1876,Forward,6,2,2,2,0,NA,Nthb,g,n,i,s
James Carrick,1876,Fullback,2,1,1,0,0,NA,Glasgow,United Kingdom,G,Scotland,Glasgow City
Gussie Graham,1876,Forward,10,4,3,3,1,NA,Middlebie,United Kingdom,Scotland,Dumfries and Galloway,Middlebie
John Junor,1876,Forward,6,2,2,2,0,NA,Glasgow,United Kingdom,G,Scotland,Glasgow City
David Lang,1876,Forward,2,1,1,0,0,NA,Paisley,United Kingdom,Scotland,Renfrewshire,Paisley
George Paterson,1876,Halfback,1,0,1,0,0,NA,Bangalore,India,560001,Karnataka,Bangalore Urban
Charles Villar,1876,Forward,3,2,1,0,0,NA,Cheltenham,United Kingdom,England,South West England,Gloucestershire
David Watson,1876,Forward,3,2,1,0,0,NA,Glasgow,United Kingdom,G,Scotland,Glasgow City
Henry Johnston,1877,Fullback,2,2,0,0,0,NA,Kirkwall,United Kingdom,Scotland,Orkney,Kirkwall
Robert Mackenzie,1877,Three-quarters,4,2,1,1,3,NA,Glasgow,United Kingdom,G,Scotland,Glasgow City
Henry Napier,1877,Forward,5,3,0,2,0,NA,Glasgow,United Kingdom,G,Scotland,Glasgow City
Edward Pocock,1877,Three-quarters,2,2,0,0,1,NA,Clifton,United Kingdom,England,South West England,City of Bristol
Stewart Smith,1877,Forward,2,1,0,1,0,NA,Glasgow,United Kingdom,G,Scotland,Glasgow City
Thomas Torrie,1877,Forward,1,1,0,0,0,NA,Edinburgh,United Kingdom,Scotland,City of Edinburgh,Missing
Louis Auldjo,1878,Forward,1,0,0,1,0,NA,Cawnpore,Australia,Queensland,Cawnpore,Missing
James Campbell,1878,Halfback,5,1,1,3,0,NA,Lake Athabasca,Canada,Saskatchewan,Lake Athabasca,Missing
Duncan Irvine,1878,Forward,3,1,0,2,0,NA,Perthshire,United States of America,Mississippi,Bolivar,Perthshire
Bill Maclagan,1878,Three-quarters,29,18,6,5,4,2,Edinburgh,United Kingdom,Scotland,City of Edinburgh,Missing
George MacLeod,1878,Forward,2,1,0,1,0,NA,Midlothian,United Kingdom,Scotland,Midlothian,Missing
John Neilson,1878,Halfback,2,0,0,2,0,NA,Glasgow,United Kingdom,G,Scotland,Glasgow City
Bob Ainslie,1879,Forward,7,4,1,2,3,NA,Lasswade,United Kingdom,Scotland,Midlothian,Lasswade
John Brown,1879,Forward,19,12,4,3,2,NA,Glasgow,United Kingdom,G,Scotland,Glasgow City
William Masters,1879,Halfback,3,2,1,0,1,NA,Edinburgh,United Kingdom,Scotland,City of Edinburgh,Missing
Errol Smith,1879,Forward,1,1,0,0,0,NA,Edinburgh,United Kingdom,Scotland,City of Edinburgh,Missing
D. Somerville,1879,Forward,6,5,1,0,2,NA,?,g,n,i,s
Edward Ewart,1879,Forward,3,1,1,1,2,NA,Moffat,United States of America,Colorado,Moffat County,Missing
William Brown,1880,Halfback,6,4,2,0,2,NA,Glasgow,United Kingdom,G,Scotland,Glasgow City
David McCowan,1880,Forward,10,5,4,1,1,NA,Ayr,United Kingdom,Scotland,South Ayrshire,Ayr
Charles Stewart,1880,Forward,2,1,1,0,0,NA,Glasgow,United Kingdom,G,Scotland,Glasgow City
Jack Tait,1880,Forward,2,2,0,0,0,NA,Edinburgh,United Kingdom,Scotland,City of Edinburgh,Missing
David Cassels,1880,Forward,7,4,3,0,0,NA,Shettleston,United Kingdom,G,Scotland,Glasgow City
Bryce Allan,1881,Forward,1,0,1,0,0,NA,Glasgow,United Kingdom,G,Scotland,Glasgow City
Thomas Begbie,1881,Fullback,2,0,1,1,0,NA,E Lothian,United Kingdom,Scotland,East Lothian,Missing
Charlie Reid,1881,Forward,21,13,4,4,4,NA,Lochwinnoch,United Kingdom,Scotland,Renfrewshire,Lochwinnoch
George Robb,1881,Forward,2,0,1,1,0,NA,Glasgow,United Kingdom,G,Scotland,Glasgow City
Pat Smeaton,1881,Halfback,3,1,2,0,0,NA,Kincardine,Canada,Ontario,Kincardine,Missing
Archibald Walker,1881,Forward,5,3,2,0,0,NA,Glasgow,United Kingdom,G,Scotland,Glasgow City
Tom Ainslie,1881,Forward,12,8,2,2,1,NA,Lasswade,United Kingdom,Scotland,Midlothian,Lasswade
James Fraser,1881,Forward,1,0,0,1,0,NA,Hull,United Kingdom,England,Yorkshire and the Humber,Kingston upon Hull
Robert Maitland,1881,Forward,5,3,0,2,0,NA,Alloa,United Kingdom,Scotland,Clackmannanshire,Alloa
William Peterkin,1881,Forward,8,5,1,2,2,NA,Edinburgh,United Kingdom,Scotland,City of Edinburgh,Missing
Bunny Wauchope,1881,Halfback,13,9,1,3,6,NA,Glasgow,United Kingdom,G,Scotland,Glasgow City
Tom Anderson,1882,Fullback,1,1,0,0,0,NA,Ledcamerock,g,n,i,s
Fraser Gore,1882,Forward,1,1,0,0,0,NA,?,g,n,i,s
Augustus Grant-Asher,1882,Halfback,7,4,1,2,1,NA,Poona,Australia,Queensland,Poona,Missing
Frank Hunter,1882,Three-quarters,1,1,0,0,0,NA,?,g,n,i,s
Andrew Philp,1882,Three-quarters,1,1,0,0,0,NA,?,g,n,i,s
James Veitch,1882,Fullback,8,6,1,1,0,NA,Penicuik,United Kingdom,Scotland,Midlothian,Penicuik
James Walker,1882,Forward,2,2,0,0,0,NA,Glasgow,United Kingdom,G,Scotland,Glasgow City
Andrew Walls,1882,Forward,10,7,2,1,0,NA,Glasgow,United Kingdom,G,Scotland,Glasgow City
John Jamieson,1883,Forward,9,6,2,1,2,NA,?,g,n,i,s
David Kidston,1883,Fullback,2,1,1,0,0,NA,Glasgow,United Kingdom,G,Scotland,Glasgow City
David McFarlan,1883,Three-quarters,8,7,1,0,4,NA,Meerut,India,Uttar Pradesh,Meerut,Missing
John Mowat,1883,Forward,2,1,1,0,0,NA,Glasgow,United Kingdom,G,Scotland,Glasgow City
George Aitchison,1883,Halfback,1,1,0,0,0,NA,Edinburgh,United Kingdom,Scotland,City of Edinburgh,Missing
Marshall Reid,1883,Three-quarters,2,1,1,0,0,NA,Partick,United Kingdom,G,Scotland,Glasgow City
George Lindsay,1884,Three-quarters,4,3,0,1,5,NA,1863,Sverige,Svealand,Örebro län,Hällefors
John Tod,1884,Forward,9,6,1,2,2,NA,Perth,Australia,Western Australia,Perth,Missing
Charles Berry,1884,Forward,9,5,2,2,0,NA,Fife,United Kingdom,Scotland,Fife,Missing
Ernest Roland,1884,Three-quarters,2,1,1,0,0,NA,Edinburgh,United Kingdom,Scotland,City of Edinburgh,Missing
Pat Harrower,1885,Fullback,1,0,0,1,0,NA,Broughty Ferry,United Kingdom,Scotland,Dundee City,Dundee
Gardyne Maitland,1885,Three-quarters,2,1,0,1,0,NA,Alloa,United Kingdom,Scotland,Clackmannanshire,Alloa
Gordon Mitchell,1885,Forward,3,2,0,1,0,NA,Hamilton,Canada,Ontario,Hamilton,Missing
Alexander Stephen,1885,Three-quarters,2,1,0,1,0,NA,Glasgow,United Kingdom,G,Scotland,Glasgow City
Henry Evans,1885,Three-quarters,2,2,0,0,0,NA,Clifton,United Kingdom,England,South West England,City of Bristol
Walter Irvine,1885,Forward,11,8,1,2,0,NA,Aberdeenshre,g,n,i,s
Patrick Wauchope,1885,Halfback,6,5,0,1,1,NA,Midlothian,United Kingdom,Scotland,Midlothian,Missing
Alexander Clay,1886,Forward,7,4,1,2,1,NA,Kelso,United States of America,Washington,Cowlitz County,Kelso
J. French,1886,Forward,4,3,0,1,0,NA,?,g,n,i,s
William Holms,1886,Three-quarters,6,4,0,2,0,NA,Thox,United States of America,Missouri,Phelps County,Thox Rock
Flowerdew McIndoe,1886,Fullback,2,2,0,0,0,NA,Hamilton,Canada,Ontario,Hamilton,Missing
William MacLeod,1886,Forward,2,2,0,0,0,NA,Glasgow,United Kingdom,G,Scotland,Glasgow City
Charles Milne,1886,Forward,3,2,0,1,0,NA,Kingston,Jamaica,Surrey County,Kingston and St. Andrew Corporation,Kingston
Reggie Morrison,1886,Three-quarters,3,2,0,1,2,NA,Vic,Australia,Victoria,Missing,Missing
Duncan MacLeod,1886,Forward,2,1,0,1,0,NA,Berwick,United Kingdom,England,North East England,Northumberland
Matthew McEwan,1886,Forward,15,10,3,2,2,7,Ayr,United Kingdom,Scotland,South Ayrshire,Ayr
George Wilson,1886,Three-quarters,5,3,1,1,0,0,?,g,n,i,s
Hugh Ker,1887,Forward,7,5,1,1,1,0,Partick,United Kingdom,G,Scotland,Glasgow City
Judy MacMillan,1887,Forward,24,17,6,1,1,0,Edinburgh,United Kingdom,Scotland,City of Edinburgh,Missing
David Morton,1887,Forward,9,6,2,1,3,0,Glasgow,United Kingdom,G,Scotland,Glasgow City
Charles Orr,1887,Halfback,16,12,3,1,3,1,Neilston,United Kingdom,Scotland,East Renfrewshire,Neilston
Alexander Woodrow,1887,Three-quarters,3,2,0,1,0,NA,Glasgow,United Kingdom,G,Scotland,Glasgow City
Alec Cameron,1887,Fullback,3,1,2,0,0,0,Oban,United Kingdom,Scotland,Argyll and Bute,Oban
Henry Chambers,1888,Fullback,4,3,1,0,0,NA,Victoria,Australia,Victoria,Missing,Missing
Alfred Duke,1888,Forward,6,5,1,0,0,0,Forfar,United Kingdom,Scotland,Angus,Forfar
Macbeth Duncan,1888,Three-quarters,1,0,1,0,0,NA,Aberdeen,United Kingdom,Scotland,Aberdeenshire,Aberdeen
Charles Fraser,1888,Halfback,2,1,1,0,0,NA,Paisley,United Kingdom,Scotland,Renfrewshire,Paisley
Harry Stevenson,1888,Fullback,15,11,3,1,0,3,Edinburgh,United Kingdom,Scotland,City of Edinburgh,Missing
Louis Stevenson,1888,Forward,1,0,1,0,0,NA,Jedburgh,United Kingdom,Scotland,Scottish Borders,Jedburgh
Tom White,1888,Forward,3,2,1,0,0,NA,Cumnock,United Kingdom,Scotland,East Ayrshire,Cumnock
Alexander Malcolm,1888,Forward,1,1,0,0,0,NA,Glasgow,United Kingdom,G,Scotland,Glasgow City
Bill Auld,1889,Forward,2,2,0,0,0,0,?,g,n,i,s
John Boswell,1889,Forward,15,11,3,1,5,26,Garallan,g,n,i,s
William Macdonald,1889,Forward,3,2,1,0,0,0,Inverness,United Kingdom,Scotland,Highland,Inverness
James Marsh,1889,Three-quarters,3,3,0,0,0,0,?,g,n,i,s
Alfred Methuen,1889,Forward,2,2,0,0,0,NA,1868,Norge,Nordland,Øksnes,Missing
Alexander Aitken,1889,Forward,1,1,0,0,0,NA,Edinburgh,United Kingdom,Scotland,City of Edinburgh,Missing
Darsie Anderson,1889,Halfback,8,6,2,0,1,1,Kent,United Kingdom,England,South East,Kent
J.G. McKendrick,1889,Forward,1,1,0,0,0,NA,?,g,n,i,s
Jack Orr,1889,Forward,12,9,2,1,3,4,Neilston,United Kingdom,Scotland,East Renfrewshire,Neilston
Adam Dalgleish,1890,Forward,8,4,4,0,0,0,Bellingham,United States of America,Washington,Whatcom County,Bellingham
Frederick Goodhue,1890,Forward,9,7,2,0,1,1,ON,Canada,Ontario,Missing,Missing
Gregor MacGregor,1890,Three-quarters,13,8,4,1,1,5,Edinburgh,United Kingdom,Scotland,City of Edinburgh,Missing
Ian MacIntyre,1890,Forward,6,5,1,0,0,0,?,g,n,i,s
Paul Clauss,1891,Three-quarters,9,8,1,0,3,6,Munich,Deutschland,Bayern,OB,München
Herbert Leggatt,1891,Forward,9,7,2,0,1,1,East Indie,India,600051,Tamil Nadu,Thiruvallur
George Neilson,1891,Forward,14,8,5,1,1,6,Glasgow,United Kingdom,G,Scotland,Glasgow City
William Neilson,1891,Three-quarters,14,10,2,2,1,4,Bothwell,United Kingdom,Scotland,South Lanarkshire,Bothwell
William Gibson,1891,Forward,14,9,4,1,0,0,Edinburgh,United Kingdom,Scotland,City of Edinburgh,Missing
William Wotherspoon,1891,Halfback,8,5,3,0,3,3,Fife,United Kingdom,Scotland,Fife,Missing
George Campbell,1892,Centre,17,9,5,3,2,9,Sussex,United States of America,Virginia,Sussex,Missing
John Millar,1892,Forward,6,4,2,0,1,2,?,g,n,i,s
Nelson Henderson,1892,Forward,1,1,0,0,0,0,London,United Kingdom,England,Greater London,London
James Woodburn,1892,Three-quarters,1,1,0,0,0,0,Glasgow,United Kingdom,G,Scotland,Glasgow City
William Cownie,1893,Forward,9,5,3,1,0,0,Edinburgh,United Kingdom,Scotland,City of Edinburgh,Missing
James Gowans,1893,Wing,8,5,2,1,2,6,Durham,United Kingdom,England,North East England,County Durham
Robert Greig,1893,Halfback,2,1,1,0,0,0,Glasgow,United Kingdom,G,Scotland,Glasgow City
Thomas Hendry,1893,Forward,4,2,1,1,0,0,Glasgow,United Kingdom,G,Scotland,Glasgow City
Henry Menzies,1893,Forward,4,1,2,1,0,0,ON,Canada,Ontario,Missing,Missing
David Robertson,1893,Three-quarters,1,0,1,0,0,0,Glasgow,United Kingdom,G,Scotland,Glasgow City
James Bishop,1893,Forward,1,0,0,1,0,0,Glasgow,United Kingdom,G,Scotland,Glasgow City
William Donaldson,1893,Halfback,6,2,2,2,0,3,Glasgow,United Kingdom,G,Scotland,Glasgow City
D. Fisher,1893,Forward,1,0,0,1,0,0,?,g,n,i,s
Jim Ford,1893,Forward,1,0,0,1,0,0,?,g,n,i,s
John Simpson,1893,Halfback,13,7,4,2,0,0,?,g,n,i,s
Roger Davidson,1893,Forward,1,1,0,0,0,0,Kinfauns,United Kingdom,Scotland,Perth and Kinross,Kinfauns
Tom Scott,1893,Forward,12,7,3,2,0,9,Melrose,United States of America,Massachusetts,Middlesex County,Melrose
Henry Gedge,1894,Wing,6,4,2,0,2,10,London,United Kingdom,England,Greater London,London
Willie McEwan,1894,Forward,18,9,5,4,1,3,Edinburgh,United Kingdom,Scotland,City of Edinburgh,Missing
John Rogerson,1894,Fullback,1,0,1,0,0,0,?,g,n,i,s
Hugh Wright,1894,Forward,1,0,1,0,0,0,Inverary,Canada,Ontario,Inverary,Missing
Alexander Anderson,1894,Forward,1,0,1,0,0,0,?,g,n,i,s
Gordon Neilson,1894,Forward,1,1,0,0,0,0,Bothwell,United Kingdom,Scotland,South Lanarkshire,Bothwell
Harry Dods,1895,Forward,8,5,2,1,0,0,Glasgow,United Kingdom,G,Scotland,Glasgow City
Mattha Elliot,1895,Halfback,6,4,1,1,0,0,Hawick,United Kingdom,Scotland,Scottish Borders,Hawick
Allan Smith,1895,Fullback,11,5,2,4,0,2,?,g,n,i,s
Harry Smith,1895,Forward,11,5,3,3,1,3,N Berwick,United Kingdom,Scotland,East Lothian,North Berwick
Robin Welsh,1895,Wing,4,3,1,0,1,3,Edinburgh,United Kingdom,Scotland,City of Edinburgh,Missing
Andrew Balfour,1896,Forward,4,1,2,1,0,0,Edinburgh,United Kingdom,Scotland,City of Edinburgh,Missing
James Couper,1896,Forward,3,0,2,1,0,0,Glasgow,United Kingdom,G,Scotland,Glasgow City
Mark Morrison,1896,Forward,26,12,9,5,0,0,Dalmeny,United Kingdom,Scotland,City of Edinburgh,Dalmeny
Davie Patterson,1896,Halfback,1,0,1,0,0,0,Hawick,United Kingdom,Scotland,Scottish Borders,Hawick
Tom Scott,1896,Wing,11,4,4,3,2,6,?,g,n,i,s
Alec Timms,1896,Centre,17,11,5,1,4,19,Vic,Australia,Victoria,Missing,Missing
Charles Fleming,1896,Centre,3,2,0,1,1,3,1868,Norge,Nordland,Øksnes,Missing
George Turnbull,1896,Forward,5,2,2,1,1,3,?,g,n,i,s
Alec Laidlaw,1897,Forward,1,1,0,0,0,0,Edinburgh,United Kingdom,Scotland,City of Edinburgh,Missing
Ronald Stevenson,1897,Forward,6,3,2,1,0,0,South Shields,United Kingdom,England,North East England,Tyne and Wear
Alfred Bucher,1897,Wing,4,2,2,0,4,12,Edinburgh,United Kingdom,Scotland,City of Edinburgh,Missing
Alec Robertson,1897,Centre,1,0,1,0,0,0,Edinburgh,United Kingdom,Scotland,City of Edinburgh,Missing
John Dykes,1898,Forward,10,6,2,2,1,3,Glasgow,United Kingdom,G,Scotland,Glasgow City
Graham Kerr,1898,Forward,8,3,2,3,0,0,Aberdeen,United Kingdom,Scotland,Aberdeenshire,Aberdeen
Joe Mabon,1898,Halfback,4,1,1,2,0,0,Jedburgh,United Kingdom,Scotland,Scottish Borders,Jedburgh
Andrew MacKinnon,1898,Forward,6,3,1,2,0,0,Glasgow,United Kingdom,G,Scotland,Glasgow City
Robbie Neilson,1898,Halfback,6,2,1,3,0,0,Bothwell,United Kingdom,Scotland,South Lanarkshire,Bothwell
James Reid,1898,Fullback,3,1,1,1,0,0,?,g,n,i,s
Robert Scott,1898,Forward,3,1,0,2,0,0,?,g,n,i,s
Edward Spencer,1898,Centre,1,1,0,0,0,0,?,g,n,i,s
Tommy Nelson,1898,Centre,1,0,0,1,0,0,Edinburgh,United Kingdom,Scotland,City of Edinburgh,Missing
Lawrence Harvey,1899,Forward,1,0,1,0,0,0,Glasgow,United Kingdom,G,Scotland,Glasgow City
Douglas Monypenny,1899,Centre,3,2,1,0,1,3,Fife,United Kingdom,Scotland,Fife,Missing
George Lamond,1899,Centre,3,3,0,0,0,4,Glasgow,United Kingdom,G,Scotland,Glasgow City
Harry Rottenburg,1899,Fullback,5,2,1,2,0,0,Glasgow,United Kingdom,G,Scotland,Glasgow City
William Thomson,1899,Forward,3,2,1,0,0,6,Glasgow,United Kingdom,G,Scotland,Glasgow City
John Gillespie,1899,Halfback,13,6,4,3,5,31,Edinburgh,United Kingdom,Scotland,City of Edinburgh,Missing
David Bedell-Sivright,1900,Forward,23,13,10,0,3,9,Edinburgh,United Kingdom,Scotland,City of Edinburgh,Missing
Jack Crabbie,1900,Wing,6,3,3,0,2,6,Edinburgh,United Kingdom,Scotland,City of Edinburgh,Missing
Frank Fasson,1900,Halfback,5,2,3,0,0,0,Peebles,United Kingdom,Scotland,Scottish Borders,Peebles
Frederick Henderson,1900,Forward,2,0,1,1,0,0,Dundee,United Kingdom,Scotland,Dundee City,Dundee
William Morrison,1900,Centre,1,0,1,0,0,0,Edinburgh,United Kingdom,Scotland,City of Edinburgh,Missing
John Campbell,1900,Forward,1,0,0,1,0,0,Las Flores,Uruguay,Salto,Las Flores,Missing
James Greenlees,1900,Forward,7,3,3,1,0,0,Glasgow,United Kingdom,G,Scotland,Glasgow City
Bill Scott,1900,Forward,24,11,9,4,0,2,Wishaw,United Kingdom,ML2,Scotland,North Lanarkshire
William Welsh,1900,Wing,8,3,3,2,4,12,Edinburgh,United Kingdom,Scotland,City of Edinburgh,Missing
Lewis Bell,1900,Forward,3,1,1,1,0,0,Edinburgh,United Kingdom,Scotland,City of Edinburgh,Missing
John Bell,1901,Forward,6,3,3,0,0,0,Airdrie,Canada,Alberta,Airdrie,Missing
Alexander Duncan,1901,Fullback,6,3,3,0,0,0,Midlothian,United Kingdom,Scotland,Midlothian,Missing
Nolan Fell,1901,Wing,7,5,2,0,2,6,Nelson,New Zealand/Aotearoa,Nelson,Missing,Missing
Andrew Flett,1901,Forward,5,3,2,0,1,5,Edinburgh,United Kingdom,Scotland,City of Edinburgh,Missing
Alex Frew,1901,Forward,4,3,0,1,1,3,Ayrshire,United Kingdom,Scotland,Ayrshire,Missing
Jimmy Ross,1901,Forward,5,4,1,0,0,0,Roxburgh,United Kingdom,Scotland,Scottish Borders,Roxburgh
Robert Stronach,1901,Forward,5,3,2,0,1,3,Partick,United Kingdom,G,Scotland,Glasgow City
Phipps Turnbull,1901,Centre,6,3,3,0,1,3,?,g,n,i,s
Francis Dods,1901,Forward,1,1,0,0,0,0,Glasgow,United Kingdom,G,Scotland,Glasgow City
Robert Neill,1901,Fullback,4,1,2,1,0,0,Edinburgh,United Kingdom,Scotland,City of Edinburgh,Missing
John Bedell-Sivright,1902,Forward,1,0,1,0,0,0,Inverkeithing,United Kingdom,Scotland,Fife,Inverkeithing
Bill Kyle,1902,Forward,21,10,11,0,2,6,Hawick,United Kingdom,Scotland,Scottish Borders,Hawick
Herbert Bullmore,1902,Forward,1,0,1,0,0,0,Qld,Australia,Queensland,Missing,Missing
Andrew Drybrough,1902,Centre,2,1,1,0,0,0,Edinburgh,United Kingdom,Scotland,City of Edinburgh,Missing
Ernest Simson,1902,Halfback,17,10,7,0,4,16,Edinburgh,United Kingdom,Scotland,City of Edinburgh,Missing
Fatty Cairns,1903,Forward,12,7,5,0,0,0,Hamilton,Canada,Ontario,Hamilton,Missing
Walter Forrest,1903,Fullback,8,5,3,0,0,2,Kelso,United States of America,Washington,Cowlitz County,Kelso
Norman Kennedy,1903,Lock,3,3,0,0,0,0,Ayr,United Kingdom,Scotland,South Ayrshire,Ayr
John Knox,1903,Scrum-half,3,3,0,0,0,0,?,g,n,i,s
Hugh Orr,1903,Centre,5,4,1,0,1,3,Dineliquin,g,n,i,s
Leonard West,1903,Forward,9,5,4,0,0,0,?,g,n,i,s
Charles France,1903,Wing,1,1,0,0,0,0,?,g,n,i,s
Jack Dallas,1903,Forward,1,1,0,0,1,3,Edinburgh,United Kingdom,Scotland,City of Edinburgh,Missing
Jimmy Macdonald,1903,Wing,5,3,2,0,2,10,Stellenbosch,South Africa,Western Cape,Cape Winelands District Municipality,Stellenbosch
Alexander Bisset,1904,Halfback,1,0,1,0,0,0,Duns,United Kingdom,Scotland,Scottish Borders,Duns
George Crabbie,1904,Wing,1,0,1,0,0,0,Edinburgh,United Kingdom,Scotland,City of Edinburgh,Missing
Lewis MacLeod,1904,Centre,6,2,4,0,0,0,?,g,n,i,s
Edward Ross,1904,Forward,1,0,1,0,0,0,?,g,n,i,s
William Milne,1904,Forward,4,2,2,0,0,0,Glasgow,United Kingdom,G,Scotland,Glasgow City
Joseph Waters,1904,Forward,2,2,0,0,0,0,Dunoon,United Kingdom,Scotland,Argyll and Bute,Dunoon
Hugh Fletcher,1904,Forward,2,1,1,0,0,0,Norwich,United Kingdom,England,East of England,Norfolk
John Forbes,1905,Centre,3,1,2,0,0,0,Edinburgh,United Kingdom,Scotland,City of Edinburgh,Missing
Ned Little,1905,Forward,1,0,1,0,1,3,Hawick,United Kingdom,Scotland,Scottish Borders,Hawick
Pat Munro,1905,Halfback,13,5,8,0,2,14,Leeds,United Kingdom,England,Yorkshire and the Humber,Leeds
Andrew Ross,1905,Forward,5,2,3,0,0,0,Edinburgh,United Kingdom,Scotland,City of Edinburgh,Missing
Maurice Dickson,1905,Forward,1,0,1,0,0,0,Angus,United Kingdom,Scotland,Angus,Missing
Harold McCowat,1905,Wing,1,0,1,0,0,0,Durban,South Africa,KwaZulu-Natal,eThekwini Metropolitan Municipality,Durban
William Ritchie,1905,Wing,2,1,1,0,0,0,Dunedin,New Zealand/Aotearoa,Otago,Dunedin City,Dunedin
Tom Elliot,1905,Wing,1,1,0,0,0,0,?,g,n,i,s
John MacCallum,1905,Forward,26,13,13,0,2,24,?,g,n,i,s
Hugh Monteith,1905,Forward,8,6,2,0,1,3,Dumfriesshi,g,n,i,s
Douglas Schulze,1905,Fullback,13,7,6,0,0,4,Glasgow,United Kingdom,G,Scotland,Glasgow City
Louis Greig,1903,Halfback,8,2,4,2,0,0,Glasgow,United Kingdom,G,Scotland,Glasgow City
James Mackenzie,1905,Forward,9,3,6,0,0,0,Sunderland,United Kingdom,England,North East England,Tyne and Wear
Ken MacLeod,1905,Wing,10,6,4,0,4,25,Dumba,Nigeria,Bauchi,Gamawa,Dumba
William Russell,1905,Flanker,4,1,3,0,0,0,?,g,n,i,s
John Scoular,1905,Fullback,5,2,3,0,0,0,Whitehaven,United Kingdom,CA28 7XY,England,North West England
John Simson,1905,Wing,7,3,4,0,2,6,?,g,n,i,s
Tennant Sloan,1905,Centre,7,4,3,0,0,0,Glasgow,United Kingdom,G,Scotland,Glasgow City
Bill Church,1906,Centre,1,0,1,0,0,0,Glasgow,United Kingdom,G,Scotland,Glasgow City
Alec Purves,1906,Wing,10,6,4,0,6,22,Kingston-upon-Thames,United Kingdom,KT2 5EB,England,Greater London
Maurie Walter,1906,Centre,8,5,3,0,2,6,Yokohama,日本,関東地方,神奈川県,三浦郡
George Frew,1906,Forward,15,9,6,0,1,3,Larkhall,United Kingdom,ML9,Scotland,South Lanarkshire
Campbell Geddes,1906,Forward,6,5,1,0,0,10,Hampstead,United Kingdom,England,Greater London,London
Louis Speirs,1906,Forward,10,6,4,0,0,0,Edinburgh,United Kingdom,Scotland,City of Edinburgh,Missing
William Thomson,1906,Forward,1,1,0,0,0,0,Lancs,United Kingdom,S6 3TB,England,Yorkshire and the Humber
Duncan MacGregor,1907,Centre,3,3,0,0,0,0,Pontypridd,United Kingdom,CF37; CF38,Wales,Mid Glamorgan
George Sanderson,1907,Forward,4,3,1,0,1,3,Edinburgh,United Kingdom,Scotland,City of Edinburgh,Missing
Jock Scott,1907,Flanker,21,8,13,0,1,3,Edinburgh,United Kingdom,Scotland,City of Edinburgh,Missing
J.A. Brown,1908,Hooker,2,0,2,0,0,0,date unknown,g,n,i,s
George Cunningham,1908,Halfback,8,3,5,0,0,11,Broughty Ferry,United Kingdom,Scotland,Dundee City,Dundee
Geoffrey Gowlland,1908,Forward,7,3,4,0,1,3,Ealing,United Kingdom,England,Greater London,London
Hugh Martin,1908,Wing,5,2,3,0,1,3,Edinburgh,United Kingdom,Scotland,City of Edinburgh,Missing
John Wilson,1908,Forward,2,0,2,0,0,0,Trinidad,United States of America,Colorado,Las Animas County,Trinidad
Colin Gilray,1905,Wing,5,3,2,0,1,3,Broughty Ferry,United Kingdom,Scotland,Dundee City,Dundee
James Robertson,1908,Fly-half,1,1,0,0,0,0,?,g,n,i,s
Lewis Robertson,1908,Forward,9,3,6,0,0,0,Hawthornden,United Kingdom,LS21 3LE,England,Yorkshire and the Humber
Albert Wade,1908,Scrum-half,1,1,0,0,0,0,Glasgow,United Kingdom,G,Scotland,Glasgow City
Gus Angus,1909,Centre,18,7,11,0,3,9,NSW,Australia,New South Wales,Missing,Missing
Jim Tennent,1909,Halfback,6,3,3,0,5,15,Glasgow,United Kingdom,G,Scotland,Glasgow City
William Lely,1909,Prop,1,1,0,0,0,0,London,United Kingdom,England,Greater London,London
Robert Lindsay-Watson,1909,Wing,1,1,0,0,1,3,Hawick,United Kingdom,Scotland,Scottish Borders,Hawick
John MacGregor,1909,Fly-half,1,1,0,0,1,3,Pontypridd,United Kingdom,CF37; CF38,Wales,Mid Glamorgan
Jimmy Pearson,1909,Centre,12,6,6,0,1,10,Edinburgh,United Kingdom,Scotland,City of Edinburgh,Missing
Charles Stuart,1909,Forward,7,3,4,0,1,3,Glasgow,United Kingdom,G,Scotland,Glasgow City
Alexander Moodie,1909,Forward,3,2,1,0,0,0,Dundee,United Kingdom,Scotland,Dundee City,Dundee
James Reid-Kerr,1909,Forward,1,1,0,0,0,0,Greenock,United Kingdom,Scotland,Inverclyde,Greenock
Fletcher Buchanan,1910,Centre,3,1,2,0,0,0,Glasgow,United Kingdom,G,Scotland,Glasgow City
Ian Robertson,1910,Wing,1,1,0,0,2,6,?,g,n,i,s
Robert Stevenson,1910,Forward,9,3,6,0,0,0,Perth,Australia,Western Australia,Perth,Missing
Puss Milroy,1910,Scrum-half,12,3,9,0,1,3,Edinburgh,United Kingdom,Scotland,City of Edinburgh,Missing
Walter Sutherland,1910,Wing,13,4,9,0,4,12,Hawick,United Kingdom,Scotland,Scottish Borders,Hawick
Cecil Abercrombie,1910,Forward,6,2,4,0,1,3,Mozufferpore,g,n,i,s
Jimmy Dobson,1910,Wing,1,1,0,0,1,3,Glasgow,United Kingdom,G,Scotland,Glasgow City
Andrew Lindsay,1910,Scrum-half,2,1,1,0,0,0,Otepopo,g,n,i,s
Donald Macpherson,1905,Wing,3,2,1,0,1,3,Waimate,New Zealand/Aotearoa,Canterbury,Waimate District,Waimate
Rowland Fraser,1911,Prop,4,0,4,0,0,0,Perth,Australia,Western Australia,Perth,Missing
Frank Osler,1911,Scrum-half,2,0,2,0,0,0,Riversdale,Canada,S7M0X2,Saskatchewan,City of Saskatoon
Alexander Stevenson,1911,Forward,1,0,1,0,0,0,Glasgow,United Kingdom,G,Scotland,Glasgow City
Borth Todd,1911,Fullback,1,0,1,0,0,0,Peebles,United Kingdom,Scotland,Scottish Borders,Peebles
Freddie Turner,1911,Flanker,15,4,11,0,3,37,Liverpool,United Kingdom,England,North West England,Liverpool
Thomas Young,1911,Centre,1,0,1,0,0,0,Hartlepool,United Kingdom,England,North East England,Hartlepool
Donald Grant,1911,Wing,2,0,2,0,0,0,Burma,ပြည်ထောင်စုမြန်မာနိုင်ငံတော်‌,Missing,Missing,Missing
John Macdonald,1911,Wing,1,0,1,0,0,0,?,g,n,i,s
Andrew Ross,1911,Lock,4,0,4,0,0,0,Edinbu,g,n,i,s
Andrew Greig,1911,Fullback,1,0,1,0,0,0,Glasgow,United Kingdom,G,Scotland,Glasgow City
Carl Ogilvy,1911,Fullback,3,0,3,0,0,0,?,g,n,i,s
David Bain,1911,Prop,11,4,7,0,0,0,Edinburgh,United Kingdom,Scotland,City of Edinburgh,Missing
John Dobson,1911,Hooker,6,2,4,0,0,0,?,g,n,i,s
JY Henderson,1911,Fly-half,1,0,1,0,0,0,Edinburgh,United Kingdom,Scotland,City of Edinburgh,Missing
William Hutchison,1911,Lock,1,0,1,0,0,0,Glasgow,United Kingdom,G,Scotland,Glasgow City
Ronald Simson,1911,Centre,1,0,1,0,1,3,Edinburgh,United Kingdom,Scotland,City of Edinburgh,Missing
Stephen Steyn,1911,Wing,2,0,2,0,0,0,Moorreesburg,South Africa,Western Cape,West Coast District Municipality,Moorreesburg
Mike Dickson,1912,Fullback,7,4,3,0,0,0,1884,Sverige,Svealand,Örebro län,Nora
Sandy Gunn,1912,Fly-half,5,2,3,0,1,3,Pontypool,United Kingdom,NP4,Wales,Monmouthshire
Colin Hill,1912,Forward,2,1,1,0,0,0,Fife,United Kingdom,Scotland,Fife,Missing
Dave Howie,1912,Lock,7,3,4,0,0,0,Mid,Isle of Man,Middle,Missing,Missing
Jenny Hume,1912,Scrum-half,7,3,3,1,1,3,Edinburgh,United Kingdom,Scotland,City of Edinburgh,Missing
William Purves,1912,Lock,6,2,4,0,1,3,Wimbledon,United Kingdom,England,Greater London,London
Robert Robertson,1912,Forward,1,1,0,0,0,0,?,g,n,i,s
George Will,1912,Wing,7,2,5,0,5,15,Croydon,United Kingdom,England,Greater London,London
James Boyd,1912,Fly-half,2,1,1,0,0,0,Amoy,United States of America,Ohio,Richland County,Amoy
Billy Burnet,1912,Centre,1,1,0,0,0,0,?,g,n,i,s
Charlie Usher,1912,No. 8,16,8,6,2,2,6,?,g,n,i,s
Patrick Blair,1912,Prop,5,2,3,0,0,0,Wanlockhead,United Kingdom,Scotland,Dumfries and Galloway,Wanlockhead
Roland Gordon,1913,Centre,3,2,1,0,2,6,Malaya,Philippines,Metro Manila,Quezon City,District IV
George Ledingham,1913,Forward,1,1,0,0,0,0,Aberdeen,United Kingdom,Scotland,Aberdeenshire,Aberdeen
John Macdougall,1913,Lock,5,1,4,0,0,0,Greenock,United Kingdom,Scotland,Inverclyde,Greenock
Bill Stewart,1913,Wing,4,2,2,0,8,24,Tas,Australia,Tasmania,Missing,Missing
Rufus Bruce-Lockhart,1913,Centre,2,0,2,0,0,4,Ayrshire,United Kingdom,Scotland,Ayrshire,Missing
Thomas Bowie,1913,Fly-half,4,1,3,0,1,7,Edinburgh,United Kingdom,Scotland,City of Edinburgh,Missing
George Maxwell,1913,Flanker,13,3,9,1,0,7,Edinburgh,United Kingdom,Scotland,City of Edinburgh,Missing
Eric Loudoun-Shand,1913,Centre,1,0,1,0,0,0,Lambeth,United Kingdom,England,Greater London,London
John Sweet,1913,Wing,2,0,2,0,0,0,?,g,n,i,s
Willie Wallace,1913,Fullback,4,0,4,0,0,0,Edinburgh,United Kingdom,Scotland,City of Edinburgh,Missing
David Donald,1914,Prop,2,0,2,0,0,0,?,g,n,i,s
Andrew Hamilton,1914,Fly-half,2,1,1,0,0,0,Hamilton,Canada,Ontario,Hamilton,Missing
Podger Laing,1914,Lock,7,3,4,0,0,4,?,g,n,i,s
Ronald Scobie,1914,Centre,3,0,3,0,0,0,?,g,n,i,s
Allen Sloan,1914,Wing,9,4,5,0,3,9,Edinburgh,United Kingdom,Scotland,City of Edinburgh,Missing
Archibald Stewart,1914,Forward,1,0,1,0,0,0,Leith,United Kingdom,Scotland,City of Edinburgh,Leith
Archibald Symington,1914,Lock,2,0,2,0,0,0,Calcutta,India,West Bengal,Kolkata,Missing
Jock Wemyss,1914,Prop,7,2,3,2,0,0,Galashiels,United Kingdom,Scotland,Scottish Borders,Galashiels
Jack Warren,1914,Centre,1,0,1,0,0,0,Glasgow,United Kingdom,G,Scotland,Glasgow City
James Huggan,1914,Wing,1,0,1,0,1,3,Jedburgh,United Kingdom,Scotland,Scottish Borders,Jedburgh
Ian Moffat-Pender,1914,Prop,1,0,1,0,0,0,?,g,n,i,s
Eric Young,1914,Flanker,1,0,1,0,0,0,?,g,n,i,s
Gerard Crole,1920,Wing,4,3,1,0,3,9,Edinburgh,United Kingdom,Scotland,City of Edinburgh,Missing
Denoon Duncan,1920,Prop,4,3,1,0,0,0,1893,Österreich,8160,Steiermark,Weiz
Ernest Fahmy,1920,Centre,4,3,1,0,0,0,Amoy,United States of America,Ohio,Richland County,Amoy
Bob Gallie,1920,Hooker,8,4,4,0,0,0,?,g,n,i,s
Finlay Kennedy,1920,Prop,5,3,2,0,0,13,?,g,n,i,s
Monty Murray,1920,Flanker,3,2,1,0,0,0,Glasgow,United Kingdom,G,Scotland,Glasgow City
George Pattullo,1920,Fullback,4,3,1,0,0,0,Ceylon,United States of America,penna,Greene County,Ceylon
George Thom,1920,Flanker,4,3,1,0,0,0,Fife,United Kingdom,Scotland,Fife,Missing
Eric MacKay,1920,Wing,2,1,1,0,0,0,Glasgow,United Kingdom,G,Scotland,Glasgow City
Neil Macpherson,1920,Forward,11,3,7,1,0,0,Cardiff,United Kingdom,Wales,Cardiff,Missing
Jake Selby,1920,Scrum-half,2,2,0,0,0,0,Port William,United States of America,Alaska,Kodiak Island,Port William
Arthur Browning,1920,Wing,7,4,1,2,5,22,Renfrew,United Kingdom,Scotland,Renfrewshire,Renfrew
Charles Nimmo,1920,Scrum-half,1,0,1,0,0,0,Edinburgh,United Kingdom,Scotland,City of Edinburgh,Missing
John Bannerman,1921,Lock,37,22,13,2,2,6,Glasgow,United Kingdom,G,Scotland,Glasgow City
Jimmy Carmichael,1921,Wing,3,1,2,0,0,0,Edinburgh,United Kingdom,Scotland,City of Edinburgh,Missing
Ronald Cumming,1921,Prop,2,1,1,0,0,0,Speyside,Trinidad and Tobago,Speyside,Missing,Missing
Hector Forsayth,1921,Fullback,7,2,4,1,0,0,NSW,Australia,New South Wales,Missing,Missing
Leslie Gracie,1921,Centre,13,5,6,2,2,6,Ceylon,United States of America,penna,Greene County,Ceylon
Ian Kilgour,1921,Wing,1,0,1,0,0,0,?,g,n,i,s
Alpin Thomson,1921,Centre,3,1,2,0,1,3,WA,United States of America,Washington,Missing,Missing
Rankin Buchanan,1921,Hooker,16,9,6,1,1,3,1896,Россия,СКФО,Карачаево-Черкесия,Зеленчукский район
Russell Donald,1921,Fly-half,3,1,2,0,0,0,Glasgow,United Kingdom,G,Scotland,Glasgow City
George Douglas,1921,Lock,1,1,0,0,0,0,?,g,n,i,s
Hamish Shaw,1921,No. 8,2,1,1,0,0,0,?,g,n,i,s
John McCrow,1921,Wing,1,0,1,0,0,0,Chirnside,United Kingdom,Scotland,Scottish Borders,Chirnside
George Murray,1921,Prop,2,1,1,0,0,0,Glasgow,United Kingdom,G,Scotland,Glasgow City
Jock Stewart,1921,Flanker,1,0,1,0,0,0,?,g,n,i,s
Cecil Mackenzie,1921,Centre,1,0,1,0,0,0,1889,United States of America,North Carolina,Haywood County,Cruso
David Bertram,1922,Hooker,11,6,3,2,2,8,Edinburgh,United Kingdom,Scotland,City of Edinburgh,Missing
Doug Davies,1922,No. 8,24,12,9,3,0,3,Ashkirk,United Kingdom,Scotland,Scottish Borders,Ashkirk
Jimmy Dykes,1922,Centre,20,14,5,1,3,20,Glasgow,United Kingdom,G,Scotland,Glasgow City
Bill Johnston,1922,Fullback,1,0,0,1,0,0,1896,Россия,СКФО,Карачаево-Черкесия,Зеленчукский район
Jock Lawrie,1922,Flanker,11,6,3,2,0,0,Melrose,United States of America,Massachusetts,Middlesex County,Melrose
Eric Liddell,1922,Wing,7,4,1,2,4,12,Tientsin,中华人民共和国,天津市,和平区 (Heping),天津市
Phil Macpherson,1922,Centre,26,13,10,3,4,12,Newtonmore,United Kingdom,Scotland,Highland,Newtonmore
Andrew Stevenson,1922,Prop,4,2,1,1,0,0,Glasgow,United Kingdom,G,Scotland,Glasgow City
Willie Bryce,1922,Scrum-half,11,6,4,1,3,9,Lancs,United Kingdom,S6 3TB,England,Yorkshire and the Humber
William Dobson,1922,Prop,3,1,1,1,0,0,?,g,n,i,s
Ronald Warren,1922,Fullback,5,2,1,2,0,0,Glasgow,United Kingdom,G,Scotland,Glasgow City
Jimmy Tolmie,1922,Wing,1,0,1,0,0,0,United States,United States of America,Missing,Missing,Missing
Dan Drysdale,1923,Fullback,30,18,11,1,0,45,Stirlingshire,United Kingdom,Scotland,Stirlingshire,Missing
David Kerr,1923,Prop,10,5,5,0,2,6,?,g,n,i,s
Teddy McLaren,1923,Centre,5,3,2,0,3,9,?,g,n,i,s
Samuel McQueen,1923,Fly-half,4,3,1,0,1,3,Liverpool,United Kingdom,England,North West England,Liverpool
Ludo Stuart,1923,Lock,8,3,4,1,1,3,?,g,n,i,s
Johnny Wallace,1921,Wing,17,11,6,0,16,48,NSW,Australia,New South Wales,Missing,Missing
Robert Simpson,1923,Flanker,1,1,0,0,0,0,Glasgow,United Kingdom,G,Scotland,Glasgow City
Kelvin Hendrie,1924,No. 8,4,2,2,0,0,0,1898,Luxembourg,1898,District Luxembourg,Canton Esch-sur-Alzette
Bob Howie,1924,Prop,11,5,5,1,0,0,Gorebridge,United Kingdom,Scotland,Midlothian,Gorebridge
Chris Mackintosh,1924,Wing,1,0,1,0,0,0,Charville,France,91910,France métropolitaine,Île-de-France
Andrew Ross,1924,Hooker,2,1,1,0,0,0,1904,Sverige,Svealand,Västmanlands län,Skinnskatteberg
Herbert Waddell,1924,Fly-half,18,11,7,0,7,45,Glasgow,United Kingdom,G,Scotland,Glasgow City
George Aitken,1921,Centre,10,8,2,0,0,0,Westport,United States of America,Connecticut,Fairfield County,Westport
Sandy Gillies,1924,No. 8,12,10,2,0,1,26,Argyll,Australia,Queensland,Argyll,Missing
Ian Smith,1924,Wing,34,20,14,0,24,72,VIC,Australia,Victoria,Missing,Missing
Robert Henderson,1924,Forward,4,1,2,1,0,0,Coldstream,United States of America,Kentucky,Jefferson County,Coldstream
Robert Millar,1924,Wing,1,1,0,0,0,0,?,g,n,i,s
James Gilchrist,1925,Hooker,1,1,0,0,0,0,?,g,n,i,s
David MacMyn,1925,Lock,11,10,1,0,2,6,Kirkcudbright,United Kingdom,Scotland,Dumfries and Galloway,Kirkcudbright
Jimmy Nelson,1925,Scrum-half,25,15,9,1,2,6,Glasgow,United Kingdom,G,Scotland,Glasgow City
John Paterson,1925,Flanker,21,15,6,0,2,6,?,g,n,i,s
James Scott,1925,Lock,18,13,5,0,2,6,?,g,n,i,s
William Stevenson,1925,Prop,1,1,0,0,0,0,?,g,n,i,s
Jimmie Ireland,1925,Hooker,11,9,2,0,0,0,Glasgow,United Kingdom,G,Scotland,Glasgow City
William Berkley,1926,Prop,4,3,1,0,0,0,?,g,n,i,s
Roy Kinnear,1924,Centre,7,2,4,1,0,0,Edinburgh,United Kingdom,Scotland,City of Edinburgh,Missing
Max Simmers,1926,Wing,28,13,14,1,6,18,Glasgow,United Kingdom,G,Scotland,Glasgow City
Jimmie Graham,1926,Flanker,15,6,8,1,1,3,Selkirk,Canada,Manitoba,Selkirk,Missing
Gordon Boyd,1926,Wing,1,1,0,0,0,0,Lanarkshire,United Kingdom,Scotland,Lanarkshire,Missing
Jock Allan,1927,Prop,17,7,9,1,0,27,?,g,n,i,s
Edward Taylor,1927,Wing,2,2,0,0,0,0,1907,Algérie الجزائر,Sétif - سطيف‎,Draa Kebila,Missing
Peter Douty,1927,Scrum-half,3,2,1,0,1,3,Leeds,United Kingdom,England,Yorkshire and the Humber,Leeds
William Ferguson,1927,Prop,5,2,3,0,0,0,?,g,n,i,s
Harry Greenlees,1927,Fly-half,6,4,1,1,0,0,Pollockshields,g,n,i,s
Robert Kelly,1927,Centre,4,2,2,0,0,0,Edinburgh,United Kingdom,Scotland,City of Edinburgh,Missing
William Roughead,1927,Hooker,12,4,7,1,0,0,?,g,n,i,s
Willie Welsh,1927,Flanker,22,10,11,1,1,3,Hawick,United Kingdom,Scotland,Scottish Borders,Hawick
Jimmy Ferguson,1928,Prop,1,0,1,0,0,0,?,g,n,i,s
John Goodfellow,1928,Wing,3,0,3,0,0,0,?,g,n,i,s
Jo Hume,1928,Centre,2,0,2,0,0,0,Mx,Estados Unidos Mexicanos,Missing,Missing,Missing
Harry Lind,1928,Centre,16,6,10,0,1,7,Fifeshire,New Zealand/Aotearoa,Nelson,Fifeshire Rock,Missing
Alex Brown,1928,Fly-half,3,1,2,0,0,7,Edinburgh,United Kingdom,Scotland,City of Edinburgh,Missing
Jock Beattie,1929,Lock,23,9,14,0,0,0,Hawick,United Kingdom,Scotland,Scottish Borders,Hawick
Hugh Mackintosh,1929,Hooker,16,6,9,1,3,9,Helmsdale,United Kingdom,Scotland,Highland,Helmsdale
Bob Smith,1929,Prop,7,4,3,0,0,0,?,g,n,i,s
Kenneth Wright,1929,Flanker,4,3,1,0,0,0,?,g,n,i,s
Tom Aitchison,1929,Fullback,3,2,1,0,0,0,Galashiels,United Kingdom,Scotland,Scottish Borders,Galashiels
Thomas Brown,1929,Centre,1,0,1,0,0,0,Edinburg,United Kingdom,Scotland,City of Edinburgh,Missing
Charlie Brown,1929,Wing,1,1,0,0,1,3,nr Falkirk,g,n,i,s
William Emslie,1930,Fly-half,2,0,2,0,0,0,United States,United States of America,Missing,Missing,Missing
Reginald Langrish,1930,Fullback,4,1,3,0,0,0,?,g,n,i,s
Bobby Rowand,1930,Flanker,7,4,3,0,0,0,?,g,n,i,s
Jack Stewart,1930,Lock,1,0,1,0,0,0,?,g,n,i,s
Frank Waters,1930,Flanker,7,1,5,1,1,7,Middx,g,n,i,s
Bill Agnew,1930,Lock,2,1,1,0,0,0,Glasgow,United Kingdom,G,Scotland,Glasgow City
Jerry Foster,1930,Prop,4,1,3,0,0,0,Hallrule Hobkirk,g,n,i,s
Thomas Hart,1930,Centre,2,1,1,0,0,0,Glasgow,United Kingdom,G,Scotland,Glasgow City
Sammy Ford,1930,Centre,5,1,3,1,2,6,Hants,Canada,Nova Scotia,Hants County,Missing
James Hutton,1930,Centre,2,1,0,1,0,0,Tsientsin,g,n,i,s
Henry Polson,1930,Flanker,1,0,0,1,0,0,Gala,Nigeria,Kano,Sumaila,Gala
David McLaren,1931,Lock,1,1,0,0,0,0,?,g,n,i,s
Alexander Walker,1931,Lock,5,2,3,0,0,0,Ayrshire,United Kingdom,Scotland,Ayrshire,Missing
Alfred Wilson,1931,Centre,3,2,1,0,0,0,?,g,n,i,s
James Wilson,1931,No. 8,5,2,3,0,0,0,Dundee,United Kingdom,Scotland,Dundee City,Dundee
Donald Crichton-Miller,1931,Flanker,3,1,2,0,2,6,San Resno,España,Castilla-La Mancha,Cuenca,Gascueña
Dod Wood,1931,Wing,5,0,5,0,1,3,Galashiels,United Kingdom,Scotland,Scottish Borders,Galashiels
Ross Logan,1931,Scrum-half,20,7,13,0,2,6,Edinburgh,United Kingdom,Scotland,City of Edinburgh,Missing
James Forrest,1932,Wing,3,1,2,0,0,0,?,g,n,i,s
Thomas Lawther,1932,Fullback,2,0,2,0,0,0,Bute,United Kingdom,Scotland,Argyll and Bute,Bute
Mark Stewart,1932,Lock,9,4,5,0,0,0,Musselburgh,United Kingdom,Scotland,East Lothian,Musselburgh
Harry Hutton,1932,Fullback,1,0,1,0,0,0,?,g,n,i,s
Andrew Dykes,1932,Fullback,1,0,1,0,0,0,Bearsden,United Kingdom,G61,Scotland,East Dunbartonshire
John Macarthur,1932,Scrum-half,1,0,1,0,0,0,West Derby,United Kingdom,England,North West England,Liverpool
George Ritchie,1932,No. 8,1,0,1,0,0,0,Dundee,United Kingdom,Scotland,Dundee City,Dundee
Francis Wright,1932,Lock,1,0,1,0,0,0,?,g,n,i,s
David Brown,1933,Fullback,3,3,0,0,0,0,Dunscore.Dumfries,United Kingdom,Scotland,Dumfries and Galloway,Dunscore
Ken Fyfe,1933,Wing,10,3,7,0,3,25,Karachi,‏پاکستان‎,سنڌ,Karāchi District,ڪراچي
Mac Henderson,1933,No. 8,3,3,0,0,0,0,Tranent,United Kingdom,Scotland,East Lothian,Tranent
Ken Jackson,1933,Fly-half,4,3,1,0,1,7,Shanghai,中华人民共和国,上海,黄浦区 (Huangpu),上海市
Bertie Lorraine,1933,Centre,3,3,0,0,0,0,?,g,n,i,s
Jim Ritchie,1933,Prop,6,4,2,0,0,3,?,g,n,i,s
James Thom,1933,Prop,3,3,0,0,0,0,Kirkcaldy,United Kingdom,Scotland,Fife,Kirkcaldy
Jack Waters,1933,No. 8,17,7,10,0,0,0,Musselburgh,United Kingdom,Scotland,East Lothian,Musselburgh
Peter Gedge,1933,Wing,1,1,0,0,0,0,York,United Kingdom,England,Yorkshire and the Humber,York
Bill Burnet,1934,Lock,8,1,7,0,0,0,Glasgo,United States of America,Connecticut,New London County,Glasgo
Charles Dick,1934,Centre,14,6,8,0,6,18,Sevenoaks,United Kingdom,England,South East,Kent
Lindsay Lambie,1934,Flanker,7,2,5,0,1,3,Lanark,United Kingdom,ML11,Scotland,South Lanarkshire
Douglas Lowe,1934,Lock,1,0,1,0,0,0,?,g,n,i,s
Kenneth Marshall,1934,Fullback,8,2,6,0,0,0,Kimberley,South Africa,Northern Cape,Frances Baard District Municipality,Kimberley
Jack Park,1934,Wing,1,0,1,0,0,0,Edinburgh,United Kingdom,Scotland,City of Edinburgh,Missing
Wilson Shaw,1934,Fly-half,19,6,13,0,8,28,1913,Norge,Troms,Skånland,Missing
David Thom,1934,Flanker,5,1,4,0,1,3,Hawick,United Kingdom,Scotland,Scottish Borders,Hawick
James Cotter,1934,Fly-half,2,1,1,0,0,0,Motherwell,United Kingdom,ML1,Scotland,North Lanarkshire
Gordon Cottington,1934,Hooker,5,1,4,0,0,0,?,g,n,i,s
John Crawford,1934,Wing,1,1,0,0,1,3,Kensington,United Kingdom,England,Greater London,London
Jack Watherston,1934,Flanker,2,1,1,0,0,0,Edinburgh,United Kingdom,Scotland,City of Edinburgh,Missing
Charlie Grieve,1935,Fullback,4,1,3,0,0,4,Philippine,Nederland,4553,Nederland,Zeeland
Bob Grieve,1935,Prop,7,1,6,0,0,0,St Boswells,United Kingdom,Scotland,Scottish Borders,St Boswells
Johnny Johnston,1935,Wing,5,1,4,0,0,0,Croydon,United Kingdom,England,Greater London,London
Ronald Murray,1935,Prop,2,1,1,0,0,0,Glasgow,United Kingdom,G,Scotland,Glasgow City
Alastair McNeil,1935,Prop,1,0,1,0,0,0,Edinburgh,United Kingdom,Scotland,City of Edinburgh,Missing
William Murdoch,1935,Fullback,9,3,6,0,1,15,Old Kilpatrick,Canada,Ontario,Kilpatrick Creek,Missing
Peter Tait,1935,Hooker,1,1,0,0,0,0,?,g,n,i,s
Dod Gray,1935,Hooker,4,1,3,0,0,0,?,g,n,i,s
Jimmy Kerr,1935,Fullback,5,1,4,0,0,0,Edinburgh,United Kingdom,Scotland,City of Edinburgh,Missing
Duncan Shaw,1935,Flanker,6,1,5,0,0,7,Galashiels,United Kingdom,Scotland,Scottish Borders,Galashiels
Malcolm Cooper,1936,Flanker,2,0,2,0,0,0,Napier,New Zealand/Aotearoa,Hawke's Bay,Napier City,Napier
Harvey Druitt,1936,Hooker,3,0,3,0,0,0,?,g,n,i,s
Laurie Duff,1936,No. 8,8,4,4,0,2,6,Lanark,United Kingdom,ML11,Scotland,South Lanarkshire
Hugh Murray,1936,Centre,2,0,2,0,1,3,Coatbridge,United Kingdom,ML5,Scotland,North Lanarkshire
Vivian Weston,1936,Flanker,2,0,2,0,0,0,Glasgow,United Kingdom,G,Scotland,Glasgow City
Robert Whitworth,1936,Wing,1,0,1,0,0,0,United States,United States of America,Missing,Missing,Missing
Rob Barrie,1936,Flanker,1,0,1,0,0,0,Hawick,United Kingdom,Scotland,Scottish Borders,Hawick
Maurice Henderson,1937,Prop,3,1,2,0,0,0,?,g,n,i,s
George Horsburgh,1937,Lock,9,4,5,0,0,0,Stirling,United Kingdom,Scotland,Stirlingshire,Stirling
Joe Inglis,1937,Prop,6,4,2,0,0,0,Berwick,United Kingdom,England,North East England,Northumberland
Duncan Macrae,1937,Centre,10,4,6,0,1,3,Balmacara,United Kingdom,Scotland,Highland,Balmacara
Christian Melville,1937,Lock,3,1,2,0,0,0,?,g,n,i,s
Bill Ross,1937,Fly-half,2,1,1,0,0,0,?,g,n,i,s
Bill Young,1937,Flanker,10,5,5,0,1,3,Ardrossan,United Kingdom,Scotland,North Ayrshire,Ardrossan
Rab Bruce-Lockhart,1937,Fly-half,3,0,3,0,0,0,Rugby,United Kingdom,England,West Midlands,Warwickshire
Ian Shaw,1937,Centre,1,0,1,0,0,4,Glasgow,United Kingdom,G,Scotland,Glasgow City
Robert Dryden,1937,Wing,1,0,1,0,0,0,Edinburgh,United Kingdom,Scotland,City of Edinburgh,Missing
Jake Borthwick,1938,Prop,2,2,0,0,0,0,Edinburgh,United Kingdom,Scotland,City of Edinburgh,Missing
Wilf Crawford,1938,Flanker,5,3,2,0,1,21,Rochester,United States of America,New York,Monroe County,Rochester
Tommy Dorward,1938,Scrum-half,5,3,2,0,0,4,Galashiels,United Kingdom,Scotland,Scottish Borders,Galashiels
Archibald Drummond,1938,Wing,2,2,0,0,1,6,Glasgow,United Kingdom,G,Scotland,Glasgow City
John Forrest,1938,Wing,3,3,0,0,2,6,Rhodesia,United Kingdom,England,East Midlands,Nottinghamshire
John Hastie,1938,Hooker,3,3,0,0,0,0,Peebles,United Kingdom,Scotland,Scottish Borders,Peebles
George Roberts,1938,Fullback,5,3,2,0,0,0,Edinburgh,United Kingdom,Scotland,City of Edinburgh,Missing
Allan Roy,1938,Lock,6,3,3,0,0,0,Southport,United Kingdom,England,North West England,Sefton
William Blackadder,1938,Prop,1,1,0,0,0,0,Edinburgh,United Kingdom,Scotland,City of Edinburgh,Missing
William Renwick,1938,Wing,2,1,1,0,2,6,Edinburgh,United Kingdom,Scotland,City of Edinburgh,Missing
Willie Brydon,1939,Scrum-half,1,0,1,0,0,0,?,g,n,i,s
John Craig,1939,Wing,1,0,1,0,0,0,Calcutta,India,West Bengal,Kolkata,Missing
George Gallie,1939,Prop,1,0,1,0,0,0,Edinburgh,United Kingdom,Scotland,City of Edinburgh,Missing
Donny Innes,1939,Centre,8,2,6,0,1,3,Aberdeen,United Kingdom,Scotland,Aberdeenshire,Aberdeen
Bill Purdie,1939,Prop,3,0,3,0,0,0,Jedburgh,United Kingdom,Scotland,Scottish Borders,Jedburgh
Sammy Sampson,1939,Hooker,2,0,2,0,0,0,South America,South America,Missing,Missing,Missing
Ian Graham,1939,Hooker,2,0,2,0,0,0,Forfar,United Kingdom,Scotland,Angus,Forfar
Ian Henderson,1939,Prop,8,1,7,0,0,0,Tranent,United Kingdom,Scotland,East Lothian,Tranent
Donald Mackenzie,1939,No. 8,2,0,2,0,0,0,Edinburgh,United Kingdom,Scotland,City of Edinburgh,Missing
Bill Penman,1939,Fullback,1,0,1,0,0,0,London,United Kingdom,England,Greater London,London
Gus Black,1947,Scrum-half,8,2,5,1,0,0,Dunfermline,United Kingdom,Scotland,Fife,Dunfermline
Russell Bruce,1947,Fly-half,8,2,6,0,0,0,?,g,n,i,s
George Cawkwell,1947,Lock,1,0,1,0,0,0,Auckland,New Zealand/Aotearoa,Auckland,Missing,Missing
David Deas,1947,No. 8,2,0,2,0,0,0,?,g,n,i,s
Charlie Drummond,1947,Centre,11,4,7,0,1,3,St Boswells,United Kingdom,Scotland,Scottish Borders,St Boswells
Doug Elliot,1947,Flanker,29,7,22,0,2,6,Midlothian,United Kingdom,Scotland,Midlothian,Missing
Keith Geddes,1947,Fullback,4,0,4,0,0,10,Woking,Canada,Alberta,Woking,Missing
John Hunter,1947,Lock,1,0,1,0,0,0,Kirkcaldy,United Kingdom,Scotland,Fife,Kirkcaldy
Graeme Jackson,1947,Wing,12,4,8,0,2,6,Sidcup,United Kingdom,England,Greater London,London
Ian Lumsden,1947,Fullback,7,2,5,0,0,0,Edinbur,g,n,i,s
Thomas McGlashan,1947,Prop,8,0,8,0,0,0,Edinburgh,United Kingdom,Scotland,City of Edinburgh,Missing
Bill MacLennan,1947,Wing,2,0,2,0,0,0,Edinburgh,United Kingdom,Scotland,City of Edinburgh,Missing
John Orr,1947,Flanker,2,0,2,0,0,0,Edinburgh,United Kingdom,Scotland,City of Edinburgh,Missing
Alexander Watt,1947,No. 8,6,1,5,0,0,0,?,g,n,i,s
Richard Aitken,1947,Prop,1,0,1,0,0,0,Dunbar,United Kingdom,Scotland,East Lothian,Dunbar
Frank Coutts,1947,Lock,3,0,3,0,0,0,Glasgow,United Kingdom,G,Scotland,Glasgow City
David Mackenzie,1947,Wing,6,1,5,0,0,0,Wallsend-on-Tyne,United Kingdom,NE10 0QX,England,North East England
Ernie Anderson,1947,Scrum-half,2,0,2,0,0,0,?,g,n,i,s
Howard Campbell,1947,Prop,4,1,3,0,0,0,Nairobi,Kenya,Nairobi,Missing,Missing
Alastair Fisher,1947,Hooker,2,0,2,0,0,0,Edinburgh,United Kingdom,Scotland,City of Edinburgh,Missing
Jimmy Lees,1947,Flanker,5,2,3,0,0,0,Selkirk,Canada,Manitoba,Selkirk,Missing
Duncan McLean,1947,No. 8,2,0,2,0,0,0,?,g,n,i,s
Billy Munro,1947,Centre,2,0,2,0,0,0,?,g,n,i,s
Dave Valentine,1947,Flanker,2,0,2,0,0,0,Hawick,United Kingdom,Scotland,Scottish Borders,Hawick
Dallas Allardice,1947,Scrum-half,8,3,5,0,0,5,Glasgow,United Kingdom,G,Scotland,Glasgow City
Robert Bruce,1947,Prop,4,1,3,0,0,0,Aberdeen,United Kingdom,Scotland,Aberdeenshire,Aberdeen
Leslie Currie,1947,Lock,8,3,5,0,0,0,?,g,n,i,s
Hamish Dawson,1947,Prop,20,6,14,0,1,3,?,g,n,i,s
Peter Hepburn,1947,Fly-half,9,4,5,0,0,4,?,g,n,i,s
Doddie Lyall,1947,Hooker,5,2,3,0,0,0,?,g,n,i,s
Charlie McDonald,1947,Wing,1,0,1,0,0,3,Jedburgh,United Kingdom,Scotland,Scottish Borders,Jedburgh
Tommy Wright,1947,Centre,1,0,1,0,0,0,Hawick,United Kingdom,Scotland,Scottish Borders,Hawick
Bill Black,1948,Prop,5,2,3,0,0,0,United States,United States of America,Missing,Missing,Missing
Angus Cameron,1948,Fly-half,19,6,13,0,2,29,Glasgow,United Kingdom,G,Scotland,Glasgow City
Stewart Coltman,1948,Prop,5,2,3,0,0,0,Hawick,United Kingdom,Scotland,Scottish Borders,Hawick
Logie Bruce-Lockhart,1948,Fly-half,5,2,3,0,0,2,Rugby,United Kingdom,England,West Midlands,Warwickshire
Robert Finlay,1948,Lock,1,1,0,0,0,0,Edinburgh,United Kingdom,Scotland,City of Edinburgh,Missing
Gibbie Abercrombie,1949,Hooker,7,4,3,0,1,3,1928,Norge,Troms,Torsken,Missing
Laurie Gloag,1949,Centre,4,2,2,0,1,3,Stokesley,United Kingdom,England,Yorkshire and the Humber,North Yorkshire
Doug Keller,1947,Flanker,13,6,7,0,0,0,NSW,Australia,New South Wales,Missing,Missing
Peter Kininmonth,1949,No. 8,24,5,18,1,1,6,Cheshire,United States of America,Connecticut,New Haven County,Cheshire
Doug Smith,1949,Wing,9,4,5,0,1,3,Aberdeen,United Kingdom,Scotland,Aberdeenshire,Aberdeen
Gullie Wilson,1949,Lock,3,2,1,0,0,3,?,g,n,i,s
Alex Thomson,1949,Lock,1,0,1,0,0,0,?,g,n,i,s
John Macphail,1949,Hooker,2,0,2,0,0,0,?,g,n,i,s
Steven Wright,1949,Prop,1,0,1,0,0,0,Tsengchow,g,n,i,s
Grahame Budge,1950,Prop,5,2,3,0,1,3,Manitoba,Canada,Manitoba,Missing,Missing
Dod Burrell,1950,Fullback,4,1,3,0,0,0,Galashiels,United Kingdom,Scotland,Scottish Borders,Galashiels
Arthur Dorward,1950,Scrum-half,15,3,12,0,0,3,Galashiels,United Kingdom,Scotland,Scottish Borders,Galashiels
Bob Gemmill,1950,Lock,7,3,4,0,0,0,Glasgow,United Kingdom,G,Scotland,Glasgow City
Ranald Macdonald,1950,Centre,6,3,2,1,2,6,Consett,United Kingdom,England,North East England,County Durham
Douglas Muir,1950,Lock,7,2,5,0,0,0,Edinburgh,United Kingdom,Scotland,City of Edinburgh,Missing
Donald Sloan,1950,Centre,7,3,4,0,3,9,Edinburgh,United Kingdom,Scotland,City of Edinburgh,Missing
Donald Scott,1950,Centre,10,2,8,0,0,0,Langholm,United Kingdom,Scotland,Dumfries and Galloway,Langholm
Tommy Gray,1950,Fullback,3,1,2,0,0,10,?,g,n,i,s
Hamish Scott,1950,Flanker,1,1,0,0,0,0,Edinburgh,United Kingdom,Scotland,City of Edinburgh,Missing
Allan Cameron,1951,Centre,3,0,3,0,0,0,Glasgow,United Kingdom,G,Scotland,Glasgow City
Ian Coutts,1951,Centre,2,0,2,0,0,0,Herne Hill,United Kingdom,England,Greater London,London
Jack Hegarty,1951,Lock,6,0,6,0,0,0,Hawick,United Kingdom,Scotland,Scottish Borders,Hawick
Hamish Inglis,1951,Lock,7,1,6,0,0,2,Calcutta,India,West Bengal,Kolkata,Missing
Norman Mair,1951,Hooker,4,1,3,0,0,0,Edinburgh,United Kingdom,Scotland,City of Edinburgh,Missing
David Rose,1951,Wing,7,1,6,0,3,9,Jedburgh,United Kingdom,Scotland,Scottish Borders,Jedburgh
Iain Ross,1951,Scrum-half,4,1,3,0,0,0,?,g,n,i,s
Oliver Turnbull,1951,Centre,2,0,2,0,0,0,Melrose,United States of America,Massachusetts,Middlesex County,Melrose
Bob Wilson,1951,Prop,8,1,7,0,0,0,Galashiels,United Kingdom,Scotland,Scottish Borders,Galashiels
Bob Gordon,1951,Wing,6,1,5,0,2,6,?,g,n,i,s
Robert Taylor,1951,Flanker,4,1,3,0,0,0,?,g,n,i,s
Ian Thomson,1951,Fullback,7,1,6,0,0,27,Edinburgh,United Kingdom,Scotland,City of Edinburgh,Missing
Ken Dalgleish,1951,Wing,4,0,4,0,0,0,Burma,ပြည်ထောင်စုမြန်မာနိုင်ငံတော်‌,Missing,Missing,Missing
John Hart,1951,Wing,1,0,1,0,0,0,Stirling,United Kingdom,Scotland,Stirlingshire,Stirling
Jimmy Johnston,1951,Lock,5,0,5,0,1,3,St Boswells,United Kingdom,Scotland,Scottish Borders,St Boswells
Les Allan,1952,Centre,4,0,4,0,0,0,Melrose,United States of America,Massachusetts,Middlesex County,Melrose
Ian Cordial,1952,Centre,4,0,4,0,1,3,?,g,n,i,s
Norman Davidson,1952,Fly-half,7,0,7,0,1,3,Hawick,United Kingdom,Scotland,Scottish Borders,Hawick
John Fox,1952,Prop,4,0,4,0,0,0,1921,Algérie الجزائر,Sétif - سطيف‎,Daïra Djemila,Djemila
Kelso Fulton,1952,Scrum-half,2,0,2,0,0,0,Edinburgh,United Kingdom,Scotland,City of Edinburgh,Missing
Jim Greenwood,1952,No. 8,24,10,13,1,2,6,Dunfermline,United Kingdom,Scotland,Fife,Dunfermline
Norman Munnoch,1952,Hooker,3,0,3,0,0,0,nr Falkirk,g,n,i,s
Mike Walker,1952,Lock,1,0,1,0,0,0,London,United Kingdom,England,Greater London,London
Neil Cameron,1952,Fullback,3,0,3,0,0,2,Carlisle,United Kingdom,England,North West England,Cumbria
Percy Friebe,1952,No. 8,1,0,1,0,0,0,?,g,n,i,s
David Gilbert-Smith,1952,Flanker,1,0,1,0,0,0,Poona,Australia,Queensland,Poona,Missing
James Inglis,1952,Prop,1,0,1,0,0,0,?,g,n,i,s
Grant Weatherstone,1952,Wing,16,2,12,2,3,9,1931,Norge,Troms,Lenvik,Missing
Chick Henderson,1953,"Lock, Flanker",9,0,9,0,3,9,Johannesburg,South Africa,2001,Gauteng,City of Johannesburg Metropolitan Municipality
Jock King,1953,Hooker,4,0,4,0,0,0,?,g,n,i,s
Donald Macdonald,1953,No. 8,4,0,3,1,0,0,Banff,Canada,Alberta,Banff,Missing
Keith McMillan,1953,Flanker,4,0,4,0,0,0,South Africa?,South Africa,Missing,Missing,Missing
Bruce Thomson,1953,Prop,3,0,3,0,0,0,1930,België - Belgique - Belgien,1930,Vlaanderen,Vlaams-Brabant
Alec Valentine,1953,Flanker,3,0,3,0,0,0,Hawick,United Kingdom,Scotland,Scottish Borders,Hawick
Donald Cameron,1953,Centre,6,0,6,0,0,0,Glasgow,United Kingdom,G,Scotland,Glasgow City
Edwin Henriksen,1953,No. 8,1,0,1,0,0,0,?,g,n,i,s
Gurth Hoyer-Millar,1953,Hooker,1,0,1,0,0,0,London,United Kingdom,England,Greater London,London
Ken Spence,1953,Scrum-half,1,0,1,0,0,0,?,g,n,i,s
John Wilson,1953,Prop,1,0,1,0,0,0,Edinburgh,United Kingdom,Scotland,City of Edinburgh,Missing
William Cowie,1953,No. 8,1,0,1,0,0,0,Glasgow,United Kingdom,G,Scotland,Glasgow City
Walter Kerr,1953,Flanker,1,0,1,0,0,0,Purley,United Kingdom,England,Greater London,London
Ian Swan,1953,Wing,17,6,11,0,1,3,St Andrew's,United Kingdom,Scotland,Fife,St Andrews
Ewen Fergusson,1954,Lock,5,0,5,0,0,0,1932,Algérie الجزائر,Sétif - سطيف‎,Daïra Hammam Sokhna,Hammam Sokhna
Bob MacEwen,1954,Hooker,13,3,10,0,0,0,Oxford,United Kingdom,England,South East,Oxon
Hugh McLeod,1954,Prop,46,16,27,3,0,0,Hawick,United Kingdom,Scotland,Scottish Borders,Hawick
John Marshall,1954,Fullback,5,0,5,0,0,0,Sheffield,United Kingdom,England,Yorkshire and the Humber,Sheffield
Ernie Michie,1954,Lock,15,5,10,0,1,3,Aberdeen,United Kingdom,Scotland,Aberdeenshire,Aberdeen
Adam Robson,1954,Flanker,22,7,13,2,0,0,Hawick,United Kingdom,Scotland,Scottish Borders,Hawick
Kim Elgie,1954,Centre,8,2,6,0,1,14,Durban,South Africa,KwaZulu-Natal,eThekwini Metropolitan Municipality,Durban
Pat MacLachlan,1954,Scrum-half,4,0,4,0,0,0,South Rhodesia,United States of America,Washington,Pacific County,Rhodesia Beach
Graham Ross,1954,Fly-half,4,0,4,0,0,0,Edinburgh,United Kingdom,Scotland,City of Edinburgh,Missing
Hamish Kemp,1954,Lock,27,9,16,2,2,6,Glasgow,United Kingdom,G,Scotland,Glasgow City
Jimmy Docherty,1955,Centre,8,3,4,1,0,3,Glasgow,United Kingdom,G,Scotland,Glasgow City
Hugh Duffy,1955,Flanker,1,0,1,0,0,0,Shotts,United Kingdom,Scotland,North Lanarkshire,Shotts
Micky Grant,1955,Fly-half,4,2,2,0,0,0,Norwich,United Kingdom,England,East of England,Norfolk
Ian Hastie,1955,Prop,6,2,3,1,1,3,Kelso,United States of America,Washington,Cowlitz County,Kelso
William Relph,1955,Hooker,4,2,2,0,0,0,?,g,n,i,s
Robin Charters,1955,Centre,3,2,1,0,0,0,Hawick,United Kingdom,Scotland,Scottish Borders,Hawick
Tom Elliot,1955,Prop,14,6,8,0,0,0,nr Gala,Italia,97100,SIC,RG
William Glen,1955,Flanker,1,1,0,0,0,0,?,g,n,i,s
James Nichol,1955,Scrum-half,3,2,1,0,1,3,Edinburgh,United Kingdom,Scotland,City of Edinburgh,Missing
Arthur Smith,1955,Wing,36,13,20,3,12,58,Castle Douglas,United Kingdom,Scotland,Kirkcudbrightshire,Castle Douglas
Robin Chisholm,1955,Fullback,11,4,7,0,0,5,St Boswells,United Kingdom,Scotland,Scottish Borders,St Boswells
Ian MacGregor,1955,Flanker,9,4,5,0,0,0,Glasgow,United Kingdom,G,Scotland,Glasgow City
Nim Campbell,1956,Scrum-half,2,1,1,0,0,0,Rhondda,United Kingdom,Wales,Rhondda Cynon Taf,Missing
Keith Macdonald,1956,Centre,6,2,4,0,0,0,Dundee,United Kingdom,Scotland,Dundee City,Dundee
Tommy McClung,1956,Centre,9,2,7,0,0,4,?,g,n,i,s
George Stevenson,1956,Centre,24,10,12,2,3,9,Hawick,United Kingdom,Scotland,Scottish Borders,Hawick
Edward McKeating,1957,Centre,6,4,2,0,0,0,Edinburgh,United Kingdom,Scotland,City of Edinburgh,Missing
Ken Scotland,1957,Fullback,32,13,16,3,0,79,Edinburgh,United Kingdom,Scotland,City of Edinburgh,Missing
John Allan,1957,Wing,2,0,2,0,0,0,?,g,n,i,s
Jimmy Maxwell,1957,Fly-half,1,0,1,0,0,0,?,g,n,i,s
Ken Smith,1957,Flanker,22,8,13,1,1,3,Edinburgh,United Kingdom,Scotland,City of Edinburgh,Missing
Gordon Waddell,1957,Fly-half,20,6,10,4,0,0,Glasgow,United Kingdom,G,Scotland,Glasgow City
Norman Bruce,1958,Hooker,31,13,14,4,3,9,Edinburgh,United Kingdom,Scotland,City of Edinburgh,Missing
Mike Robertson,1958,Flanker,1,1,0,0,0,0,?,g,n,i,s
Tremayne Rodd,1958,Scrum-half,14,3,9,2,0,0,?,g,n,i,s
Malcolm Swan,1958,Lock,8,3,4,1,0,0,Buenos Aires,Argentina,CABA,Comuna 6,CABA
Christie Elliot,1958,Wing,12,3,7,2,0,8,1933,Norge,Troms,Balsfjord,Missing
Stan Coughtrie,1959,Scrum-half,11,5,4,2,0,8,Hamilton,Canada,Ontario,Hamilton,Missing
Ian Laughland,1959,Centre,31,13,14,4,2,9,Bombay,India,Maharashtra,Greater Bombay,Mumbai
Frans Bos,1959,Lock,17,6,9,2,1,3,Richmond,United States of America,Virginia,Henrico,Richmond
Jock Davidson,1959,No. 8,3,1,1,1,0,0,Ross,United States of America,Ohio,Ross County,Missing
David Rollo,1959,Prop,40,15,20,5,0,0,Fife,United Kingdom,Scotland,Fife,Missing
Jim Shackleton,1959,Centre,7,2,3,2,1,3,Assam,India,Assam,Missing,Missing
Keith Bearne,1960,No. 8,2,0,2,0,0,0,London,United Kingdom,England,Greater London,London
Joe McPartlin,1960,Centre,6,2,3,1,0,0,West Hartlepool,United Kingdom,England,North East England,Hartlepool
Gregor Sharp,1960,Fly-half,4,1,2,1,0,0,Motherwell,United Kingdom,ML1,Scotland,North Lanarkshire
Charlie Stewart,1960,Flanker,2,0,2,0,0,0,Yarrow,United Kingdom,England,South West England,Somerset
David Edwards,1960,Flanker,3,1,2,0,0,0,?,g,n,i,s
Oliver Grant,1960,No. 8,6,2,3,1,0,0,Hawick,United Kingdom,Scotland,Scottish Borders,Hawick
Brian Shillinglaw,1960,Scrum-half,5,1,4,0,0,0,?,g,n,i,s
Ronnie Thomson,1960,Wing,15,6,8,1,3,9,Finchley,United Kingdom,England,Greater London,London
Patrick Burnet,1960,Centre,1,0,1,0,0,0,Edinburgh,United Kingdom,Scotland,City of Edinburgh,Missing
Walter Hart,1960,Flanker,1,0,1,0,0,0,Newton St Boswells,g,n,i,s
Mike Campbell-Lamerton,1961,Lock,31,13,14,4,1,3,Valletta,Malta,Valletta,Missing,Missing
Ron Cowan,1961,Wing,6,2,3,1,2,6,Selkirk,Canada,Manitoba,Selkirk,Missing
John Douglas,1961,No. 8,12,6,5,1,1,3,Woolwich,United Kingdom,England,Greater London,London
Ken Ross,1961,Flanker,11,5,5,1,2,6,?,g,n,i,s
Alec Hastie,1961,Scrum-half,18,10,6,2,0,0,Hawick,United Kingdom,Scotland,Scottish Borders,Hawick
John Brash,1961,Flanker,1,0,1,0,0,0,?,g,n,i,s
Ron Glasgow,1962,Flanker,10,5,4,1,3,9,?,g,n,i,s
Robert Steven,1962,Prop,1,1,0,0,0,0,Fyfe,Australia,4413,Queensland,Chinchilla
Cameron Boyle,1963,Prop,3,2,1,0,0,0,Glasgow,United Kingdom,G,Scotland,Glasgow City
William Watherston,1963,Flanker,3,2,1,0,0,0,Ford Midlothian,United Kingdom,Scotland,Midlothian,Ford
David White,1963,Centre,4,2,2,0,0,0,?,g,n,i,s
Colin Blaikie,1963,Fullback,8,4,4,0,0,15,Edinburgh,United Kingdom,Scotland,City of Edinburgh,Missing
Pringle Fisher,1963,Flanker,25,9,13,3,0,0,Edinburgh,United Kingdom,Scotland,City of Edinburgh,Missing
Brian Henderson,1963,Centre,12,5,5,2,2,6,?,g,n,i,s
Brian Neill,1963,Prop,7,3,3,1,0,0,Edinburgh,United Kingdom,Scotland,City of Edinburgh,Missing
Peter Brown,1964,No. 8,27,13,12,2,3,67,Troon,United Kingdom,Scotland,South Ayrshire,Troon
Billy Hunter,1964,Lock,7,3,3,1,0,0,?,g,n,i,s
Jim Telfer,1964,No. 8,33,11,19,3,3,9,Midlothian,United Kingdom,Scotland,Midlothian,Missing
Stewart Wilson,1964,Fullback,27,9,15,3,0,98,Downham,United Kingdom,England,Greater London,London
David Chisholm,1964,Fly-half,14,8,4,2,1,15,St Boswells,United Kingdom,Scotland,Scottish Borders,St Boswells
Doug Jackson,1964,Wing,8,4,3,1,0,0,?,g,n,i,s
Derrick Grant,1965,Flanker,14,6,6,2,1,3,Hawick,United Kingdom,Scotland,Scottish Borders,Hawick
Frank Laidlaw,1965,Hooker,34,10,22,2,0,0,Hawick,United Kingdom,Scotland,Scottish Borders,Hawick
Brian Simmers,1965,Centre,7,3,4,0,0,9,Glasgow,United Kingdom,G,Scotland,Glasgow City
Peter Stagg,1965,Lock,31,10,19,2,0,0,Twickenham,United Kingdom,England,Greater London,London
Norm Suddon,1965,Prop,13,5,7,1,0,0,Roxburghshire,g,n,i,s
David Whyte,1965,Wing,13,6,5,2,2,6,?,g,n,i,s
Sandy Hinshelwood,1966,Wing,24,8,14,2,6,18,1942,Norge,Troms,Nordreisa,Missing
John Macdonald,1966,Prop,8,4,3,1,0,0,Kirkcaldy,United Kingdom,Scotland,Fife,Kirkcaldy
Jock Turner,1966,Centre,24,8,15,1,2,6,Hawick,United Kingdom,Scotland,Scottish Borders,Hawick
Alasdair Boyle,1966,No. 8,6,2,4,0,1,3,Glasgow,United Kingdom,G,Scotland,Glasgow City
Sandy Carmichael,1967,Prop,50,19,31,0,1,3,Glasgow,United Kingdom,G,Scotland,Glasgow City
Rob Welsh,1967,Centre,2,0,2,0,0,0,Hawick,United Kingdom,Scotland,Scottish Borders,Hawick
Ian McCrae,1967,Scrum-half,6,2,4,0,0,0,?,g,n,i,s
John Frame,1967,Centre,23,7,16,0,4,13,Edinburgh,United Kingdom,Scotland,City of Edinburgh,Missing
Bob Keddie,1967,Wing,1,0,1,0,0,0,Edinburgh,United Kingdom,Scotland,City of Edinburgh,Missing
George Mitchell,1967,Lock,3,0,3,0,0,0,Edinburgh,United Kingdom,Scotland,City of Edinburgh,Missing
Hamish Keith,1968,Wing,2,0,2,0,1,3,?,g,n,i,s
Tommy Elliot,1968,Flanker,5,3,2,0,0,0,Langholm,United Kingdom,Scotland,Dumfries and Galloway,Langholm
Rodger Arneil,1968,Flanker,26,8,17,1,0,0,Edinburgh,United Kingdom,Scotland,City of Edinburgh,Missing
Charlie Hodgson,1968,Wing,2,0,2,0,0,0,?,g,n,i,s
Alastair McHarg,1968,Lock,44,17,26,1,2,8,Irvine,United States of America,California,Orange County,Irvine
Gordon Connell,1968,Scrum-half,6,2,4,0,0,3,Edinburgh,United Kingdom,Scotland,City of Edinburgh,Missing
Derek Deans,1968,Hooker,1,0,1,0,0,0,Hawick,United Kingdom,Scotland,Scottish Borders,Hawick
Ian Robertson,1968,Fly-half,8,2,6,0,1,9,London,United Kingdom,England,Greater London,London
Chris Rea,1968,Centre,13,5,8,0,3,9,Dundee,United Kingdom,Scotland,Dundee City,Dundee
Colin Telfer,1968,Fly-half,17,9,8,0,3,18,Hawick,United Kingdom,Scotland,Scottish Borders,Hawick
Dick Allan,1969,Scrum-half,1,0,1,0,0,0,Glasgow,United Kingdom,G,Scotland,Glasgow City
Wilson Lauder,1969,Flanker,18,5,13,0,2,19,Fife,United Kingdom,Scotland,Fife,Missing
Gordon Macdonald,1969,Fullback,1,0,1,0,0,0,Glasgow,United Kingdom,G,Scotland,Glasgow City
Ian McLauchlan,1969,Prop,51,20,27,4,1,3,Tarbolton,United Kingdom,Scotland,South Ayrshire,Tarbolton
Billy Steele,1969,Wing,25,12,13,0,6,22,Langholm,United Kingdom,Scotland,Dumfries and Galloway,Langholm
Alastair Biggar,1969,Wing,12,5,7,0,1,3,Edinburgh,United Kingdom,Scotland,City of Edinburgh,Missing
Gordon Brown,1969,Lock,38,19,18,1,2,8,Troon,United Kingdom,Scotland,South Ayrshire,Troon
Duncan Paterson,1969,Scrum-half,10,4,6,0,1,6,Galashiels,United Kingdom,Scotland,Scottish Borders,Galashiels
Ian Smith,1969,Fullback,8,2,6,0,2,14,Dundee,United Kingdom,Scotland,Dundee City,Dundee
Mike Smith,1970,Wing,4,1,3,0,1,3,Liverpool,United Kingdom,England,North West England,Liverpool
Robert Young,1970,Scrum-half,1,0,1,0,0,0,Edinburgh,United Kingdom,Scotland,City of Edinburgh,Missing
Ken Oliver,1970,No. 8,1,0,1,0,0,0,Galashiels,United Kingdom,Scotland,Scottish Borders,Galashiels
Nairn MacEwan,1971,Flanker,20,10,10,0,1,4,Dar-es-Salaam,Tanzania,Coastal,Dar es Salaam,Missing
Ronnie Hannah,1971,Wing,1,0,1,0,0,0,?,g,n,i,s
Arthur Brown,1971,Fullback,5,4,1,0,0,13,Galashiels,United Kingdom,Scotland,Scottish Borders,Galashiels
Quintin Dunlop,1971,Hooker,2,2,0,0,0,0,Ayr,United Kingdom,Scotland,South Ayrshire,Ayr
Stephen Turk,1971,Centre,1,1,0,0,0,0,Cresswell,United Kingdom,Wales,Pembrokeshire,Cresswell
Gordon Strachan,1971,No. 8,5,4,1,0,0,0,Ayrshire,United Kingdom,Scotland,Ayrshire,Missing
Bobby Clark,1972,Hooker,9,5,4,0,1,4,Edinburgh,United Kingdom,Scotland,City of Edinburgh,Missing
Jim Renwick,1972,Centre,53,17,33,3,8,67,Hawick,United Kingdom,Scotland,Scottish Borders,Hawick
Alan Lawson,1972,Scrum-half,15,5,8,2,3,12,Kirkcaldy,United Kingdom,Scotland,Fife,Kirkcaldy
Ian Barnes,1972,Lock,7,2,5,0,0,0,Hawick,United Kingdom,Scotland,Scottish Borders,Hawick
Lewis Dick,1972,Wing,14,6,8,0,2,8,Perth,Australia,Western Australia,Perth,Missing
Ian Forsyth,1972,Centre,6,3,3,0,1,4,Edinburgh,United Kingdom,Scotland,City of Edinburgh,Missing
Andy Irvine,1972,Fullback,60,22,34,4,12,301,Edinburgh,United Kingdom,Scotland,City of Edinburgh,Missing
Ian McGeechan,1972,Centre,40,15,22,3,0,24,Leeds,United Kingdom,England,Yorkshire and the Humber,Leeds
David Shedden,1972,Wing,15,6,9,0,2,8,Kilwinning,United Kingdom,Scotland,North Ayrshire,Kilwinning
Ronald Wright,1973,Lock,1,0,1,0,0,0,?,g,n,i,s
Jock Millican,1973,Flanker,3,2,1,0,0,0,Edinburgh,United Kingdom,Scotland,City of Edinburgh,Missing
Doug Morgan,1973,Scrum-half,23,8,15,0,1,80,Edinburgh,United Kingdom,Scotland,City of Edinburgh,Missing
Hamish Bryce,1973,Prop,1,1,0,0,0,0,?,g,n,i,s
Drew Gill,1973,Wing,5,3,2,0,2,8,Edinburgh,United Kingdom,Scotland,City of Edinburgh,Missing
Duncan Madsen,1974,Hooker,14,5,9,0,1,4,Gosforth,United Kingdom,England,North West England,Cumbria
Bill Watson,1974,No. 8,10,3,6,1,0,0,Edinburgh,United Kingdom,Scotland,City of Edinburgh,Missing
Michael Hunter,1974,Centre,1,1,0,0,0,0,?,g,n,i,s
David Bell,1975,Centre,4,2,2,0,0,0,Edinburgh,United Kingdom,Scotland,City of Edinburgh,Missing
Mike Biggar,1975,Flanker,24,6,16,2,0,0,Aberdeen,United Kingdom,Scotland,Aberdeenshire,Aberdeen
David Leslie,1975,Flanker,32,14,17,1,2,8,Dundee,United Kingdom,Scotland,Dundee City,Dundee
Graham Birkett,1975,Centre,1,0,1,0,0,0,Dumbarton,United Kingdom,Scotland,West Dunbartonshire,Dumbarton
Colin Fisher,1975,Hooker,5,3,2,0,0,0,Liverpool,United Kingdom,England,North West England,Liverpool
Bruce Hay,1975,Wing,26,5,19,2,4,16,Edinburgh,United Kingdom,Scotland,City of Edinburgh,Missing
George Mackie,1975,No. 8,4,1,3,0,0,0,Aberdeen,United Kingdom,Scotland,Aberdeenshire,Aberdeen
Alastair Cranston,1976,Centre,11,2,9,0,0,0,Hawick,United Kingdom,Scotland,Scottish Borders,Hawick
Alan Tomes,1976,Lock,48,17,27,4,3,12,Hawick,United Kingdom,Scotland,Scottish Borders,Hawick
Ron Wilson,1976,Fly-half,9,4,5,0,0,3,Mx,Estados Unidos Mexicanos,Missing,Missing,Missing
Jim Aitken,1977,Prop,24,12,10,2,1,4,Penicuik,United Kingdom,Scotland,Midlothian,Penicuik
Alex Brewster,1977,Prop,6,4,2,0,0,0,Dechmont,United Kingdom,Scotland,West Lothian,Dechmont
Don Macdonald,1977,No. 8,7,1,6,0,0,0,Durban,South Africa,KwaZulu-Natal,eThekwini Metropolitan Municipality,Durban
Bill Gammell,1977,Wing,5,1,4,0,2,8,Edinburgh,United Kingdom,Scotland,City of Edinburgh,Missing
Norman Pender,1977,Prop,4,1,3,0,0,0,Bridlington,United Kingdom,England,Yorkshire and the Humber,East Riding of Yorkshire
Brian Hegarty,1978,Flanker,4,0,4,0,0,0,?,g,n,i,s
Colin Deans,1978,Hooker,52,21,26,5,2,8,Hawick,United Kingdom,Scotland,Scottish Borders,Hawick
Graham Hogg,1978,Wing,2,0,2,0,0,0,Hawick,United Kingdom,Scotland,Scottish Borders,Hawick
Richard Breakey,1978,Fly-half,1,0,1,0,0,0,Consett,United Kingdom,England,North East England,County Durham
David Gray,1978,Lock,9,1,7,1,0,0,Kilmarnock,United Kingdom,Scotland,East Ayrshire,Kilmarnock
Bob Cunningham,1978,Prop,3,0,2,1,0,0,Musselburgh,United Kingdom,Scotland,East Lothian,Musselburgh
Gordon Dickson,1978,Flanker,9,1,6,2,1,4,Galashiels,United Kingdom,Scotland,Scottish Borders,Galashiels
Keith Robertson,1978,Wing,44,14,25,5,8,41,Hawick,United Kingdom,Scotland,Scottish Borders,Hawick
Iain Lambie,1978,No. 8,4,0,3,1,0,0,Edinburgh,United Kingdom,Scotland,City of Edinburgh,Missing
John Rutherford,1979,Fly-half,43,18,20,5,8,68,Selkirk,Canada,Manitoba,Selkirk,Missing
Iain Milne,1979,Prop,44,19,21,4,0,0,Edinburgh,United Kingdom,Scotland,City of Edinburgh,Missing
David Johnston,1979,Centre,27,14,11,2,4,16,Edinburgh,United Kingdom,Scotland,City of Edinburgh,Missing
John Beattie,1980,No. 8,26,11,14,1,2,8,North Borneo,Indonesia,Kalimantan Timur,Borneo,Missing
James Burnett,1980,Prop,4,1,3,0,0,0,Kilmarnock,United Kingdom,Scotland,East Ayrshire,Kilmarnock
Bill Cuthbertson,1980,Lock,21,9,10,2,0,0,Kilwinning,United Kingdom,Scotland,North Ayrshire,Kilwinning
Roy Laidlaw,1980,Scrum-half,51,21,27,3,7,28,Jedburgh,United Kingdom,Scotland,Scottish Borders,Jedburgh
Steve Munro,1980,Wing,10,5,5,0,2,8,Ayr,United Kingdom,Scotland,South Ayrshire,Ayr
Ken Lawrie,1980,Hooker,3,1,2,0,0,0,Gala,Nigeria,Kano,Sumaila,Gala
Bryan Gossman,1980,Fly-half,3,0,3,0,0,6,?,g,n,i,s
Norrie Rowan,1980,Prop,13,4,9,0,0,0,Edinburgh,United Kingdom,Scotland,City of Edinburgh,Missing
Jim Gossman,1980,Centre,1,0,1,0,0,0,1955,Algérie الجزائر,Sétif - سطيف‎,Daïra Maouklane,Maouklane
Jim Calder,1981,Flanker,28,12,14,2,3,12,Haddington,United Kingdom,Scotland,East Lothian,Haddington
Iain Paxton,1981,No. 8,40,17,20,3,5,20,Dunfermline,United Kingdom,Scotland,Fife,Dunfermline
Roger Baird,1981,Wing,31,13,16,2,1,4,Kelso,United States of America,Washington,Cowlitz County,Kelso
Eric Paxton,1982,Flanker,2,0,2,0,0,0,?,g,n,i,s
Derek White,1982,No. 8,42,22,18,2,11,44,Haddington,United Kingdom,Scotland,East Lothian,Haddington
Jim Pollock,1982,Wing,8,5,2,1,2,8,?,g,n,i,s
Rick Gordon,1982,Centre,2,1,1,0,0,0,Lahore,‏پاکستان‎,پنجاب,Lahore District,Lahore
Gerry McGuinness,1982,Prop,7,1,6,0,0,0,Glasgow,United Kingdom,G,Scotland,Glasgow City
Peter Dods,1983,Fullback,23,9,12,2,2,210,Galashiels,United Kingdom,Scotland,Scottish Borders,Galashiels
Tom Smith,1983,Lock,4,1,2,1,1,4,E Lothian,United Kingdom,Scotland,East Lothian,Missing
Euan Kennedy,1983,Centre,4,2,1,1,1,4,Edinburgh,United Kingdom,Scotland,City of Edinburgh,Missing
Alister Campbell,1984,Lock,15,7,8,0,0,0,Hawick,United Kingdom,Scotland,Scottish Borders,Hawick
Gordon Hunter,1984,Scrum-half,4,1,3,0,0,0,Hawick,United Kingdom,Scotland,Scottish Borders,Hawick
Gary Callander,1984,Hooker,6,1,5,0,0,0,Kelso,United States of America,Washington,Cowlitz County,Kelso
Sean McGaughey,1984,Flanker,1,0,1,0,0,0,1962,Sverige,Svealand,Västmanlands län,Norberg
John Jeffrey,1984,Flanker,40,22,16,2,11,44,Kelso,United States of America,Washington,Cowlitz County,Kelso
Gregor Mackenzie,1984,Prop,1,0,1,0,0,0,Inverness,United Kingdom,Scotland,Highland,Inverness
Peter Steven,1984,Wing,4,0,4,0,0,0,Kilwinning,United Kingdom,Scotland,North Ayrshire,Kilwinning
Douglas Wyllie,1984,Centre,18,6,10,2,0,3,Edinburgh,United Kingdom,Scotland,City of Edinburgh,Missing
Keith Murray,1985,Centre,3,0,3,0,0,0,Hawick,United Kingdom,Scotland,Scottish Borders,Hawick
Iwan Tukalo,1985,Wing,37,19,16,2,15,60,Edinburgh,United Kingdom,Scotland,City of Edinburgh,Missing
Finlay Calder,1986,Flanker,37,21,14,2,2,8,Haddington,United Kingdom,Scotland,East Lothian,Haddington
Jeremy Campbell-Lamerton,1986,Lock,3,3,0,0,0,0,Gibraltar,Gibraltar,Missing,Missing,Missing
Matt Duncan,1986,Wing,18,9,8,1,7,28,Glasgow,United Kingdom,G,Scotland,Glasgow City
Gavin Hastings,1986,Fullback,67,35,30,2,18,733,Edinburgh,United Kingdom,Scotland,City of Edinburgh,Missing
Scott Hastings,1986,Centre,67,36,29,2,10,43,Edinburgh,United Kingdom,Scotland,City of Edinburgh,Missing
David Sole,1986,Prop,47,24,21,2,3,12,Aylesbury,United Kingdom,England,South East,Buckinghamshire
Alan Tait,1987,Centre,29,13,15,1,18,86,Kelso,United States of America,Washington,Cowlitz County,Kelso
Greig Oliver,1987,Scrum-half,3,2,1,0,1,4,Hawick,United Kingdom,Scotland,Scottish Borders,Hawick
Richard Cramb,1987,Fly-half,4,2,2,0,0,3,Falkirk,United Kingdom,Scotland,Falkirk Council,Falkirk
Derek Turnbull,1987,Flanker,15,7,8,0,2,9,Hawick,United Kingdom,Scotland,Scottish Borders,Hawick
Damian Cronin,1988,Lock,45,20,23,2,5,23,Wegberg,Deutschland,Nordrhein-Westfalen,Regierungsbezirk Köln,Kreis Heinsberg
Andrew Ker,1988,Fly-half,2,0,2,0,0,0,Kelso,United States of America,Washington,Cowlitz County,Kelso
Gary Armstrong,1988,Scrum-half,51,23,26,2,5,21,Edinburgh,United Kingdom,Scotland,City of Edinburgh,Missing
Graham Marshall,1988,Flanker,4,3,1,0,0,0,Glasgow,United Kingdom,G,Scotland,Glasgow City
Craig Chalmers,1989,Fly-half,61,28,31,2,5,172,Galashiels,United Kingdom,Scotland,Scottish Borders,Galashiels
Chris Gray,1989,Lock,22,14,7,1,3,12,Haddington,United Kingdom,Scotland,East Lothian,Haddington
Sean Lineen,1989,Centre,29,16,12,1,2,8,Auckland,New Zealand/Aotearoa,Auckland,Missing,Missing
Kenny Milne,1989,Hooker,40,20,18,2,3,12,Edinburgh,United Kingdom,Scotland,City of Edinburgh,Missing
Paul Burnell,1989,Prop,53,26,24,3,1,5,Edinburgh,United Kingdom,Scotland,City of Edinburgh,Missing
Tony Stanger,1989,Wing,52,22,29,1,24,106,Hawick,United Kingdom,Scotland,Scottish Borders,Hawick
George Buchanan-Smith,1989,Flanker,2,2,0,0,0,0,Edinburgh,United Kingdom,Scotland,City of Edinburgh,Missing
Lindsay Renwick,1989,Wing,1,1,0,0,0,0,Hawick,United Kingdom,Scotland,Scottish Borders,Hawick
John Allan,1990,Hooker,22,11,10,1,0,0,Glasgow,United Kingdom,G,Scotland,Glasgow City
Alex Moore,1990,Wing,5,2,3,0,2,8,Qld,Australia,Queensland,Missing,Missing
Doddie Weir,1990,Lock,61,24,35,2,4,19,Edinburgh,United Kingdom,Scotland,City of Edinburgh,Missing
David Milne,1991,Prop,1,1,0,0,0,0,Edinburgh,United Kingdom,Scotland,City of Edinburgh,Missing
Alan Watt,1991,Prop,4,2,2,0,0,0,Glasgow,United Kingdom,G,Scotland,Glasgow City
Graham Shiel,1991,Centre,18,6,11,1,3,20,Galashiels,United Kingdom,Scotland,Scottish Borders,Galashiels
Neil Edwards,1992,Lock,6,2,4,0,1,4,Surrey,United Kingdom,England,South East,Surrey
Dave McIvor,1992,Flanker,6,2,4,0,0,0,Kirkcaldy,United Kingdom,Scotland,Fife,Kirkcaldy
Andy Nicol,1992,Scrum-half,23,5,17,1,2,9,Dundee,United Kingdom,Scotland,Dundee City,Dundee
Ian Smith,1992,Flanker,25,7,16,2,0,0,Gloucester,United Kingdom,England,South West England,Gloucestershire
Rob Wainwright,1992,Flanker,38,14,23,1,3,14,Perth,Australia,Western Australia,Perth,Missing
Peter Jones,1992,Prop,1,0,1,0,0,0,Arbroath,United Kingdom,Scotland,Angus,Arbroath
Carl Hogg,1992,Flanker,5,0,5,0,0,0,Galashiels,United Kingdom,Scotland,Scottish Borders,Galashiels
Peter Wright,1992,Prop,21,11,10,0,1,5,Bonnyrigg,United Kingdom,Scotland,Midlothian,Bonnyrigg
Ian Corcoran,1992,Hooker,1,0,1,0,0,0,Edinburgh,United Kingdom,Scotland,City of Edinburgh,Missing
Kenny Logan,1992,Wing,70,27,40,3,13,220,Stirling,United Kingdom,Scotland,Stirlingshire,Stirling
Martin Scott,1992,Hooker,1,0,1,0,0,0,Falkirk,United Kingdom,Scotland,Falkirk Council,Falkirk
Iain Morrison,1993,Flanker,15,8,7,0,0,0,Linlithgow,United Kingdom,Scotland,West Lothian,Linlithgow
Andy Reed,1993,Lock,19,7,11,1,0,0,Cornwall,United Kingdom,England,South West England,Cornwall
Derek Stark,1993,Wing,9,3,6,0,3,15,Johnstone,United Kingdom,Scotland,Renfrewshire,Johnstone
Gregor Townsend,1993,Fly-half,84,34,48,2,17,164,Edinburgh,United Kingdom,Scotland,City of Edinburgh,Missing
Ian Jardine,1993,Centre,18,7,11,0,0,0,Dunfermline,United Kingdom,Scotland,Fife,Dunfermline
Andrew MacDonald,1993,Lock,1,0,1,0,0,0,Nairn,United Kingdom,Scotland,Highland,Nairn
Bryan Redpath,1993,Scrum-half,60,28,31,1,1,5,Galashiels,United Kingdom,Scotland,Scottish Borders,Galashiels
Shade Munro,1994,Lock,7,0,6,1,0,0,Paisley,United Kingdom,Scotland,Renfrewshire,Paisley
Alan Sharp,1994,Prop,6,0,5,1,0,0,Bristol,United Kingdom,England,South West England,City of Bristol
Peter Walton,1994,Flanker,24,10,13,1,4,20,Alnwick,United Kingdom,England,North East England,Northumberland
Michael Dods,1994,"Fullback, Wing",8,3,3,2,3,80,Galashiels,United Kingdom,Scotland,Scottish Borders,Galashiels
Craig Joiner,1994,Wing,25,13,12,0,3,15,Glasgow,United Kingdom,G,Scotland,Glasgow City
Kevin McKenzie,1994,Hooker,14,6,8,0,1,5,Stirling,United Kingdom,Scotland,Stirlingshire,Stirling
Scott Nichol,1994,Centre,1,0,1,0,0,0,Selkirk,Canada,Manitoba,Selkirk,Missing
Derrick Patterson,1994,Scrum-half,2,1,1,0,0,0,Hawick,United Kingdom,Scotland,Scottish Borders,Hawick
Jeremy Richardson,1994,Lock,1,0,1,0,0,0,Crawley,United Kingdom,England,South East,West Sussex
Stewart Campbell,1995,Lock,17,9,7,1,0,0,Glasgow,United Kingdom,G,Scotland,Glasgow City
Dave Hilton,1995,Prop,42,19,22,1,1,5,Bristol,United Kingdom,England,South West England,City of Bristol
Eric Peters,1995,Back-row,29,13,16,0,5,25,Glasgow,United Kingdom,G,Scotland,Glasgow City
John Manson,1995,Prop,1,0,1,0,0,0,Bridge of Allan,United Kingdom,Scotland,Stirling Council,Bridge of Allan
Jim Hay,1995,Hooker,1,0,0,1,0,0,Hawick,United Kingdom,Scotland,Scottish Borders,Hawick
Stuart Reid,1995,Flanker,8,3,4,1,0,0,Kendal,United Kingdom,England,North West England,Cumbria
Rowen Shepherd,1995,Fullback,20,6,13,1,2,104,Edinburgh,United Kingdom,Scotland,City of Edinburgh,Missing
Ronnie Eriksson,1996,Centre,3,0,3,0,1,5,Athlone,Republic of Ireland,Leinster,County Westmeath,Athlone
Barry Stewart,1996,Prop,4,0,4,0,0,0,Edinburgh,United Kingdom,Scotland,City of Edinburgh,Missing
Murray Wallace,1996,Flanker,3,1,2,0,0,0,Milton of Campsie,United Kingdom,Scotland,East Dunbartonshire,Milton Of Campsie
Mattie Stewart,1996,Prop,34,11,22,1,0,0,Dartford,United Kingdom,DA1 1ED,England,South East
Graham Ellis,1997,Hooker,4,1,3,0,0,0,Hawick,United Kingdom,Scotland,Scottish Borders,Hawick
Tom Smith,1997,Prop,67,29,37,1,6,30,London,United Kingdom,England,Greater London,London
Cameron Glasgow,1997,Fullback,1,0,1,0,0,0,Bridge of Allan,United Kingdom,Scotland,Stirling Council,Bridge of Allan
Duncan Hodge,1997,Fly-half,26,11,14,1,6,123,Dumfries,United Kingdom,Scotland,Dumfries and Galloway,Dumfries
James Craig,1997,Wing,4,1,2,1,0,0,Glasgow,United Kingdom,G,Scotland,Glasgow City
Grant McKelvey,1997,Hooker,1,0,1,0,0,0,Chingola,Zambia,Copperbelt Province,Chingola,Missing
Scott Murray,1997,Lock,87,31,55,1,3,15,Musselburgh,United Kingdom,Scotland,East Lothian,Musselburgh
Adam Roxburgh,1997,Flanker,8,0,8,0,0,0,Edinburgh,United Kingdom,Scotland,City of Edinburgh,Missing
George Graham,1997,Prop,25,11,14,0,1,5,Stirling,United Kingdom,Scotland,Stirlingshire,Stirling
Stuart Grimes,1997,Lock,71,27,43,1,5,25,Aberdeen,United Kingdom,Scotland,Aberdeenshire,Aberdeen
Gordon Bulloch,1997,Hooker,77,26,50,1,4,20,Glasgow,United Kingdom,G,Scotland,Glasgow City
Simon Holmes,1998,Flanker,3,1,2,0,0,0,Workington,United Kingdom,England,North West England,Cumbria
Derrick Lee,1998,Fullback,12,1,11,0,1,34,Ayr,United Kingdom,Scotland,South Ayrshire,Ayr
Shaun Longstaff,1998,Wing,15,5,10,0,2,10,Wellington,New Zealand/Aotearoa,Wellington,Wellington City,Wellington
Cammie Murray,1998,Wing,26,11,14,1,7,35,Hawick,United Kingdom,Scotland,Scottish Borders,Hawick
Hugh Gilmour,1998,Wing,1,0,1,0,1,5,Edinburgh,United Kingdom,Scotland,City of Edinburgh,Missing
Gordon McIlwham,1998,Prop,16,5,10,1,0,0,Glasgow,United Kingdom,G,Scotland,Glasgow City
Matthew Proudfoot,1998,Prop,4,0,4,0,0,0,Klerksdorp,South Africa,North West,Dr Kenneth Kaunda District Municipality,Klerksdorp
Glenn Metcalfe,1998,Fullback,40,17,23,0,4,20,Auckland,New Zealand/Aotearoa,Auckland,Missing,Missing
Gordon Simpson,1998,No. 8,15,5,10,0,3,15,Takapuna,New Zealand/Aotearoa,Auckland,Devonport-Takapuna,Takapuna
John Leslie,1998,Centre,23,10,12,1,4,20,Lower Hutt,New Zealand/Aotearoa,Wellington,Lower Hutt City,Lower Hutt
Jamie Mayer,1998,Centre,8,3,5,0,0,0,Edinburgh,United Kingdom,Scotland,City of Edinburgh,Missing
Budge Pountney,1998,Flanker,31,15,15,1,5,25,Southampton,United Kingdom,England,South East,Southampton
Martin Leslie,1998,Flanker,37,17,19,1,10,50,Lower Hutt,New Zealand/Aotearoa,Wellington,Lower Hutt City,Lower Hutt
Iain Fairley,1999,Scrum-half,3,3,0,0,0,0,Kelso,United States of America,Washington,Cowlitz County,Kelso
Graeme Burns,1999,Scrum-half,4,3,1,0,0,0,Edinburgh,United Kingdom,Scotland,City of Edinburgh,Missing
Steve Brotherstone,1999,Hooker,8,4,4,0,0,0,Duns,United Kingdom,Scotland,Scottish Borders,Duns
James McLaren,1999,Centre,30,13,16,1,6,30,Stirling,United Kingdom,Scotland,Stirlingshire,Stirling
Robbie Russell,1999,Hooker,27,12,15,0,4,20,QLD,Australia,Queensland,Missing,Missing
Cameron Mather,1999,Back-row,10,4,6,0,2,10,Christchurch,New Zealand/Aotearoa,Canterbury,Christchurch City,Christchurch
Chris Paterson,1999,"Fullback, Wing",109,43,65,1,22,809,Edinburgh,United Kingdom,Scotland,City of Edinburgh,Missing
Craig Moir,2000,"Wing, Centre",3,1,2,0,0,0,Aberdeen,United Kingdom,Scotland,Aberdeenshire,Aberdeen
Richard Metcalfe,2000,Lock,9,3,5,1,1,5,Leeds,United Kingdom,England,Yorkshire and the Humber,Leeds
Jason White,2000,Back-row,77,31,46,0,4,20,Edinburgh,United Kingdom,Scotland,City of Edinburgh,Missing
Ross Beattie,2000,Back-row,9,5,4,0,0,0,Sittingbourne,United Kingdom,England,South East,Kent
Iain Fullarton,2000,Lock,8,2,6,0,0,0,Edinburgh,United Kingdom,Scotland,City of Edinburgh,Missing
Jon Petrie,2000,Back-row,45,17,27,1,3,15,Dundee,United Kingdom,Scotland,Dundee City,Dundee
Graeme Beveridge,2000,Scrum-half,6,4,2,0,0,0,Edinburgh,United Kingdom,Scotland,City of Edinburgh,Missing
Nathan Hines,2000,Lock,77,30,46,1,2,10,Wagga Wagga,Australia,2650,New South Wales,Wagga Wagga
Steve Scott,2000,Hooker,11,8,3,0,0,0,Galashiels,United Kingdom,Scotland,Scottish Borders,Galashiels
Alan Bulloch,2000,Centre,5,2,3,0,1,5,Glasgow,United Kingdom,G,Scotland,Glasgow City
Jon Steel,2000,Outside back,5,3,2,0,0,0,Middlesbrough,United Kingdom,England,North East England,Middlesbrough
Simon Taylor,2000,Back-row,66,29,37,0,6,30,Stirling,United Kingdom,Scotland,Stirlingshire,Stirling
Andrew Henderson,2001,Centre,53,17,36,0,8,40,Kent,United Kingdom,England,South East,Kent
Andrew Mower,2001,Flanker,13,4,9,0,0,0,NSW,Australia,New South Wales,Missing,Missing
Gordon Ross,2001,Fly-half,25,13,12,0,2,55,Edinburgh,United Kingdom,Scotland,City of Edinburgh,Missing
Roland Reid,2001,Wing,2,1,1,0,1,5,Middleberg,United States of America,Virginia,Loudoun County,Middleburg
Brendan Laney,2001,"Centre, Fly-half",20,7,13,0,4,141,Invercargill,New Zealand/Aotearoa,Southland,Invercargill City,Invercargill
Mike Blair,2002,Scrum-half,85,33,52,0,7,35,Edinburgh,United Kingdom,Scotland,City of Edinburgh,Missing
Andy Craig,2002,Centre,23,9,14,0,8,40,Lancs,United Kingdom,S6 3TB,England,Yorkshire and the Humber
Rory Kerr,2002,Fullback,3,1,2,0,1,5,Glasgow,United Kingdom,G,Scotland,Glasgow City
Craig Smith,2002,Prop,25,12,13,0,0,0,York,United Kingdom,England,Yorkshire and the Humber,York
Ben Hinshelwood,2002,Centre,19,10,9,0,1,5,VIC,Australia,Victoria,Missing,Missing
Allan Jacobsen,2002,Prop,65,24,40,1,0,0,Edinburgh,United Kingdom,Scotland,City of Edinburgh,Missing
Donnie Macfadyen,2002,Flanker,11,3,8,0,2,10,Edinburgh,United Kingdom,Scotland,City of Edinburgh,Missing
Marcus di Rollo,2002,Centre,21,10,11,0,2,13,Edinburgh,United Kingdom,Scotland,City of Edinburgh,Missing
Andy Hall,2002,"Flanker, Lock",1,1,0,0,0,0,Solihull,United Kingdom,England,West Midlands,Solihull
Bruce Douglas,2002,Prop,43,15,28,0,1,5,Edinburgh,United Kingdom,Scotland,City of Edinburgh,Missing
Stuart Moffat,2002,Fullback,4,3,1,0,1,5,Edinburgh,United Kingdom,Scotland,City of Edinburgh,Missing
Nikki Walker,2002,Wing,24,13,11,0,6,30,Aberdeen,United Kingdom,Scotland,Aberdeenshire,Aberdeen
Gavin Kerr,2003,Prop,50,15,35,0,1,5,Newcastle-upon-Tyne,United Kingdom,England,North East England,Tyne and Wear
Kevin Utterson,2003,Centre,3,1,2,0,0,0,Edinburgh,United Kingdom,Scotland,City of Edinburgh,Missing
Simon Danielli,2003,Wing,32,12,19,1,8,40,Edinburgh,United Kingdom,Scotland,City of Edinburgh,Missing
Andrew Dall,2003,Back-row,1,0,1,0,0,0,Edinburgh,United Kingdom,Scotland,City of Edinburgh,Missing
Dougie Hall,2003,Hooker,42,18,24,0,1,5,Dingwall,United Kingdom,Scotland,Highland,Dingwall
Simon Webster,2003,Wing,37,15,22,0,8,40,Hartlepool,United Kingdom,England,North East England,Hartlepool
Chris Cusiter,2004,Scrum-half,71,24,45,2,3,15,Aberdeen,United Kingdom,Scotland,Aberdeenshire,Aberdeen
Ally Hogg,2004,Back-row,48,15,33,0,10,50,Stirling,United Kingdom,Scotland,Stirlingshire,Stirling
Tom Philip,2004,Outside back,5,0,5,0,0,0,Edinburgh,United Kingdom,Scotland,City of Edinburgh,Missing
Dan Parks,2004,Fly-half,67,25,41,1,4,266,Hornsby,Australia,New South Wales,Hornsby,Missing
Sean Lamont,2004,Wing,93,38,54,1,12,60,Perth,Australia,Western Australia,Perth,Missing
Hugo Southwell,2004,Fullback,59,22,36,1,8,40,London,United Kingdom,England,Greater London,London
Graeme Morrison,2004,Centre,35,14,20,1,3,15,1982,Sverige,Svealand,Västmanlands län,Fagersta
Craig Hamilton,2004,Lock,5,2,3,0,0,0,Dumfries,United Kingdom,Scotland,Dumfries and Galloway,Dumfries
Scott Gray,2004,Back-row,8,2,6,0,1,5,Rhodesia,United Kingdom,England,East Midlands,Nottinghamshire
Scott Macleod,2004,Lock,24,11,13,0,0,0,Hawick,United Kingdom,Scotland,Scottish Borders,Hawick
Ross Ford,2004,Hooker,86,32,53,1,2,10,Edinburgh,United Kingdom,Scotland,City of Edinburgh,Missing
Alastair Kellock,2004,Lock,56,24,31,1,1,5,Bishopbriggs,United Kingdom,Scotland,East Dunbartonshire,Bishopbriggs
Jon Dunbar,2005,Back-row,2,1,1,0,0,0,Wegberg,Deutschland,Nordrhein-Westfalen,Regierungsbezirk Köln,Kreis Heinsberg
Rory Lamont,2005,"Fullback, Wing",29,12,17,0,6,30,Perth,Australia,Western Australia,Perth,Missing
Kelly Brown,2005,Back-row,64,25,38,1,4,20,Edinburgh,United Kingdom,Scotland,City of Edinburgh,Missing
Scott Lawson,2005,Hooker,46,20,25,1,2,10,Lanark,United Kingdom,ML11,Scotland,South Lanarkshire
Phil Godman,2005,Fly-half,23,10,12,1,1,71,Edinburgh,United Kingdom,Scotland,City of Edinburgh,Missing
Euan Murray,2005,Prop,66,25,40,1,2,10,Glasgow,United Kingdom,G,Scotland,Glasgow City
Andy Wilson,2005,"Back-row, Wing",1,1,0,0,0,0,Fort Brown,United States of America,Ohio,Paulding County,Fort Brown
Ben MacDougall,2006,Outside back,2,0,2,0,0,0,NSW,Australia,New South Wales,Missing,Missing
Sam Pinder,2006,Scrum-half,2,0,2,0,0,0,1979,România,Vâlcea,1979,Missing
Johnnie Beattie,2006,No. 8,38,15,22,1,3,15,Glasgow,United Kingdom,G,Scotland,Glasgow City
Rob Dewey,2006,"Wing, Centre",13,6,7,0,4,20,Marlborough,New Zealand/Aotearoa,Marlborough,Missing,Missing
David Callam,2006,No. 8,11,3,8,0,1,5,Edinburgh,United Kingdom,Scotland,City of Edinburgh,Missing
Jim Hamilton,2006,Lock,61,17,43,1,1,5,Swindon,United Kingdom,England,South West England,Wiltshire
Rory Lawson,2006,Scrum-half,31,13,17,1,0,0,Dunfermline,United Kingdom,Scotland,Fife,Dunfermline
Alasdair Strokosch,2006,Back-row,44,20,24,0,2,10,Paisley,United Kingdom,Scotland,Renfrewshire,Paisley
Fergus Thomson,2007,Hooker,8,2,6,0,0,0,Dundee,United Kingdom,Scotland,Dundee City,Dundee
John Barclay,2007,Flanker,43,16,26,1,2,10,1986,Россия,СКФО,Карачаево-Черкесия,Зеленчукский район
Alasdair Dickinson,2007,Prop,44,15,29,0,2,10,Dundee,United Kingdom,Scotland,Dundee City,Dundee
Nick de Luca,2008,Centre,43,16,26,1,1,5,Dumfries,United Kingdom,Scotland,Dumfries and Galloway,Dumfries
Ross Rennie,2008,Back-row,20,9,11,0,0,0,Edinburgh,United Kingdom,Scotland,City of Edinburgh,Missing
Ben Cairns,2008,Centre,7,2,5,0,1,5,Leeds,United Kingdom,England,Yorkshire and the Humber,Leeds
Thom Evans,2008,Wing,10,1,9,0,1,5,Harare,Zimbabwe,Harare Province,Harare,Missing
Matt Mustchin,2008,Lock,5,2,3,0,0,0,Christchurch,New Zealand/Aotearoa,Canterbury,Christchurch City,Christchurch
Max Evans,2008,Centre,44,15,28,1,3,15,Torquay,United Kingdom,England,South West England,Devon
Geoff Cross,2009,Prop,40,13,26,1,2,10,Edinburgh,United Kingdom,Scotland,City of Edinburgh,Missing
Moray Low,2009,Prop,29,13,16,0,0,0,Torphins,United Kingdom,Scotland,Aberdeenshire,Torphins
Alex Grove,2009,Centre,3,2,1,0,0,0,Solihull,United Kingdom,England,West Midlands,Solihull
Kyle Traynor,2009,Prop,4,2,2,0,0,0,Farnborough,United Kingdom,England,South East,Hampshire
Richie Vernon,2009,Back-row,20,9,11,0,0,0,Dundee,United Kingdom,Scotland,Dundee City,Dundee
Alan MacDonald,2009,Back-row,4,1,2,1,0,0,Edinburgh,United Kingdom,Scotland,City of Edinburgh,Missing
Richie Gray,2010,Lock,45,20,25,0,2,10,Rutherglen,United Kingdom,Scotland,South Lanarkshire,Rutherglen
Ruaridh Jackson,2010,Fly-half,25,10,15,0,0,18,Northampton,United Kingdom,England,East Midlands,Northamptonshire
Greig Laidlaw,2010,Fly-half,39,13,26,0,3,340,Edinburgh,United Kingdom,Scotland,City of Edinburgh,Missing
Joe Ansbro,2010,Centre,11,7,4,0,3,15,Glasgow,United Kingdom,G,Scotland,Glasgow City
Jack Cuthbert,2011,"Fullback, Wing",1,1,0,0,0,0,Bristol,United Kingdom,England,South West England,City of Bristol
David Denton,2011,Back-row,25,6,19,0,0,0,Marondera,Zimbabwe,Mashonaland East,Marondera,Missing
Lee Jones,2012,Wing,4,0,4,0,1,5,Edinburgh,United Kingdom,Scotland,City of Edinburgh,Missing
Stuart Hogg,2012,Fullback,32,11,21,0,9,48,Melrose,United States of America,Massachusetts,Middlesex County,Melrose
Ed Kalman,2012,Prop,2,0,2,0,0,0,Plymouth,United Kingdom,England,South West England,Devon
Duncan Weir,2012,Fly-half,18,7,11,0,1,36,Rutherglen,United Kingdom,Scotland,South Lanarkshire,Rutherglen
Matt Scott,2012,Centre,25,8,17,0,3,15,Dunfermline,United Kingdom,Scotland,Fife,Dunfermline
Jon Welsh,2012,Prop,4,2,2,0,1,5,Glasgow,United Kingdom,G,Scotland,Glasgow City
Ryan Grant,2012,Prop,22,8,14,0,0,0,Kirkcaldy,United Kingdom,Scotland,Fife,Kirkcaldy
Tom Brown,2012,"Fullback, Wing",1,1,0,0,0,0,Edinburgh,United Kingdom,Scotland,City of Edinburgh,Missing
Tim Visser,2012,Wing,18,8,10,0,7,35,Netherland,Philippines,4023,Calabarzon,Laguna
Tom Ryder,2012,Lock,2,2,0,0,0,0,Nottingham,United Kingdom,England,East Midlands,Nottingham
Rob Harley,2012,Back-row,15,7,8,0,1,5,Cheshire,United States of America,Connecticut,New Haven County,Cheshire
Henry Pyrgos,2012,Scrum-half,13,5,8,0,2,10,Dorchester,United Kingdom,England,South West England,Dorset
Tom Heathcote,2012,Fly-half,3,1,2,0,0,0,Inverness,United Kingdom,Scotland,Highland,Inverness
Sean Maitland,2013,"Fullback, Wing",15,7,8,0,2,10,Tokoroa,New Zealand/Aotearoa,Waikato,South Waikato District,Tokoroa
Ryan Wilson,2013,No. 8,9,1,8,0,0,0,Aldershot,United Kingdom,England,South East,Hampshire
Grant Gilchrist,2013,Lock,8,4,4,0,1,5,Stirling,United Kingdom,Scotland,Stirlingshire,Stirling
Alex Dunbar,2013,Centre,14,4,10,0,4,20,Dumfries,United Kingdom,Scotland,Dumfries and Galloway,Dumfries
Pat MacArthur,2013,Hooker,6,3,3,0,0,0,Irvine,United States of America,California,Orange County,Irvine
Greig Tonks,2013,Fullback,4,0,4,0,0,0,Pretoria,South Africa,Gauteng,City of Tshwane Metropolitan Municipality,Pretoria
Peter Horne,2013,Centre,7,2,5,0,0,0,Kirkcaldy,United Kingdom,Scotland,Fife,Kirkcaldy
Steven Lawrie,2013,Hooker,1,0,1,0,0,0,Edinburgh,United Kingdom,Scotland,City of Edinburgh,Missing
Duncan Taylor,2013,Wing,12,5,7,0,0,0,Northampton,United Kingdom,England,East Midlands,Northamptonshire
Peter Murchie,2013,Fullback,3,1,2,0,0,0,Carlisle,United Kingdom,England,North West England,Cumbria
Tommy Seymour,2013,Wing,17,6,11,0,6,30,United States,United States of America,Missing,Missing,Missing
Tim Swinson,2013,Lock,12,3,9,0,0,0,London,United Kingdom,England,Greater London,London
Fraser Brown,2013,Hooker,8,2,6,0,0,0,Lanark,United Kingdom,ML11,Scotland,South Lanarkshire
Jonny Gray,2013,Lock,13,3,10,0,1,5,Glasgow,United Kingdom,G,Scotland,Glasgow City
Kieran Low,2013,Lock,5,4,1,0,0,0,Chichester,United Kingdom,England,South East,West Sussex
Chris Fusaro,2014,Flanker,4,2,2,0,0,0,Kirkcaldy,United Kingdom,Scotland,Fife,Kirkcaldy
Dougie Fife,2014,"Wing, Centre",6,1,5,0,1,5,Edinburgh,United Kingdom,Scotland,City of Edinburgh,Missing
Blair Cowan,2014,Flanker,11,5,6,0,1,5,Upper Hutt,New Zealand/Aotearoa,Wellington,Upper Hutt City,Upper Hutt
Gordon Reid,2014,Prop,8,5,3,0,0,0,Irvine,United States of America,California,Orange County,Irvine
Finn Russell,2014,Fly-half,9,4,5,0,1,7,Bridge of Allan,United Kingdom,Scotland,Stirling Council,Bridge of Allan
Alex Allan,2014,Prop,1,1,0,0,0,0,Harrogate,United Kingdom,England,Yorkshire and the Humber,North Yorkshire
Kevin Bryce,2014,Hooker,2,1,1,0,0,0,Alloa,United Kingdom,Scotland,Clackmannanshire,Alloa
Grayson Hart,2014,Scrum-half,3,2,1,0,0,0,Auckland,New Zealand/Aotearoa,Auckland,Missing,Missing
Adam Ashe,2014,Back-row,5,1,4,0,0,0,Livingston,United States of America,Illinois,Livingston County,Missing
Tyrone Holmes,2014,Back-row,1,0,1,0,0,0,Johannesburg,South Africa,2001,Gauteng,City of Johannesburg Metropolitan Municipality
Mark Bennett,2014,Centre,7,1,6,0,2,10,Cumnock,United Kingdom,Scotland,East Ayrshire,Cumnock
Sam Hidalgo-Clyne,2015,Scrum-half,5,0,5,0,0,0,Granada,España,Andalucía,Granada,Missing
Ben Toolis,2015,Lock,1,0,1,0,0,0,QLD,Australia,Queensland,Missing,Missing
Hamish Watson,2015,Back-row,1,0,1,0,0,0,Manchester,United Kingdom,England,North West England,Greater Manchester
