Opai Asher,1903,Wing,Tauranga,1,1,1,3,New Zealand/Aotearoa,Bay of Plenty,Tauranga City
Reuben Cooke,1903,Lock,?,1,1,0,0,g,n,i
Jimmy Duncan,1903,Fly-half,Dunedin,1,1,0,0,New Zealand/Aotearoa,Otago,Dunedin City
Bernard Fanning,1903,Lock,Christchurch,2,2,0,0,New Zealand/Aotearoa,Canterbury,Christchurch City
David Gallaher,1903,Wing-forward,Ramelton,6,5,0,0,Republic of Ireland,County Donegal,Ramelton
Mickey Kiernan,1903,Scrum-half,Wanganui,1,1,0,0,New Zealand/Aotearoa,Manawatu-Wanganui,Wanganui District
Paddy Long,1903,Lock,Auckland,1,1,0,0,New Zealand/Aotearoa,Auckland,Missing
Duncan McGregor,1903,Wing,Kaiapoi,4,3,6,18,New Zealand/Aotearoa,Canterbury,Waimakariri District
Dick McGregor,1903,Fullback,Thames,2,2,1,3,New Zealand/Aotearoa,Waikato,Thames Coromandel District
Archibald McMinn,1903,Flanker,Marton,2,2,2,6,United Kingdom,England,North West England
George Nicholson,1903,Lock,Auckland,4,3,0,0,New Zealand/Aotearoa,Auckland,Missing
Bubs Tyler,1903,Prop,Auckland,7,6,1,5,New Zealand/Aotearoa,Auckland,Missing
Daniel Udy,1903,Prop,Greytown,1,1,0,0,New Zealand/Aotearoa,Wellington,South Wairarapa District
Carbine Wallace,1903,Wing,Wellington,11,8,5,53,New Zealand/Aotearoa,Wellington,Wellington City
Maurice Wood,1903,Five-eighth,Waipawa,2,2,0,0,New Zealand/Aotearoa,Wellington,South Wairarapa District
Angry Cross,1904,Lock,Dunedin,2,2,1,3,New Zealand/Aotearoa,Otago,Dunedin City
Billy Glenn,1904,Flanker,Greymouth,2,2,0,0,New Zealand/Aotearoa,West Coast,Grey District
Eric Harper,1904,Centre,Christchurch,2,2,2,6,New Zealand/Aotearoa,Canterbury,Christchurch City
Peter Harvey,1904,Scrum-half,S Rakaia,1,1,0,0,New Zealand/Aotearoa,Canterbury,Ashburton District
Paddy McMinn,1904,Prop,Turkina,1,1,0,0,Россия,614056,Приволжский федеральный округ
Bronco Seeling,1904,Flanker,Wanganui,11,9,2,6,New Zealand/Aotearoa,Manawatu-Wanganui,Wanganui District
Billy Stead,1904,Fly-half,Invercargill,7,7,0,0,New Zealand/Aotearoa,Southland,Invercargill City
Robert Bennet,1905,Centre,Caversham,1,1,0,0,United Kingdom,England,South East
Jerry Burgess,1905,Scrum-half,Invercargill,1,1,0,0,New Zealand/Aotearoa,Southland,Invercargill City
Ernie Dodd,1905,Prop,Wellington,1,1,0,0,New Zealand/Aotearoa,Wellington,Wellington City
Bolla Francis,1905,Lock,Wanganui,10,7,3,16,New Zealand/Aotearoa,Manawatu-Wanganui,Wanganui District
Colin Gilray,1905,Wing,Broughty Ferry,5,3,1,3,United Kingdom,Scotland,Dundee City
Donald Macpherson,1905,Wing,Waimate,3,2,1,3,New Zealand/Aotearoa,Canterbury,Waimate District
Charles Purdue,1905,Flanker,Mataura,1,1,0,0,New Zealand/Aotearoa,Southland,Gore District
Pat Purdue,1905,Lock,Dipton,1,1,0,0,New Zealand/Aotearoa,Southland,Dipton
William Smith,1905,Fly-half,Wellington,1,1,0,0,New Zealand/Aotearoa,Wellington,Wellington City
John Spencer,1905,Lock,Wellington,2,2,0,0,New Zealand/Aotearoa,Wellington,Wellington City
Hubert Turtill,1905,Fullback,London,1,1,0,0,United Kingdom,England,Greater London
Eric Watkins,1905,Prop,Akaroa,1,1,0,0,New Zealand/Aotearoa,Canterbury,Christchurch City
Edgar Wrigley,1905,Five-eighth,Masterton,1,1,1,3,New Zealand/Aotearoa,Wellington,Masterton District
Steve Casey,1905,Prop,Dunedin,8,6,0,0,New Zealand/Aotearoa,Otago,Dunedin City
Bill Cunningham,1905,Lock,Rangiaohia,9,7,1,3,g,n,i
Bob Deans,1905,Centre,Christchurch,5,4,3,9,New Zealand/Aotearoa,Canterbury,Christchurch City
George Gillett,1905,Wing-forward,Leeston,8,6,1,7,New Zealand/Aotearoa,Canterbury,Selwyn District
Francis Glasgow,1905,Lock,S Dunedin,6,5,3,9,New Zealand/Aotearoa,9012,Otago
Jimmy Hunter,1905,Five-eighth,Hawera,11,8,4,12,New Zealand/Aotearoa,Taranaki,South Taranaki District
Alexander McDonald,1905,Flanker,Dunedin,8,7,3,11,New Zealand/Aotearoa,Otago,Dunedin City
James O'Sullivan,1905,Lock,Okaiawa,5,3,0,0,New Zealand/Aotearoa,Taranaki,South Taranaki District
Frederick Roberts,1905,Scrum-half,Wellington,12,9,2,11,New Zealand/Aotearoa,Wellington,Wellington City
George Smith,1905,Wing,Auckland,2,2,2,6,New Zealand/Aotearoa,Auckland,Missing
Simon Mynott,1905,Fly-half,Auckland,8,6,0,0,New Zealand/Aotearoa,Auckland,Missing
Frederick Newton,1905,Lock,Christchurch,3,2,1,3,New Zealand/Aotearoa,Canterbury,Christchurch City
Bunny Abbott,1906,Wing,Camerontown,1,1,2,8,United States of America,South Carolina,Florence County
Ernest Booth,1906,Fullback,Teschemakers,3,2,0,0,New Zealand/Aotearoa,Otago,Waitaki District
Bill Mackrell,1906,Prop,Milton,1,1,0,0,United States of America,Massachusetts,Norfolk County
Ginger Colman,1907,Fullback,Hawera,4,4,0,2,New Zealand/Aotearoa,Taranaki,South Taranaki District
Frank Fryer,1907,Wing,Riccarton,4,2,0,0,New Zealand/Aotearoa,Canterbury,Christchurch City
Ned Hughes,1907,Prop,Invercargill,6,4,1,3,New Zealand/Aotearoa,Southland,Invercargill City
Massa Johnston,1907,Lock,Dunedin,3,2,0,0,New Zealand/Aotearoa,Otago,Dunedin City
Frank Mitchinson,1907,Centre,Lawrence,11,8,10,32,United States of America,Kansas,Douglas County
Don Cameron,1908,Wing,Waitara,3,2,1,3,New Zealand/Aotearoa,Taranaki,New Plymouth District
Mona Thomson,1908,Wing,Napier,1,1,1,3,New Zealand/Aotearoa,Hawke's Bay,Napier City
Ranji Wilson,1908,Flanker,Christchurch,10,7,2,6,New Zealand/Aotearoa,Canterbury,Christchurch City
Paddy Burns,1908,Centre,Lyttelton,5,2,2,6,New Zealand/Aotearoa,Canterbury,Christchurch City
Doddy Gray,1908,Fly-half,?,3,2,3,9,g,n,i
Donald Hamilton,1908,Wing-forward,Invercargill,1,0,0,0,New Zealand/Aotearoa,Southland,Invercargill City
Peter Murray,1908,Prop,Southern Grove,1,0,0,0,United Kingdom,E3 4PN,England
Sandy Paterson,1908,Lock,Dunedin,5,3,1,3,New Zealand/Aotearoa,Otago,Dunedin City
William Reedy,1908,Prop,Buller,2,1,0,0,United States of America,Louisiana,Jefferson Davis
Circus Hayward,1908,Flanker,Blenheim,1,1,1,3,New Zealand/Aotearoa,Marlborough,Blenheim
Henry Avery,1910,Wing-forward,Wellington,3,2,0,0,New Zealand/Aotearoa,Wellington,Wellington City
William Fuller,1910,Five-eighth,Christchurch,2,1,1,3,New Zealand/Aotearoa,Canterbury,Christchurch City
Gerald McKellar,1910,Flanker,Cromwell,3,2,0,0,United States of America,89109,Nevada
James Maguire,1910,Prop,Auckland,3,2,0,0,New Zealand/Aotearoa,Auckland,Missing
Joe O'Leary,1910,Fullback,Masterton,4,3,0,16,New Zealand/Aotearoa,Wellington,Masterton District
Henry Paton,1910,Lock,Dunedin,2,2,1,3,New Zealand/Aotearoa,Otago,Dunedin City
Alexander Ridland,1910,Prop,Invercargill,3,2,0,0,New Zealand/Aotearoa,Southland,Invercargill City
Jack Stohr,1910,Wing,New Plymouth,3,2,2,6,New Zealand/Aotearoa,Taranaki,New Plymouth District
Dave Evans,1910,Lock,Napier,1,0,0,0,New Zealand/Aotearoa,Hawke's Bay,Napier City
Billy Mitchell,1910,Wing,VIC,2,1,1,3,Australia,Victoria,Missing
James Ryan,1910,Five-eighth,Masterton,4,3,0,0,New Zealand/Aotearoa,Wellington,Masterton District
Harry Atkinson,1913,Lock,Dunedin,1,1,0,0,New Zealand/Aotearoa,Otago,Dunedin City
Jock Cuthill,1913,Fullback,Inverleithen,2,2,0,0,g,n,i
Norkey Dewar,1913,Flanker,Wellington,2,2,0,0,New Zealand/Aotearoa,Wellington,Wellington City
Doolan Downing,1913,Lock,Napier,5,5,0,0,New Zealand/Aotearoa,Hawke's Bay,Napier City
Tiger Lynch,1913,Wing,Milton,4,4,4,12,United States of America,Massachusetts,Norfolk County
Dougie McGregor,1913,Wing,Thames,2,2,1,3,New Zealand/Aotearoa,Waikato,Thames Coromandel District
Jock McKenzie,1913,Five-eighth,Lyttelton,4,4,5,15,New Zealand/Aotearoa,Canterbury,Christchurch City
Toby Murray,1913,Wing-forward,Christchurch,4,4,3,9,New Zealand/Aotearoa,Canterbury,Christchurch City
Dick Roberts,1913,Centre,Manaia,5,5,7,29,New Zealand/Aotearoa,Taranaki,South Taranaki District
George Sellars,1913,Prop,Auckland,2,2,0,0,New Zealand/Aotearoa,Auckland,Missing
Harry Taylor,1913,Wing,Christchurch,5,5,4,12,New Zealand/Aotearoa,Canterbury,Christchurch City
Peter Williams,1913,Prop,Dunedin,1,1,0,0,New Zealand/Aotearoa,Otago,Dunedin City
Jim Wylie,1913,Lock,Galatea,2,2,1,3,United States of America,Ohio,Wood County
James Baird,1913,Centre,Dunedin,1,1,0,0,New Zealand/Aotearoa,Otago,Dunedin City
Buster Barrett,1913,Flanker,Auckland,2,1,0,0,New Zealand/Aotearoa,Auckland,Missing
Charles Brown,1913,Scrum-half,New Plymouth,2,1,1,3,New Zealand/Aotearoa,Taranaki,New Plymouth District
William Cummings,1913,Lock,Timaru,2,1,1,3,New Zealand/Aotearoa,Canterbury,Timaru District
William Francis,1913,Prop,New Plymouth,5,4,2,6,New Zealand/Aotearoa,Taranaki,New Plymouth District
William Geddes,1913,Fly-half,Auckland,1,1,0,0,New Zealand/Aotearoa,Auckland,Missing
Charles Gillespie,1913,Lock,Masterton,1,1,0,0,New Zealand/Aotearoa,Wellington,Masterton District
Edward Hasell,1913,Prop,Christchurch,2,1,1,3,New Zealand/Aotearoa,Canterbury,Christchurch City
John Macky,1913,Wing,Auckland,1,1,0,0,New Zealand/Aotearoa,Auckland,Missing
James McNeece,1913,Lock,Invercargill,5,4,1,3,New Zealand/Aotearoa,Southland,Invercargill City
Augustine Spillane,1913,Five-eighth,Geraldine,2,1,0,0,New Zealand/Aotearoa,Canterbury,Timaru District
James Stewart,1913,Wing,Kaiapoi,2,1,0,0,New Zealand/Aotearoa,Canterbury,Waimakariri District
Reginald Taylor,1913,Wing-forward,Taranak,2,1,1,3,g,n,i
Eric Cockroft,1913,Fullback,Clinton,3,2,0,0,United States of America,Illinois,Clinton County
Alfred Fanning,1913,Lock,Linwood,1,0,1,3,United States of America,penna,Delaware County
James Tilyard,1913,Fly-half,Waratah,1,0,0,0,Australia,Tasmania,Waratah
Michael Cain,1913,Prop,Waitara,4,4,0,0,New Zealand/Aotearoa,Taranaki,New Plymouth District
James Graham,1913,Lock,Dunedin,3,3,0,10,New Zealand/Aotearoa,Otago,Dunedin City
Robert Black,1914,Fly-half,Arrowtown,1,1,0,0,New Zealand/Aotearoa,Otago,Queenstown-Lakes District
John Bruce,1914,Flanker,Wellington,2,2,0,0,New Zealand/Aotearoa,Wellington,Wellington City
Sal Irvine,1914,Lock,Dunedin,3,3,0,0,New Zealand/Aotearoa,Otago,Dunedin City
John O'Brien,1914,Fullback,Wellington,1,1,0,0,New Zealand/Aotearoa,Wellington,Wellington City
Teddy Roberts,1914,Scrum-half,Wellington,5,3,0,4,New Zealand/Aotearoa,Wellington,Wellington City
George Aitken,1921,Centre,Westport,10,8,0,0,United States of America,Connecticut,Fairfield County
Cecil Badeley,1921,Fly-half,Auckland,2,1,0,0,New Zealand/Aotearoa,Auckland,Missing
Moke Belliss,1921,Flanker,Palmerston North,3,1,1,3,New Zealand/Aotearoa,Manawatu-Wanganui,Palmerston North City
Jim Donald,1921,Wing-forward,Featherston,2,1,0,0,New Zealand/Aotearoa,Wellington,South Wairarapa District
Bill Duncan,1921,Prop,Port Chalmers,3,1,0,0,New Zealand/Aotearoa,Otago,Dunedin City
Richard Fogarty,1921,Prop,Matakanui,2,1,0,0,g,n,i
Nipper Kingstone,1921,Fullback,Auckland,3,1,0,0,New Zealand/Aotearoa,Auckland,Missing
Jim Moffitt,1921,Lock,Waikaia,3,1,0,0,New Zealand/Aotearoa,Southland,Waikaia
Ginger Nicholls,1921,Scrum-half,Wellington,1,1,0,0,New Zealand/Aotearoa,Wellington,Wellington City
Mark Nicholls,1921,Five-eighth,Greytown,10,8,0,48,New Zealand/Aotearoa,Wellington,South Wairarapa District
Jock Richardson,1921,Lock,Dunedin,7,5,1,3,New Zealand/Aotearoa,Otago,Dunedin City
John Steel,1921,Wing,Dillmanstown,6,4,3,9,g,n,i
Percival Storey,1921,Wing,Temuka,2,1,1,3,New Zealand/Aotearoa,Canterbury,Timaru District
Son White,1921,Flanker,Invercargill,4,4,1,3,New Zealand/Aotearoa,Southland,Invercargill City
Andrew McLean,1921,Lock,Auckland,2,0,1,3,New Zealand/Aotearoa,Auckland,Missing
Alfred West,1921,Flanker,Inglewood,2,0,0,0,United States of America,California,Los Angeles County
Billy Fea,1921,Fly-half,Dunedin,1,0,0,0,New Zealand/Aotearoa,Otago,Dunedin City
Charles Fletcher,1921,Flanker,Rewiti,1,0,0,0,New Zealand/Aotearoa,1050,Auckland
Karl Ifwersen,1921,Five-eighth,Auckland,1,0,0,0,New Zealand/Aotearoa,Auckland,Missing
Stanley Siddells,1921,Wing,Wellington,1,0,0,0,New Zealand/Aotearoa,Wellington,Wellington City
Maurice Brownlie,1924,Lock,Wanganui,8,6,2,6,New Zealand/Aotearoa,Manawatu-Wanganui,Wanganui District
Bert Cooke,1924,Five-eighth,Auckland,8,7,4,12,New Zealand/Aotearoa,Auckland,Missing
Les Cupples,1924,Flanker,Otautau,2,2,0,0,New Zealand/Aotearoa,Southland,Otautau
Bill Dalley,1924,Scrum-half,Lyttelton,5,3,0,0,New Zealand/Aotearoa,Canterbury,Christchurch City
Quentin Donald,1924,Prop,Featherston,4,4,0,0,New Zealand/Aotearoa,Wellington,South Wairarapa District
Augustine Hart,1924,Wing,Auckland,1,1,0,0,New Zealand/Aotearoa,Auckland,Missing
Bull Irvine,1924,Prop,Wairapapa,5,4,3,9,g,n,i
Frederick Lucas,1924,Centre,Auckland,7,6,1,3,New Zealand/Aotearoa,Auckland,Missing
Read Masters,1924,Lock,Picton,4,4,0,0,United Kingdom,England,North West England
George Nepia,1924,Fullback,Wairoa,9,7,0,5,New Zealand/Aotearoa,Hawke's Bay,Wairoa District
James Parker,1924,Wing-forward,Lyttelton,3,3,1,3,New Zealand/Aotearoa,Canterbury,Christchurch City
Snowy Svenson,1924,Wing,Toowoomba,4,4,4,12,Australia,Queensland,Toowoomba
Cyril Brownlie,1924,Lock,Wanganui,3,3,0,0,New Zealand/Aotearoa,Manawatu-Wanganui,Wanganui District
Neil McGregor,1924,Fly-half,Lowburn,2,2,0,0,United Kingdom,England,Yorkshire and the Humber
Jimmy Mill,1924,Scrum-half,Tokomaru Bay,4,3,0,0,New Zealand/Aotearoa,Gisborne,Tokomaru Bay
Cliff Porter,1925,Wing-forward,Edinburgh,7,4,4,12,United Kingdom,Scotland,City of Edinburgh
Geoff Alley,1928,Lock,Amberley,3,1,0,0,United Kingdom,England,South East
Syd Carleton,1928,Centre,Christchurch,6,1,0,0,New Zealand/Aotearoa,Canterbury,Christchurch City
Bunny Finlayson,1928,Lock,Maungaturoto,6,3,0,0,New Zealand/Aotearoa,Northland,Kaipara District
Bert Grenside,1928,Wing,Hastings,6,2,3,9,United Kingdom,England,South East
Swin Hadley,1928,Prop,Whangaroa,4,2,0,0,New Zealand/Aotearoa,Northland,Far North District
William Hazlett,1928,Flanker,Invercargill,8,5,0,0,New Zealand/Aotearoa,Southland,Invercargill City
Lancelot Johnson,1928,Fly-half,Lumsden,4,2,0,0,New Zealand/Aotearoa,Southland,Lumsden
David Lindsay,1928,Fullback,Studholm,3,1,0,3,Canada,E3B3E7,New Brunswick
Alan Robilliard,1928,Wing,Ashburton,4,2,0,0,United Kingdom,England,South West England
George Scrimshaw,1928,Wing-forward,Islington,1,0,0,0,United Kingdom,N1,England
Ronald Stewart,1928,Wing-forward,Waikaia,5,3,1,3,New Zealand/Aotearoa,Southland,Waikaia
William Strang,1928,Fly-half,Invercargill,5,4,1,13,New Zealand/Aotearoa,Southland,Invercargill City
Tuna Swain,1928,Prop,NSW,4,2,1,3,Australia,New South Wales,Missing
Reuben McWilliams,1928,Flanker,Paeroa,10,5,1,3,New Zealand/Aotearoa,Waikato,Hauraki District
Herb Lilburne,1928,Fly-half,Burnham,10,3,0,4,United States of America,Illinois,Cook County
Ian Harvey,1928,Lock,Masterton,1,1,0,0,New Zealand/Aotearoa,Wellington,Masterton District
Beau Cottrell,1929,Prop,Westport,11,6,0,0,United States of America,Connecticut,Fairfield County
John Geddes,1929,Wing,Invercargill,1,0,0,0,New Zealand/Aotearoa,Southland,Invercargill City
Bill Heke,1929,Lock,King Country,3,0,0,0,United States of America,23011,Virginia
Lew Hook,1929,Centre,Puni,3,0,0,0,Tanzania,Lake,Shinyanga
Charles Oliver,1929,Five-eighth,Wanganui,7,2,2,6,New Zealand/Aotearoa,Manawatu-Wanganui,Wanganui District
Keith Reid,1929,Prop,Clareville,2,0,0,0,United States of America,Texas,Bee County
Wattie Reside,1929,Lock,Masterton,1,0,0,0,New Zealand/Aotearoa,Wellington,Masterton District
Fritz Snow,1929,Flanker,Nelson,3,0,0,0,New Zealand/Aotearoa,Nelson,Missing
Charles Sonntag,1929,Lock,Dunedin,3,0,0,0,New Zealand/Aotearoa,Otago,Dunedin City
Jack Tuck,1929,Scrum-half,Tikokino,3,0,0,0,New Zealand/Aotearoa,Hawke's Bay,Central Hawke's Bay District
Alfred Waterman,1929,Wing,Auckland,2,0,0,0,New Zealand/Aotearoa,Auckland,Missing
Clinton Stringfellow,1929,Centre,Chertsey,2,0,1,3,United Kingdom,England,South East
Alfred Kivell,1929,Lock,Thames,2,0,0,0,New Zealand/Aotearoa,Waikato,Thames Coromandel District
Bertram Palmer,1929,Hooker,Mosstown,3,2,1,3,Republic of Ireland,Leinster,County Longford
Rawi Cundy,1929,Wing-forward,Featherston,1,0,0,3,New Zealand/Aotearoa,Wellington,South Wairarapa District
Tiny Leys,1929,Scrum-half,Wellington,1,0,0,0,New Zealand/Aotearoa,Wellington,Wellington City
Walter Batty,1930,Flanker,1905,4,3,1,3,Algérie الجزائر,Sétif - سطيف‎,Daïra Salah Bey
George Hart,1930,Wing,Christchurch,11,8,7,21,New Zealand/Aotearoa,Canterbury,Christchurch City
Don Oliver,1930,Wing,Dunedin,2,1,1,3,New Zealand/Aotearoa,Otago,Dunedin City
Edward Steere,1930,Lock,Raetihi,6,4,0,0,New Zealand/Aotearoa,Manawatu-Wanganui,Ruapehu District
Merv Corner,1930,Scrum-half,Auckland,6,4,0,0,New Zealand/Aotearoa,Auckland,Missing
John Hore,1930,Prop,Dunedin,10,6,3,9,New Zealand/Aotearoa,Otago,Dunedin City
Hugh McLean,1930,Flanker,Wanganui,9,5,3,9,New Zealand/Aotearoa,Manawatu-Wanganui,Wanganui District
Kelly Ball,1931,Wing,Foxton,5,3,4,12,United Kingdom,England,East of England
Ron Bush,1931,Fullback,Nelson,1,1,0,14,New Zealand/Aotearoa,Nelson,Missing
Ted Jessep,1931,Prop,Leichhard,4,2,0,0,Australia,0800,Northern Territory
Donald Max,1931,Lock,Nelson,3,1,1,3,New Zealand/Aotearoa,Nelson,Missing
Thomas Metcalfe,1931,No. 8,Invercargill,2,1,0,0,New Zealand/Aotearoa,Southland,Invercargill City
Rusty Page,1931,Fly-half,Dunedin,6,3,1,3,New Zealand/Aotearoa,Otago,Dunedin City
George Purdue,1931,Lock,Invercargill,4,3,1,3,New Zealand/Aotearoa,Southland,Invercargill City
Frank Solomon,1931,No. 8,American Samoa,3,3,1,3,United States of America,American Samoa,Missing
George Bullock-Douglas,1932,Wing,Wanganui,5,2,3,9,New Zealand/Aotearoa,Manawatu-Wanganui,Wanganui District
Pat Caughey,1932,Centre,Auckland,9,4,3,9,New Zealand/Aotearoa,Auckland,Missing
Francis Kilby,1932,Scrum-half,Invercargill,4,2,1,3,New Zealand/Aotearoa,Southland,Invercargill City
Jack Manchester,1932,Flanker,Waimate,9,4,1,3,New Zealand/Aotearoa,Canterbury,Waimate District
Bunk Pollock,1932,Five-eighth,Petone,5,4,0,29,New Zealand/Aotearoa,Wellington,Lower Hutt City
Joe Procter,1932,Wing,Dunedin,1,0,0,0,New Zealand/Aotearoa,Otago,Dunedin City
Ray Clarke,1932,Lock,Wairea,2,2,0,0,g,n,i
Arthur Collins,1932,Fullback,Stratford,3,2,0,9,United Kingdom,England,West Midlands
Gordon Innes,1932,Five-eighth,Dunedin,1,1,0,0,New Zealand/Aotearoa,Otago,Dunedin City
Bill Hadley,1934,Hooker,Auckland,8,4,2,6,New Zealand/Aotearoa,Auckland,Missing
Bubs Knight,1934,Lock,Auckland,1,0,1,3,New Zealand/Aotearoa,Auckland,Missing
Arthur Lambourn,1934,Prop,Qld,10,4,0,0,Australia,Queensland,Missing
Roderick McKenzie,1934,Flanker,Rakaia,9,6,0,0,New Zealand/Aotearoa,Canterbury,Ashburton District
Ned Barry,1934,Flanker,Temuka,1,0,0,0,New Zealand/Aotearoa,Canterbury,Timaru District
Jack Griffiths,1934,Fly-half,Wellington,7,5,0,0,New Zealand/Aotearoa,Wellington,Wellington City
Edward Holder,1934,Wing,Seddonville,1,0,0,0,New Zealand/Aotearoa,West Coast,Buller District
Ron King,1934,Lock,Waiuta,13,8,0,0,New Zealand/Aotearoa,West Coast,Buller District
Hawea Mataira,1934,No. 8,Nuhaka,1,0,0,0,New Zealand/Aotearoa,Hawke's Bay,Wairoa District
Mike Gilbert,1935,Fullback,Rothesay,4,2,0,20,Canada,New Brunswick,Kings County
Tonk Mahoney,1935,No. 8,Woodville,4,2,0,0,United States of America,Texas,Tyler County
Brushy Mitchell,1935,Centre,Invercargill,8,5,4,12,New Zealand/Aotearoa,Southland,Invercargill City
Tori Reid,1935,Lock,Tokomaru Bay,9,5,2,6,New Zealand/Aotearoa,Gisborne,Tokomaru Bay
Joey Sadler,1935,Scrum-half,Wellington,5,4,0,0,New Zealand/Aotearoa,Wellington,Wellington City
Doug Dalton,1935,Prop,Napier,9,6,0,0,New Zealand/Aotearoa,Hawke's Bay,Napier City
Snowy Tindill,1936,"Fly-half, Scrum-half",Nelson,1,0,0,0,New Zealand/Aotearoa,Nelson,Missing
Everard Jackson,1936,Prop,Hastings,6,4,0,0,United Kingdom,England,South East
Shorty Killeen,1936,Five-eighth,Wellington,1,1,0,0,New Zealand/Aotearoa,Wellington,Wellington City
John Rankin,1936,No. 8,Christchurch,3,2,2,6,New Zealand/Aotearoa,Canterbury,Christchurch City
Jim Watt,1936,Wing,Dunedin,2,2,2,6,New Zealand/Aotearoa,Otago,Dunedin City
Jock Wells,1936,Flanker,nr.Dargaville,2,2,0,0,g,n,i
Colin Gillies,1936,Fly-half,Oamaru,1,1,0,0,New Zealand/Aotearoa,Otago,Waitaki District
Ronald Ward,1936,Flanker,Riverton,3,2,0,0,United States of America,Wyoming,Fremont County
Donald Cobden,1937,Wing,Christchurch,1,1,0,0,New Zealand/Aotearoa,Canterbury,Christchurch City
John Dick,1937,Wing,Auckland,3,2,1,3,New Zealand/Aotearoa,Auckland,Missing
John Hooper,1937,Five-eighth,Christchurch,3,1,0,0,New Zealand/Aotearoa,Canterbury,Christchurch City
Allan Parkhill,1937,No. 8,Palmerston,6,4,1,3,Cook Islands,Palmerston,Missing
Harold Simon,1937,Scrum-half,Kingston,3,1,0,0,Jamaica,Surrey County,Kingston and St. Andrew Corporation
John Sullivan,1937,Centre,Tahora,6,4,3,9,New Zealand/Aotearoa,Manawatu-Wanganui,Tahora
John Taylor,1937,Fullback,Mataura,6,4,0,24,New Zealand/Aotearoa,Southland,Gore District
David Trevathan,1937,Fly-half,Mosgiel Junction,3,1,0,16,g,n,i
Bill Phillips,1937,Wing,Raglan,3,2,1,3,United Kingdom,Wales,Monmouthshire
Trevor Berghan,1938,Fly-half,Houhora,3,3,0,0,New Zealand/Aotearoa,Northland,Far North District
Snow Bowman,1938,Flanker,Auckland,3,3,2,6,New Zealand/Aotearoa,Auckland,Missing
Les George,1938,Prop,Invercargill,3,3,0,0,New Zealand/Aotearoa,Southland,Invercargill City
Harold Milliken,1938,Lock,Christchurch,3,3,1,3,New Zealand/Aotearoa,Canterbury,Christchurch City
Thomas Morrison,1938,Wing,Gisborne,3,3,0,4,New Zealand/Aotearoa,Gisborne,Missing
Charlie Quaid,1938,Hooker,Christchurch,2,2,0,0,New Zealand/Aotearoa,Canterbury,Christchurch City
Charles Saxton,1938,Scrum-half,Kurow,3,3,3,9,New Zealand/Aotearoa,Canterbury,Waitaki District
Fred Allen,1946,Five-eighth,Oamaru,6,4,0,0,New Zealand/Aotearoa,Otago,Waitaki District
Wally Argus,1946,Wing,Auckland,4,4,4,12,New Zealand/Aotearoa,Auckland,Missing
Has Catley,1946,Hooker,Hamilton,7,3,0,0,Canada,Ontario,Hamilton
John Dunn,1946,Wing,Otahuhu,1,1,0,0,New Zealand/Aotearoa,Auckland,Mangere-Otahuhu
Ken Elliott,1946,No. 8,Wellington,2,2,1,3,New Zealand/Aotearoa,Wellington,Wellington City
Ron Elvidge,1946,Five-eighth,Timaru,9,4,4,12,New Zealand/Aotearoa,Canterbury,Timaru District
Jack Finlay,1946,No. 8,Normanby,1,1,1,3,United Kingdom,England,Yorkshire and the Humber
Harry Frazer,1946,Lock,Wanganui,5,4,1,3,New Zealand/Aotearoa,Manawatu-Wanganui,Wanganui District
Jimmy Haig,1946,Scrum-half,Prestonpans,2,2,1,3,United Kingdom,Scotland,East Lothian
Maurice McHugh,1946,Flanker,Auckland,3,2,0,0,New Zealand/Aotearoa,Auckland,Missing
Pat Rhind,1946,Prop,Lyttelton,2,2,0,0,New Zealand/Aotearoa,Canterbury,Christchurch City
Bob Scott,1946,Fullback,Wellington,17,10,0,74,New Zealand/Aotearoa,Wellington,Wellington City
John Smith,1946,Centre,Kaikohe,4,2,1,6,New Zealand/Aotearoa,Northland,Far North District
Roy White,1946,Flanker,Dannevirke,4,4,1,3,New Zealand/Aotearoa,Manawatu-Wanganui,Tararua District
Charlie Willocks,1946,Lock,Balclutha,5,2,0,0,New Zealand/Aotearoa,Otago,Clutha District
John McRae,1946,Hooker,Springhills,2,2,0,0,New Zealand/Aotearoa,Southland,Springhills
Eric Boggs,1946,Wing,Whangarei,2,1,0,0,New Zealand/Aotearoa,Northland,Whangarei District
Thomas Budd,1946,Lock,Bluff,2,1,0,0,New Zealand/Aotearoa,Southland,Invercargill City
Maurice Goddard,1946,Centre,Timaru,5,3,1,3,New Zealand/Aotearoa,Canterbury,Timaru District
Keith Arnold,1947,Flanker,Feilding,2,2,1,3,New Zealand/Aotearoa,Manawatu-Wanganui,Manawatu District
Ben Couch,1947,Fly-half,Christchurch,3,1,0,0,New Zealand/Aotearoa,Canterbury,Christchurch City
Ray Dalton,1947,Prop,Te Awamutu,2,2,0,0,New Zealand/Aotearoa,Waikato,Waipa District
Goldie Grant,1947,Lock,Temuka,4,2,0,0,New Zealand/Aotearoa,Canterbury,Timaru District
John McLean,1947,Wing,Thames,2,1,0,0,New Zealand/Aotearoa,Waikato,Thames Coromandel District
Johnny Simpson,1947,Prop,Rotorua,9,4,0,0,New Zealand/Aotearoa,Bay of Plenty,Rotorua District
Percy Tetzlaff,1947,Scrum-half,Taupiri,2,2,0,0,New Zealand/Aotearoa,Waikato,Waikato District
Neville Thornton,1947,No. 8,Otahuhu,3,2,0,3,New Zealand/Aotearoa,Auckland,Mangere-Otahuhu
Jim Kearney,1947,Fly-half,Naseby,4,1,1,9,United Kingdom,England,East Midlands
Tim Mason,1947,Wing,Wellington,1,1,1,3,New Zealand/Aotearoa,Wellington,Wellington City
Lester Harvey,1949,Lock,Dunedin,8,3,0,0,New Zealand/Aotearoa,Otago,Dunedin City
Sammy Henderson,1949,Wing,Gisborne,7,3,2,6,New Zealand/Aotearoa,Gisborne,Missing
Jack McNab,1949,Flanker,Owaka,6,2,0,0,New Zealand/Aotearoa,Otago,Clutha District
Laurence Savage,1949,Scrum-half,Nelson,3,0,0,0,New Zealand/Aotearoa,Nelson,Missing
Kevin Skinner,1949,Prop,Dunedin,20,12,1,3,New Zealand/Aotearoa,Otago,Dunedin City
Peter Johnstone,1949,No. 8,Mosgiel,9,6,1,3,New Zealand/Aotearoa,Otago,Dunedin City
Bill Meates,1949,Wing,Greymouth,7,3,0,0,New Zealand/Aotearoa,West Coast,Grey District
Vince Bevan,1949,Scrum-half,Wellington,6,3,0,0,New Zealand/Aotearoa,Wellington,Wellington City
Kiwi Blake,1949,Flanker,Carterton,1,0,0,0,New Zealand/Aotearoa,Wellington,Carterton District
Ron Bryers,1949,Lock,Raetihi,1,0,0,0,New Zealand/Aotearoa,Manawatu-Wanganui,Ruapehu District
Ronald Dobson,1949,Five-eighth,Auckland,1,0,0,0,New Zealand/Aotearoa,Auckland,Missing
Arthur Hughes,1949,Hooker,Auckland,6,3,0,0,New Zealand/Aotearoa,Auckland,Missing
Jack Kelly,1949,Fullback,Ashburton,2,0,0,3,United Kingdom,England,South West England
Bert Lunn,1949,Flanker,Alexandra,2,0,0,0,New Zealand/Aotearoa,Otago,Central Otago District
Graham Moore,1949,Wing,Wellington,1,0,1,3,New Zealand/Aotearoa,Wellington,Wellington City
Bill Mumm,1949,Prop,Mokihinui,1,0,0,0,New Zealand/Aotearoa,West Coast,Buller District
Rex Orr,1949,Fullback,Gore,1,0,0,0,New Zealand/Aotearoa,Southland,Gore District
Bob Stuart,1949,No. 8,Dunedin,7,3,1,3,New Zealand/Aotearoa,Otago,Dunedin City
Tiny White,1949,Lock,Gisborne,23,15,3,9,New Zealand/Aotearoa,Gisborne,Missing
Hector Wilson,1949,Prop,Beaumont,5,4,1,3,United States of America,Texas,Jefferson County
Neville Black,1949,Scrum-half,Kawakawa,1,0,0,0,New Zealand/Aotearoa,Northland,Far North District
Pat Crowley,1949,Flanker,Wanganui,6,3,1,3,New Zealand/Aotearoa,Manawatu-Wanganui,Wanganui District
Desmond Christian,1949,No. 8,Auckland,1,0,0,0,New Zealand/Aotearoa,Auckland,Missing
Red Delamore,1949,Fly-half,Thames,1,0,0,0,New Zealand/Aotearoa,Waikato,Thames Coromandel District
Jack Bond,1949,Prop,Carterton,1,0,0,0,New Zealand/Aotearoa,Wellington,Carterton District
Ray O'Callaghan,1949,Five-eighth,Wellington,1,0,0,3,New Zealand/Aotearoa,Wellington,Wellington City
Des O'Donnell,1949,Prop,Palmerston North,1,0,0,0,New Zealand/Aotearoa,Manawatu-Wanganui,Palmerston North City
Roy Roper,1949,Centre,Owhango,5,3,3,9,New Zealand/Aotearoa,Manawatu-Wanganui,Ruapehu District
Harry Rowley,1949,No. 8,Cromwell,1,0,0,0,United States of America,89109,Nevada
George Beatty,1950,Fly-half,New Plymouth,1,0,0,0,New Zealand/Aotearoa,Taranaki,New Plymouth District
Brownie Cherrington,1950,Wing,Otiria,1,0,0,0,New Zealand/Aotearoa,Northland,Far North District
Laurie Haig,1950,Fly-half,Prestonpans,9,8,1,5,United Kingdom,Scotland,East Lothian
Graham Mexted,1950,No. 8,Greytown,1,1,0,0,New Zealand/Aotearoa,Wellington,South Wairarapa District
John Tanner,1950,Centre,Auckland,5,4,1,3,New Zealand/Aotearoa,Auckland,Missing
Snow Cockerill,1951,Fullback,Hawera,3,3,0,11,New Zealand/Aotearoa,Taranaki,South Taranaki District
Bob Duff,1951,Lock,Lyttelton,11,8,0,0,New Zealand/Aotearoa,Canterbury,Christchurch City
Percy Erceg,1951,Wing,Waipapakauri,4,3,0,0,New Zealand/Aotearoa,Northland,Far North District
Ronald Jarden,1951,Wing,Lower Hutt,16,11,7,42,New Zealand/Aotearoa,Wellington,Lower Hutt City
Thomas Lynch,1951,Five-eighth,Naseby,3,3,2,9,United Kingdom,England,East Midlands
William McCaw,1951,No. 8,Gore,5,3,0,0,New Zealand/Aotearoa,Southland,Gore District
Charles Robinson,1951,Flanker,Bluff,5,4,1,3,New Zealand/Aotearoa,Southland,Invercargill City
Leo Steele,1951,Scrum-half,Wellington,3,3,0,0,New Zealand/Aotearoa,Wellington,Wellington City
Norman Wilson,1951,Hooker,Masterton,3,3,1,3,New Zealand/Aotearoa,Wellington,Masterton District
Raymond Bell,1951,Wing,Dunedin,3,2,1,6,New Zealand/Aotearoa,Otago,Dunedin City
Peter Eastgate,1952,Prop,Nelson,3,2,0,0,New Zealand/Aotearoa,Nelson,Missing
Allan Elsom,1952,Centre,Christchurch,6,3,0,3,New Zealand/Aotearoa,Canterbury,Christchurch City
Jim Fitzgerald,1952,Five-eighth,Wellington,1,0,1,3,New Zealand/Aotearoa,Wellington,Wellington City
John Hotop,1952,Fly-half,Alexandra,3,1,1,6,New Zealand/Aotearoa,Otago,Central Otago District
Ian Irvine,1952,Hooker,Carterton,1,0,0,0,New Zealand/Aotearoa,Wellington,Carterton District
Hugh McLaren,1952,No. 8,Auckland,1,0,0,0,New Zealand/Aotearoa,Auckland,Missing
Kevin Meates,1952,No. 8,Greymouth,2,1,0,0,New Zealand/Aotearoa,West Coast,Grey District
Ponty Reid,1952,Scrum-half,Te Kuiti,5,4,0,0,New Zealand/Aotearoa,Waikato,Waitomo District
Noel Bowden,1952,Fullback,Whangarei,1,1,0,3,New Zealand/Aotearoa,Northland,Whangarei District
Mick Bremner,1952,Five-eighth,Otorohanga,2,1,0,0,New Zealand/Aotearoa,Waikato,Otorohanga District
Keith Davis,1952,Scrum-half,Whakatane,10,7,0,0,New Zealand/Aotearoa,Bay of Plenty,Whakatane District
Ian Hammond,1952,Hooker,Blenheim,1,1,0,0,New Zealand/Aotearoa,Marlborough,Blenheim
Jack Skeen,1952,Flanker,Auckland,1,1,0,0,New Zealand/Aotearoa,Auckland,Missing
Bill Clark,1953,Flanker,Motueka,9,7,3,9,New Zealand/Aotearoa,Tasman,Motueka
Ian Clarke,1953,Prop,Kaponga,24,19,0,0,New Zealand/Aotearoa,Taranaki,South Taranaki District
Nelson Dalzell,1953,Lock,N.Cant.,5,3,1,3,United States of America,Ohio,Stark County
Brian Fitzpatrick,1953,Five-eighth,Opotiki,3,1,0,0,New Zealand/Aotearoa,Bay of Plenty,Opotiki District
Ron Hemi,1953,Hooker,Whangarei,16,12,1,3,New Zealand/Aotearoa,Northland,Whangarei District
Richard Bowers,1954,Fly-half,Rawhiti,2,1,0,0,New Zealand/Aotearoa,6145,Wellington
Morrie Dixon,1954,Wing,Christchurch,10,8,2,6,New Zealand/Aotearoa,Canterbury,Christchurch City
Colin Loader,1954,Centre,Dannevirke,4,3,0,0,New Zealand/Aotearoa,Manawatu-Wanganui,Tararua District
Desmond Oliver,1954,Flanker,Palmerston North,2,1,0,0,New Zealand/Aotearoa,Manawatu-Wanganui,Palmerston North City
Snow White,1954,Prop,Kawakawa,4,2,0,0,New Zealand/Aotearoa,Northland,Far North District
Tiger Hilton-Jones,1954,Flanker,Kaitaia,11,9,2,6,New Zealand/Aotearoa,Northland,Far North District
Douglas Wilson,1954,Five-eighth,Wanganui,2,2,0,0,New Zealand/Aotearoa,Manawatu-Wanganui,Wanganui District
Robin Archer,1955,Fly-half,Gore,4,4,0,0,New Zealand/Aotearoa,Southland,Gore District
Peter Burke,1955,No. 8,Tauranga,3,3,0,0,New Zealand/Aotearoa,Bay of Plenty,Tauranga City
Mark Irwin,1955,Prop,Gisborne,7,4,0,0,New Zealand/Aotearoa,Gisborne,Missing
Ross Smith,1955,Wing,Ashburton,1,1,0,0,United Kingdom,England,South West England
Kevin Stuart,1955,Fullback,Dunedin,1,1,0,0,New Zealand/Aotearoa,Otago,Dunedin City
Lindsay Townsend,1955,Scrum-half,Mataura,2,1,0,0,New Zealand/Aotearoa,Southland,Gore District
Ivan Vodanovich,1955,Prop,Wanganui,3,2,1,3,New Zealand/Aotearoa,Manawatu-Wanganui,Wanganui District
Pat Walsh,1955,Fullback,Kaitaia,13,10,4,12,New Zealand/Aotearoa,Northland,Far North District
Bill Gray,1955,Five-eighth,Te Puke,6,4,0,0,New Zealand/Aotearoa,Bay of Plenty,Western Bay of Plenty District
Tom Katene,1955,Wing,Taranaki,1,1,0,0,New Zealand/Aotearoa,Taranaki,Missing
Ross Brown,1955,Fly-half,New Plymouth,16,13,3,12,New Zealand/Aotearoa,Taranaki,New Plymouth District
John Buxton,1955,Flanker,Auckland,2,1,0,0,New Zealand/Aotearoa,Auckland,Missing
Tiny Hill,1955,Lock,New Plymouth,11,9,0,0,New Zealand/Aotearoa,Taranaki,New Plymouth District
Donald McIntosh,1956,Flanker,Lower Hutt,4,3,0,0,New Zealand/Aotearoa,Wellington,Lower Hutt City
Patrick Vincent,1956,Scrum-half,Wataroa,2,1,0,0,New Zealand/Aotearoa,Taranaki,South Taranaki District
Francis McAtamney,1956,Prop,Middlemarch,1,0,0,0,Canada,Ontario,Elgin County
Ian MacEwan,1956,Lock,Auckland,20,14,2,6,New Zealand/Aotearoa,Auckland,Missing
Denis Young,1956,Hooker,Christchurch,22,15,0,0,New Zealand/Aotearoa,Canterbury,Christchurch City
Don Clarke,1956,Fullback,Pihama,31,24,2,207,New Zealand/Aotearoa,Taranaki,South Taranaki District
Terry Lineen,1957,Five-eighth,Auckland,12,8,0,0,New Zealand/Aotearoa,Auckland,Missing
Frank McMullen,1957,Wing,Auckland,11,8,4,12,New Zealand/Aotearoa,Auckland,Missing
Colin Meads,1957,Lock,Cambridge,55,41,7,21,United Kingdom,England,East of England
Wilson Whineray,1957,Prop,Auckland,32,24,2,6,New Zealand/Aotearoa,Auckland,Missing
Mick Cossey,1958,Wing,Papakura,1,1,0,0,New Zealand/Aotearoa,Auckland,Papakura
Thomas Coughlan,1958,Flanker,Temuka,1,1,0,0,New Zealand/Aotearoa,Canterbury,Timaru District
David Graham,1958,Flanker,Stratford,22,17,2,6,United Kingdom,England,West Midlands
David Ashby,1958,Fullback,Mataura,1,0,0,0,New Zealand/Aotearoa,Southland,Gore District
Ernest Pickering,1958,Flanker,Te Kuiti,3,1,0,0,New Zealand/Aotearoa,Waikato,Waitomo District
James Watt,1958,Wing,Dunedin,9,5,1,3,New Zealand/Aotearoa,Otago,Dunedin City
Adrian Clarke,1958,Fly-half,Christchurch,3,1,0,0,New Zealand/Aotearoa,Canterbury,Christchurch City
William Gillespie,1958,Flanker,Cromwell,1,1,0,0,United States of America,89109,Nevada
Brian Finlay,1959,Flanker,Cromwell,1,1,0,0,United States of America,89109,Nevada
Bruce McPhail,1959,Wing,Ashburton,2,1,0,0,United Kingdom,England,South West England
Spider Urbahn,1959,Scrum-half,Opunake,3,2,1,3,New Zealand/Aotearoa,Taranaki,South Taranaki District
Kevin Briscoe,1959,Scrum-half,New Plymouth,9,5,0,0,New Zealand/Aotearoa,Taranaki,New Plymouth District
Ralph Caulton,1959,Wing,Wellington,16,11,8,24,New Zealand/Aotearoa,Wellington,Wellington City
Dick Conway,1959,No. 8,Whakatane,10,5,1,3,New Zealand/Aotearoa,Bay of Plenty,Whakatane District
Tuppy Diack,1959,Wing,Invercargill,1,1,0,0,New Zealand/Aotearoa,Southland,Invercargill City
John McCullough,1959,Fly-half,Stratford,3,2,0,0,United Kingdom,England,West Midlands
Kel Tremain,1959,Flanker,Auckland,38,30,9,27,New Zealand/Aotearoa,Auckland,Missing
Desmond Webb,1959,Hooker,Kawakawa,1,1,0,0,New Zealand/Aotearoa,Northland,Far North District
Terence O'Sullivan,1960,Centre,New Plymouth,4,3,1,3,New Zealand/Aotearoa,Taranaki,New Plymouth District
Ronald Horsley,1960,Lock,Wellington,3,1,0,0,New Zealand/Aotearoa,Wellington,Wellington City
Kevin Laidlaw,1960,Centre,Nightcaps,3,1,0,0,New Zealand/Aotearoa,Southland,The Nightcaps
Steven Nesbit,1960,Fly-half,Auckland,2,1,0,0,New Zealand/Aotearoa,Auckland,Missing
Tony Davies,1960,Five-eighth,Auckland,3,2,0,0,New Zealand/Aotearoa,Auckland,Missing
Desmond Connor,1958,Scrum-half,Brisbane,24,11,0,0,Australia,Queensland,Brisbane
Donald McKay,1961,Wing,Auckland,5,5,2,6,New Zealand/Aotearoa,Auckland,Missing
Stan Meads,1961,Lock,Arapuni,15,13,0,0,New Zealand/Aotearoa,Waikato,South Waikato District
Neil Wolfe,1961,Fly-half,New Plymouth,6,5,0,0,New Zealand/Aotearoa,Taranaki,New Plymouth District
Boy Yates,1961,No. 8,Kaitaia,3,3,1,3,New Zealand/Aotearoa,Northland,Far North District
Paul Little,1961,Centre,Auckland,10,8,1,3,New Zealand/Aotearoa,Auckland,Missing
Rod Heeps,1962,Wing,Hamilton,5,4,1,3,Canada,Ontario,Hamilton
Waka Nathan,1962,Flanker,Auckland,14,13,4,12,New Zealand/Aotearoa,Auckland,Missing
Bruce Watt,1962,Fly-half,Marton,8,7,2,9,United Kingdom,England,North West England
Raymond Moreton,1962,Five-eighth,Invercargill,7,4,2,9,New Zealand/Aotearoa,Southland,Invercargill City
Peter Morrissey,1962,Wing,Christchurch,3,2,2,6,New Zealand/Aotearoa,Canterbury,Christchurch City
John Creighton,1962,Hooker,Rotherham,1,1,0,0,United Kingdom,England,Yorkshire and the Humber
Jules le Lievre,1962,Prop,Akaroa,1,1,0,0,New Zealand/Aotearoa,Canterbury,Christchurch City
Keith Nelson,1962,No. 8,Auckland,2,2,0,0,New Zealand/Aotearoa,Auckland,Missing
Mac Herewini,1962,Fly-half,Mokai,10,9,1,21,Brasil,70347090,Região Centro-Oeste
Barry Thomas,1962,Prop,Auckland,4,3,0,0,New Zealand/Aotearoa,Auckland,Missing
Allan Stewart,1963,Lock,Temuka,8,6,0,0,New Zealand/Aotearoa,Canterbury,Timaru District
Ian Uttley,1963,Centre,Christchurch,2,2,0,0,New Zealand/Aotearoa,Canterbury,Christchurch City
Bluey Arnold,1963,Five-eighth,Balclutha,4,4,0,0,New Zealand/Aotearoa,Otago,Clutha District
Malcolm Dick,1963,Wing,Auckland,15,11,4,12,New Zealand/Aotearoa,Auckland,Missing
Ken Gray,1963,Prop,Porirua,24,21,4,12,New Zealand/Aotearoa,Wellington,Porirua City
Brian Lochore,1964,No. 8,Masterton,25,19,2,6,New Zealand/Aotearoa,Wellington,Masterton District
Chris Laidlaw,1964,Scrum-half,Dunedin,20,17,3,12,New Zealand/Aotearoa,Otago,Dunedin City
Don Clark,1964,Flanker,Cromwell,2,2,0,0,United States of America,89109,Nevada
John Collins,1964,Five-eighth,Tokomaru Nay,3,3,0,0,g,n,i
Bruce McLeod,1964,Hooker,Auckland,24,21,4,12,New Zealand/Aotearoa,Auckland,Missing
Spooky Smith,1964,Wing,Dunedin,9,8,2,6,New Zealand/Aotearoa,Otago,Dunedin City
Michael Williment,1964,Fullback,Wellington,9,8,1,70,New Zealand/Aotearoa,Wellington,Wellington City
Peter Murdoch,1964,Fly-half,Auckland,5,3,2,6,New Zealand/Aotearoa,Auckland,Missing
Ron Rangi,1964,Centre,Auckland,10,8,3,9,New Zealand/Aotearoa,Auckland,Missing
Bill Birtwistle,1965,Wing,Auckland,7,6,4,12,New Zealand/Aotearoa,Auckland,Missing
Fergie McCormick,1965,Fullback,Ashburton,16,13,0,121,United Kingdom,England,South West England
Jack Hazlett,1966,Prop,Invercargill,6,6,0,0,New Zealand/Aotearoa,Southland,Invercargill City
Ian MacRae,1966,Five-eighth,Christchurch,17,14,3,9,New Zealand/Aotearoa,Canterbury,Christchurch City
Anthony Steel,1966,Wing,Greymouth,9,9,7,21,New Zealand/Aotearoa,West Coast,Grey District
Bill Davis,1967,Centre,Hastings,11,11,4,12,United Kingdom,England,South East
Sid Going,1967,Scrum-half,Kawakawa,29,17,10,44,New Zealand/Aotearoa,Northland,Far North District
John Major,1967,Hooker,Whakatane,1,1,0,0,New Zealand/Aotearoa,Bay of Plenty,Whakatane District
Jazz Muller,1967,Prop,Eltham,14,9,0,0,United Kingdom,England,Greater London
Samuel Strahan,1967,Lock,Palmerston North,17,14,0,0,New Zealand/Aotearoa,Manawatu-Wanganui,Palmerston North City
Earle Kirton,1967,Fly-half,Taumarunui,13,12,4,12,New Zealand/Aotearoa,Manawatu-Wanganui,Ruapehu District
Graham Williams,1967,Flanker,Wellington,5,5,0,0,New Zealand/Aotearoa,Wellington,Wellington City
Ian Kirkpatrick,1967,Flanker,Gisborne,39,25,16,57,New Zealand/Aotearoa,Gisborne,Missing
Alister Hopkinson,1967,Prop,Mosgiel,9,7,0,0,New Zealand/Aotearoa,Otago,Dunedin City
Wayne Cottrell,1968,Five-eighth,Christchurch,9,5,1,6,New Zealand/Aotearoa,Canterbury,Christchurch City
Thomas Lister,1968,Flanker,Ashburton,8,5,2,6,United Kingdom,England,South West England
Grahame Thorne,1968,Wing,Auckland,10,7,1,3,New Zealand/Aotearoa,Auckland,Missing
Anthony Kreft,1968,Prop,Milton,1,1,0,0,United States of America,Massachusetts,Norfolk County
Michael O'Callaghan,1968,Wing,Culverden,3,3,0,0,New Zealand/Aotearoa,Canterbury,Hurunui District
Owen Stephens,1968,Wing,Paeroa,6,2,2,8,New Zealand/Aotearoa,Waikato,Hauraki District
Alan Smith,1969,Lock,Stratford,3,2,0,0,United Kingdom,England,West Midlands
George Skudder,1969,Wing,Te Puke,1,1,1,3,New Zealand/Aotearoa,Bay of Plenty,Western Bay of Plenty District
Bryan Williams,1970,Wing,Auckland,38,23,10,71,New Zealand/Aotearoa,Auckland,Missing
Alan Sutherland,1970,No. 8,Blenheim,10,6,3,12,New Zealand/Aotearoa,Marlborough,Blenheim
Alex Wyllie,1970,Flanker,Christchurch,11,5,2,8,New Zealand/Aotearoa,Canterbury,Christchurch City
Buff Milner,1970,Wing,Tokomaru Bay,1,0,0,0,New Zealand/Aotearoa,Gisborne,Tokomaru Bay
Neil Thimbleby,1970,Prop,Lower Hutt,1,0,0,0,New Zealand/Aotearoa,Wellington,Lower Hutt City
Ron Urlich,1970,Hooker,Auckland,2,0,0,0,New Zealand/Aotearoa,Auckland,Missing
Blair Furlong,1970,Fly-half,Dannevirke,1,0,0,0,New Zealand/Aotearoa,Manawatu-Wanganui,Tararua District
Gerald Kember,1970,Fullback,Wellington,1,0,0,14,New Zealand/Aotearoa,Wellington,Wellington City
Keith Murdoch,1970,Prop,Dunedin,3,2,1,4,New Zealand/Aotearoa,Otago,Dunedin City
Bob Burgess,1971,Fly-half,New Plymouth,7,3,2,6,New Zealand/Aotearoa,Taranaki,New Plymouth District
Ken Carrington,1971,Wing,Whakatane,3,0,0,0,New Zealand/Aotearoa,Bay of Plenty,Whakatane District
Richard Guy,1971,Prop,Lower Hutt,4,1,0,0,New Zealand/Aotearoa,Wellington,Lower Hutt City
Bruce Hunter,1971,Wing,Oamaru,3,1,0,0,New Zealand/Aotearoa,Otago,Waitaki District
Alan McNaughton,1971,Flanker,Christchurch,3,1,0,0,New Zealand/Aotearoa,Canterbury,Christchurch City
Tane Norton,1971,Hooker,Waikari,27,16,0,0,New Zealand/Aotearoa,Canterbury,Hurunui District
Pole Whiting,1971,Lock,Auckland,20,12,3,12,New Zealand/Aotearoa,Auckland,Missing
Howard Joseph,1971,Centre,Christchurch,2,1,0,0,New Zealand/Aotearoa,Canterbury,Christchurch City
Laurie Mains,1971,Fullback,Dunedin,4,2,1,21,New Zealand/Aotearoa,Otago,Dunedin City
Mick Duncan,1971,Centre,Waipawa,2,0,0,0,New Zealand/Aotearoa,Wellington,South Wairarapa District
Phil Gard,1971,Five-eighth,Kurow,1,0,0,0,New Zealand/Aotearoa,Canterbury,Waitaki District
John Dougan,1972,Fly-half,Lower Hutt,2,1,1,4,New Zealand/Aotearoa,Wellington,Lower Hutt City
Duncan Hales,1972,Wing,Dannevirke,4,4,0,0,New Zealand/Aotearoa,Manawatu-Wanganui,Tararua District
Jeff Matheson,1972,Prop,Palmerston,5,5,0,0,Cook Islands,Palmerston,Missing
Trevor Morris,1972,Fullback,Nelson,3,3,0,33,New Zealand/Aotearoa,Nelson,Missing
Mike Parkinson,1972,Five-eighth,Wairoa,7,6,0,0,New Zealand/Aotearoa,Hawke's Bay,Wairoa District
Bruce Robertson,1972,Centre,Hastings,34,23,4,22,United Kingdom,England,South East
Alistair Scown,1972,Flanker,Patea,5,5,1,4,New Zealand/Aotearoa,Taranaki,South Taranaki District
Graham Whiting,1972,Prop,Wanganui,6,4,0,0,New Zealand/Aotearoa,Manawatu-Wanganui,Wanganui District
Lyn Jaffray,1972,Five-eighth,Dunedin,7,4,1,4,New Zealand/Aotearoa,Otago,Dunedin City
Graham Sims,1972,Centre,Featherston,1,1,0,0,New Zealand/Aotearoa,Wellington,South Wairarapa District
Grant Batty,1972,Wing,Greytown,15,9,4,16,New Zealand/Aotearoa,Wellington,South Wairarapa District
Joseph Karam,1972,Fullback,Taumarunui,10,7,1,65,New Zealand/Aotearoa,Manawatu-Wanganui,Ruapehu District
Hamish Macdonald,1972,Lock,Rawene,12,7,1,4,New Zealand/Aotearoa,Northland,Far North District
Ian Stevens,1972,Fly-half,Waipawa,3,3,1,4,New Zealand/Aotearoa,Wellington,South Wairarapa District
Kent Lambert,1972,Prop,Wairoa,11,5,0,0,New Zealand/Aotearoa,Hawke's Bay,Wairoa District
Ian Hurst,1973,Five-eighth,Oamaru,5,1,2,8,New Zealand/Aotearoa,Otago,Waitaki District
Murray Jones,1973,Prop,Warkworth,1,0,0,0,New Zealand/Aotearoa,Auckland,Rodney
Robert Lendrum,1973,Fullback,Waiuku,1,0,0,2,New Zealand/Aotearoa,Auckland,Franklin
Ken Stewart,1973,Flanker,Gore,13,8,0,0,New Zealand/Aotearoa,Southland,Gore District
Terry Morrison,1973,Wing,Hamilton,1,0,0,0,Canada,Ontario,Hamilton
Billy Bush,1974,Prop,Napier,12,8,0,0,New Zealand/Aotearoa,Hawke's Bay,Napier City
John Callesen,1974,Lock,Palmerston North,4,3,0,0,New Zealand/Aotearoa,Manawatu-Wanganui,Palmerston North City
Bruce Gemmell,1974,Scrum-half,Auckland,2,1,0,0,New Zealand/Aotearoa,Auckland,Missing
Andrew Leslie,1974,No. 8,Lower Hutt,10,6,1,4,New Zealand/Aotearoa,Wellington,Lower Hutt City
Duncan Robertson,1974,Fly-half,Dunedin,10,6,2,8,New Zealand/Aotearoa,Otago,Dunedin City
Kerry Tanner,1974,Prop,Hamilton,7,5,0,0,Canada,Ontario,Hamilton
Jon McLachlan,1974,Wing,Auckland,1,0,0,0,New Zealand/Aotearoa,Auckland,Missing
Ashley Gardiner,1974,Prop,New Plymouth,1,1,0,0,New Zealand/Aotearoa,Taranaki,New Plymouth District
Joe Morgan,1974,Five-eighth,Whangarei,5,3,1,4,New Zealand/Aotearoa,Northland,Whangarei District
Bill Osborne,1975,Five-eighth,Wanganui,16,13,0,0,New Zealand/Aotearoa,Manawatu-Wanganui,Wanganui District
Lyn Davis,1976,Scrum-half,Christchurch,3,3,0,0,New Zealand/Aotearoa,Canterbury,Christchurch City
Neil Purvis,1976,Wing,Cromwell,1,1,0,0,United States of America,89109,Nevada
Doug Bruce,1976,Fly-half,Dunedin,14,10,0,15,New Zealand/Aotearoa,Otago,Dunedin City
Kevin Everleigh,1976,Flanker,Palmerston North,4,2,0,0,New Zealand/Aotearoa,Manawatu-Wanganui,Palmerston North City
Kit Fawcett,1976,Fullback,Matamata,2,1,0,0,New Zealand/Aotearoa,Waikato,Matamata Piako District
Brad Johnstone,1976,Prop,Auckland,13,10,2,8,New Zealand/Aotearoa,Auckland,Missing
Perry Harris,1976,Prop,Feilding,1,0,0,0,New Zealand/Aotearoa,Manawatu-Wanganui,Manawatu District
Frank Oliver,1976,Lock,Dunedin,17,11,1,4,New Zealand/Aotearoa,Otago,Dunedin City
Terry Mitchell,1976,Wing,Takara,1,0,0,0,Nigeria,Jigawa,Guri
Colin Farrell,1977,Fullback,Auckland,2,1,0,0,New Zealand/Aotearoa,Auckland,Missing
Andy Haden,1977,Lock,Wanganui,41,31,2,8,New Zealand/Aotearoa,Manawatu-Wanganui,Wanganui District
Laurie Knight,1977,No. 8,Auckland,6,4,1,4,New Zealand/Aotearoa,Auckland,Missing
Mark Taylor,1977,Five-eighth,Auckland,9,5,1,4,New Zealand/Aotearoa,Auckland,Missing
Brian Ford,1977,Wing,Kaikoura,4,4,0,0,New Zealand/Aotearoa,Canterbury,Kaikoura District
John McEldowney,1977,Prop,New Plymouth,2,2,0,0,New Zealand/Aotearoa,Taranaki,New Plymouth District
Graham Mourie,1977,Flanker,Opunake,21,17,4,16,New Zealand/Aotearoa,Taranaki,South Taranaki District
Bevan Wilson,1977,Fullback,Dunstan,8,5,0,55,New Zealand/Aotearoa,Otago,Central Otago District
John Black,1977,Hooker,Timaru,3,0,0,0,New Zealand/Aotearoa,Canterbury,Timaru District
Mark Donaldson,1977,Scrum-half,Palmerston North,13,9,1,4,New Zealand/Aotearoa,Manawatu-Wanganui,Palmerston North City
Gary Knight,1977,Prop,Wellington,36,27,1,4,New Zealand/Aotearoa,Wellington,Wellington City
Brian McKechnie,1977,Fullback,Gore,10,7,0,46,New Zealand/Aotearoa,Southland,Gore District
Gary Seear,1977,No. 8,Dunedin,12,8,2,11,New Zealand/Aotearoa,Otago,Dunedin City
Stu Wilson,1977,Wing,Gore,34,25,19,76,New Zealand/Aotearoa,Southland,Gore District
Robbie Stuart,1977,Lock,Napier,1,0,0,0,New Zealand/Aotearoa,Hawke's Bay,Napier City
Andy Dalton,1977,Hooker,Dunedin,35,30,3,12,New Zealand/Aotearoa,Otago,Dunedin City
Barry Ashworth,1978,Flanker,Waiuku,2,2,0,0,New Zealand/Aotearoa,Auckland,Franklin
John Ashworth,1978,Prop,Makahu,24,18,1,4,New Zealand/Aotearoa,Taranaki,Stratford District
Leicester Rutledge,1978,Flanker,Christchurch,13,8,0,0,New Zealand/Aotearoa,Canterbury,Christchurch City
Dick Myers,1978,Flanker,Hamilton,1,0,0,0,Canada,Ontario,Hamilton
Clive Currie,1978,Fullback,Wellington,2,2,0,0,New Zealand/Aotearoa,Wellington,Wellington City
David Loveridge,1978,Scrum-half,Stratford,24,19,3,12,United Kingdom,England,West Midlands
Murray Taylor,1979,Fly-half,Hamilton,7,4,0,3,Canada,Ontario,Hamilton
Murray Watts,1979,Wing,Patea,5,2,1,4,New Zealand/Aotearoa,Taranaki,South Taranaki District
Wayne Graham,1979,Flanker,Tauranga,1,1,0,0,New Zealand/Aotearoa,Bay of Plenty,Tauranga City
Gary Cunningham,1979,Five-eighth,Auckland,5,3,0,0,New Zealand/Aotearoa,Auckland,Missing
Mike McCool,1979,Lock,Hastings,1,0,0,0,United Kingdom,England,South East
Eddie Dunn,1979,Fly-half,Te Kopuru,2,2,1,4,New Zealand/Aotearoa,Northland,Kaipara District
John Fleming,1979,Lock,Auckland,5,3,1,4,New Zealand/Aotearoa,Auckland,Missing
Bernie Fraser,1979,Wing,Lautoka,23,17,6,24,Viti,Lautoka,Missing
Murray Mexted,1979,No. 8,Wellington,34,26,4,16,New Zealand/Aotearoa,Wellington,Wellington City
John Spiers,1979,Prop,Otahuhu,5,5,0,0,New Zealand/Aotearoa,Auckland,Mangere-Otahuhu
Richard Wilson,1979,Fullback,Leeston,2,2,0,10,New Zealand/Aotearoa,Canterbury,Selwyn District
Peter Sloane,1979,Hooker,Whangarei,1,1,0,0,New Zealand/Aotearoa,Northland,Whangarei District
Brett Codlin,1980,Fullback,Pukekohe,3,1,0,23,New Zealand/Aotearoa,Auckland,Franklin
Hika Reid,1980,Hooker,Rotorua,9,4,2,8,New Zealand/Aotearoa,Bay of Plenty,Rotorua District
Mark Shaw,1980,Flanker,Palmerston North,30,21,6,24,New Zealand/Aotearoa,Manawatu-Wanganui,Palmerston North City
Wayne Smith,1980,Fly-half,Putaruru,17,11,0,6,New Zealand/Aotearoa,Waikato,South Waikato District
Tim Twigden,1980,Wing,Taumarunui,2,1,0,0,New Zealand/Aotearoa,Manawatu-Wanganui,Ruapehu District
Nicky Allen,1980,Fly-half,Auckland,2,1,1,4,New Zealand/Aotearoa,Auckland,Missing
Lachlan Cameron,1980,Five-eighth,Hamilton,5,3,0,0,Canada,Ontario,Hamilton
Geoffrey Hines,1980,Flanker,Tokoroa,1,0,0,0,New Zealand/Aotearoa,Waikato,South Waikato District
Graeme Higginson,1980,Lock,Rangiora,6,5,0,0,New Zealand/Aotearoa,Canterbury,Waimakariri District
Rod Ketels,1980,Prop,Papakura,5,5,0,0,New Zealand/Aotearoa,Auckland,Papakura
Douglas Rollerson,1980,Fly-half,Papakura,8,7,1,24,New Zealand/Aotearoa,Auckland,Papakura
Allan Hewson,1981,Fullback,Lower Hutt,19,16,4,201,New Zealand/Aotearoa,Wellington,Lower Hutt City
Andy Jefferd,1981,Five-eighth,Gisborne,3,3,0,0,New Zealand/Aotearoa,Gisborne,Missing
Haydn Rickit,1981,Lock,Taupo,2,2,0,0,New Zealand/Aotearoa,Waikato,Taupo District
Freddy Woodman,1981,Wing,Kaikohe,3,2,0,0,New Zealand/Aotearoa,Northland,Far North District
Greg Burgess,1981,Prop,Auckland,1,0,0,0,New Zealand/Aotearoa,Auckland,Missing
Geoff Old,1981,Flanker,Eltham,3,3,0,0,United Kingdom,England,Greater London
Steve Pokere,1981,Centre,Hawera,18,15,2,8,New Zealand/Aotearoa,Taranaki,South Taranaki District
Frank Shelford,1981,Flanker,Waioeka,4,4,0,0,Indonesia,Maluku,Waihoka
Gary Whetton,1981,Lock,Auckland,58,50,1,4,New Zealand/Aotearoa,Auckland,Missing
Jamie Salmon,1981,Centre,1959,15,7,2,8,Algérie الجزائر,Sétif - سطيف‎,Daïra Bir El Arch
Arthur Stone,1981,Five-eighth,Auckland,9,6,1,7,New Zealand/Aotearoa,Auckland,Missing
Paul Koteka,1981,Prop,Tokoroa,2,2,0,0,New Zealand/Aotearoa,Waikato,South Waikato District
Ian Dunn,1983,Fly-half,Te Kopuru,3,3,0,0,New Zealand/Aotearoa,Northland,Kaipara District
Jock Hobbs,1983,Flanker,Christchurch,21,15,4,16,New Zealand/Aotearoa,Canterbury,Christchurch City
Warwick Taylor,1983,Five-eighth,Hamilton,24,21,5,20,Canada,Ontario,Hamilton
Albert Anderson,1983,Lock,Christchurch,6,3,0,0,New Zealand/Aotearoa,Canterbury,Christchurch City
Gary Braid,1983,Lock,Tauranga,2,0,0,0,New Zealand/Aotearoa,Bay of Plenty,Tauranga City
Scott Crichton,1983,Prop,Wanganui,2,0,0,0,New Zealand/Aotearoa,Manawatu-Wanganui,Wanganui District
Robbie Deans,1983,Fullback,Cheviot,5,2,0,50,United States of America,Ohio,Hamilton County
Andy Donald,1983,Scrum-half,Wanganui,7,4,0,0,New Zealand/Aotearoa,Manawatu-Wanganui,Wanganui District
Brian McGrattan,1983,Prop,Wellington,6,2,0,0,New Zealand/Aotearoa,Wellington,Wellington City
Craig Green,1983,Wing,Christchurch,20,14,11,44,New Zealand/Aotearoa,Canterbury,Christchurch City
Murray Davie,1983,Prop,Christchurch,1,0,1,4,New Zealand/Aotearoa,Canterbury,Christchurch City
John Kirwan,1984,Wing,Auckland,63,48,35,143,New Zealand/Aotearoa,Auckland,Missing
Bruce Smith,1984,Wing,Wairoa,3,2,1,4,New Zealand/Aotearoa,Hawke's Bay,Wairoa District
Alan Whetton,1984,Flanker,Auckland,35,31,10,40,New Zealand/Aotearoa,Auckland,Missing
Michael Clamp,1984,Wing,Wellington,2,2,1,4,New Zealand/Aotearoa,Wellington,Wellington City
Kieran Crowley,1985,Fullback,Kaponga,19,14,5,105,New Zealand/Aotearoa,Taranaki,South Taranaki District
David Kirk,1985,Scrum-half,Wellington,17,14,6,24,New Zealand/Aotearoa,Wellington,Wellington City
Murray Pierce,1985,Lock,Timaru,26,23,0,0,New Zealand/Aotearoa,Canterbury,Timaru District
Grant Fox,1985,Fly-half,New Plymouth,46,38,1,645,New Zealand/Aotearoa,Taranaki,New Plymouth District
Steve McDowall,1985,Prop,Rotorua,46,38,3,12,New Zealand/Aotearoa,Bay of Plenty,Rotorua District
Victor Simpson,1985,Centre,Gisborne,2,1,0,0,New Zealand/Aotearoa,Gisborne,Missing
Kevin Boroevich,1986,Prop,Te Kuiti,3,1,0,0,New Zealand/Aotearoa,Waikato,Waitomo District
Frano Botica,1986,Fly-half,Mangakino,7,4,0,6,New Zealand/Aotearoa,Waikato,Taupo District
Mike Brewer,1986,Back-row,Pukekohe,32,22,1,4,New Zealand/Aotearoa,Auckland,Franklin
Mark Brooke-Cowden,1986,Flanker,Auckland,3,2,2,8,New Zealand/Aotearoa,Auckland,Missing
Greg Cooper,1986,Fullback,Gisborne,7,5,2,63,New Zealand/Aotearoa,Gisborne,Missing
Andy Earl,1986,Flanker,Christchurch,14,10,3,12,New Zealand/Aotearoa,Canterbury,Christchurch City
Sean Fitzpatrick,1986,Hooker,Auckland,92,74,12,55,New Zealand/Aotearoa,Auckland,Missing
Brett Harvey,1986,Flanker,Palmerston North,1,1,0,0,New Zealand/Aotearoa,Manawatu-Wanganui,Palmerston North City
Gordon Macpherson,1986,Lock,Gisborne,1,1,0,0,New Zealand/Aotearoa,Gisborne,Missing
Joe Stanley,1986,Centre,Auckland,27,23,4,16,New Zealand/Aotearoa,Auckland,Missing
Terry Wright,1986,Wing,Takapuna,30,26,18,72,New Zealand/Aotearoa,Auckland,Devonport-Takapuna
Brent Anderson,1986,Lock,Lower Hutt,1,0,0,0,New Zealand/Aotearoa,Wellington,Lower Hutt City
Michael Speight,1986,Lock,Auckland,1,0,0,0,New Zealand/Aotearoa,Auckland,Missing
Marty Berry,1986,"Fly-half, Centre",Wellington,1,0,0,0,New Zealand/Aotearoa,Wellington,Wellington City
John Drake,1986,Prop,Auckland,8,7,1,4,New Zealand/Aotearoa,Auckland,Missing
Buck Shelford,1986,No. 8,Rotorua,22,20,5,20,New Zealand/Aotearoa,Bay of Plenty,Rotorua District
John Gallagher,1987,Fullback,London,18,17,13,52,United Kingdom,England,Greater London
Michael Jones,1986,Flanker,Auckland,56,43,13,56,New Zealand/Aotearoa,Auckland,Missing
Richard Loe,1987,Prop,Chevot,49,37,6,25,United States of America,47906,Indiana
Zinzan Brooke,1987,No. 8,Waiuku,58,45,17,89,New Zealand/Aotearoa,Auckland,Franklin
Bernie McCahill,1987,Five-eighth,Auckland,10,9,1,4,New Zealand/Aotearoa,Auckland,Missing
Bruce Deans,1988,Scrum-half,Cheviot,10,9,6,24,United States of America,Ohio,Hamilton County
John Schuster,1988,Centre,Western Samoa,13,10,1,21,United States of America,95503,California
Graeme Bachop,1989,Scrum-half,Christchurch,39,28,4,18,New Zealand/Aotearoa,Canterbury,Christchurch City
Craig Innes,1989,Centre,New Plymouth,17,14,6,24,New Zealand/Aotearoa,Taranaki,New Plymouth District
Ian Jones,1990,Lock,Whangarei,79,59,9,42,New Zealand/Aotearoa,Northland,Whangarei District
Walter Little,1990,Five-eighth,Tokoroa,50,37,9,44,New Zealand/Aotearoa,Waikato,South Waikato District
Kevin Schuler,1990,Flanker,Te Aroha,4,3,0,0,New Zealand/Aotearoa,Waikato,Matamata Piako District
Paul Henderson,1991,No. 8,Bluff,7,6,2,9,New Zealand/Aotearoa,Southland,Invercargill City
John Timu,1991,Fullback,Dannevirke,26,16,7,31,New Zealand/Aotearoa,Manawatu-Wanganui,Tararua District
Mark Carter,1991,Flanker,Auckland,7,5,0,0,New Zealand/Aotearoa,Auckland,Missing
Jon Preston,1991,Scrum-half,Dunedin,10,9,1,34,New Zealand/Aotearoa,Otago,Dunedin City
Graham Purvis,1991,Prop,Waihi,2,2,1,4,New Zealand/Aotearoa,Waikato,Hauraki District
Inga Tuigamala,1991,"Wing, Centre",Western Samoa,41,27,8,36,United States of America,95503,California
Jason Hewett,1991,Scrum-half,Clyde,1,1,1,4,United States of America,94520,California
Shayne Philpott,1991,Fullback,Christchurch,2,2,0,0,New Zealand/Aotearoa,Canterbury,Christchurch City
Frank Bunce,1991,Centre,Auckland,59,44,21,100,New Zealand/Aotearoa,Auckland,Missing
Mark Cooksley,1992,Lock,Auckland,11,5,0,0,New Zealand/Aotearoa,Auckland,Missing
Richard Turner,1992,Flanker,Napier,2,1,1,4,New Zealand/Aotearoa,Hawke's Bay,Napier City
Arran Pene,1992,No. 8,Hamilton,15,9,4,16,Canada,Ontario,Hamilton
Eroni Clarke,1992,Five-eighth,Western Samoa,10,6,6,25,United States of America,95503,California
Jamie Joseph,1992,Flanker,Blenheim,29,21,3,15,New Zealand/Aotearoa,Marlborough,Blenheim
Blair Larsen,1992,Flanker,Northshore,17,12,1,4,Canada,Ontario,Northshore
Ant Strachan,1992,Scrum-half,Te Awamutu,11,8,2,8,New Zealand/Aotearoa,Waikato,Waipa District
Graham Dowd,1992,Prop,Takapuna,1,1,0,0,New Zealand/Aotearoa,Auckland,Devonport-Takapuna
Robin Brooke,1992,Lock,Warkworth,62,47,4,20,New Zealand/Aotearoa,Auckland,Rodney
Olo Brown,1992,Prop,Western Samoa,56,40,4,20,United States of America,95503,California
Matthew Cooper,1992,Five-eighth,Gisborne,8,6,2,55,New Zealand/Aotearoa,Gisborne,Missing
Craig Dowd,1993,Prop,Auckland,60,47,2,10,New Zealand/Aotearoa,Auckland,Missing
Lee Stensness,1993,"Centre, Five-eighth",Auckland,8,8,3,15,New Zealand/Aotearoa,Auckland,Missing
Bull Allen,1993,Prop,Stratford,8,7,1,5,United Kingdom,England,West Midlands
Marc Ellis,1993,Wing,Wellington,8,6,11,55,New Zealand/Aotearoa,Wellington,Wellington City
Stu Forster,1993,Scrum-half,Pahiatua,6,2,0,0,New Zealand/Aotearoa,Manawatu-Wanganui,Tararua District
Steve Gordon,1993,Lock,Te Awamutu,2,1,0,0,New Zealand/Aotearoa,Waikato,Waipa District
Jeff Wilson,1993,Wing,Invercargill,60,45,44,234,New Zealand/Aotearoa,Southland,Invercargill City
Jonah Lomu,1994,Wing,Auckland,63,44,37,185,New Zealand/Aotearoa,Auckland,Missing
Simon Mannix,1994,Fly-half,Lower Hutt,1,0,0,0,New Zealand/Aotearoa,Wellington,Lower Hutt City
Stephen Bachop,1991,Fly-half,Lyttelton,23,12,4,64,New Zealand/Aotearoa,Canterbury,Christchurch City
Shane Howarth,1994,"Fly-half, Fullback",Auckland,23,14,5,77,New Zealand/Aotearoa,Auckland,Missing
Alama Ieremia,1992,Five-eighth,Western Samoa,35,27,5,25,United States of America,95503,California
Josh Kronfeld,1995,Flanker,Hastings,54,42,14,70,United Kingdom,England,South East
Andrew Mehrtens,1995,Fly-half,Durban,70,49,7,967,South Africa,KwaZulu-Natal,eThekwini Metropolitan Municipality
Glen Osborne,1995,Fullback,Wanganui,19,16,11,55,New Zealand/Aotearoa,Manawatu-Wanganui,Wanganui District
Norm Hewitt,1995,Hooker,Hastings,9,8,0,0,United Kingdom,England,South East
Eric Rush,1995,Wing,Auckland,9,8,5,25,New Zealand/Aotearoa,Auckland,Missing
Simon Culhane,1995,Fly-half,Invercargill,6,5,1,114,New Zealand/Aotearoa,Southland,Invercargill City
Liam Barry,1995,Flanker,Takapuna,1,1,0,0,New Zealand/Aotearoa,Auckland,Devonport-Takapuna
Justin Marshall,1995,Scrum-half,Mataura,81,61,24,120,New Zealand/Aotearoa,Southland,Gore District
Christian Cullen,1996,Fullback,Paraparaumu,58,42,46,236,New Zealand/Aotearoa,Wellington,Kapiti Coast District
Scott McLeod,1996,Centre,S Brisbane,10,7,1,5,Australia,4101,Queensland
Adrian Cashmore,1996,Fullback,Tokoroa,2,2,0,0,New Zealand/Aotearoa,Waikato,South Waikato District
Andrew Blowers,1996,Back-row,Otahuhu,11,10,0,0,New Zealand/Aotearoa,Auckland,Mangere-Otahuhu
Glenn Taylor,1996,Flanker,Whangarei,1,0,0,0,New Zealand/Aotearoa,Northland,Whangarei District
Taine Randell,1997,Back-row,Hastings,51,35,12,60,United Kingdom,England,South East
Tana Umaga,1997,"Wing, Centre",Lower Hutt,74,59,36,180,New Zealand/Aotearoa,Wellington,Lower Hutt City
Anton Oliver,1997,Hooker,Invercargill,59,42,3,15,New Zealand/Aotearoa,Southland,Invercargill City
Charles Riechelmann,1997,Flanker,Nuku'alofa,6,5,1,5,Tonga,Tongatapu,Vahe Kolofo'ou
Junior Tonu'u,1992,Scrum-half,Wellington,9,7,1,5,New Zealand/Aotearoa,Wellington,Wellington City
Carlos Spencer,1997,"Fullback, Fly-half",Levin,35,27,14,291,New Zealand/Aotearoa,Manawatu-Wanganui,Horowhenua District
Mark Mayerhofler,1998,Centre,Auckland,6,2,2,10,New Zealand/Aotearoa,Auckland,Missing
Todd Blackadder,1998,"Lock, Flanker",Rangiora,12,9,1,5,New Zealand/Aotearoa,Canterbury,Waimakariri District
Mark Robinson,1998,Scrum-half,Palmerston North,3,3,1,5,New Zealand/Aotearoa,Manawatu-Wanganui,Palmerston North City
Caleb Ralph,1998,"Centre, Wing",Rotorua,14,12,8,40,New Zealand/Aotearoa,Bay of Plenty,Rotorua District
Carl Hoeft,1998,Prop,Auckland,30,20,0,0,New Zealand/Aotearoa,Auckland,Missing
Isitolo Maka,1998,No. 8,Longoteme,4,1,1,5,Tonga,Tongatapu,Vahe Vaini
Joeli Vidiri,1994,Wing,Nausori Highland,9,2,6,30,g,n,i
Scott Robertson,1998,No. 8,Tauranga,23,17,4,20,New Zealand/Aotearoa,Bay of Plenty,Tauranga City
Royce Willis,1998,Lock,Tokoroa,12,7,0,0,New Zealand/Aotearoa,Waikato,South Waikato District
Norm Berryman,1998,Centre,Wellington,1,0,0,0,New Zealand/Aotearoa,Wellington,Wellington City
Kees Meeuws,1998,Prop,Auckland,42,31,10,50,New Zealand/Aotearoa,Auckland,Missing
Xavier Rush,1998,No. 8,Auckland,8,5,0,0,New Zealand/Aotearoa,Auckland,Missing
Tony Brown,1999,Fly-half,Blenheim,18,15,5,171,New Zealand/Aotearoa,Marlborough,Blenheim
Daryl Gibson,1999,Centre,Lumsden,19,15,1,5,New Zealand/Aotearoa,Southland,Lumsden
Norm Maxwell,1999,Lock,Rawene,36,28,5,25,New Zealand/Aotearoa,Northland,Far North District
Dylan Mika,1994,Back-row,Auckland,9,6,1,5,New Zealand/Aotearoa,Auckland,Missing
Greg Feek,1999,Prop,New Plymouth,10,9,0,0,New Zealand/Aotearoa,Taranaki,New Plymouth District
Byron Kelleher,1999,Scrum-half,Dunedin,57,46,8,40,New Zealand/Aotearoa,Otago,Dunedin City
Pita Alatini,1995,Centre,Nuku'alofa,18,13,6,30,Tonga,Tongatapu,Vahe Kolofo'ou
Mark Hammett,1999,Hooker,Christchurch,29,25,3,15,New Zealand/Aotearoa,Canterbury,Christchurch City
Reuben Thorne,1999,"Flanker, Lock",Burwood,50,42,5,25,Australia,Burwood,Missing
Rhys Duggan,1999,Scrum-half,Rotorua,1,1,0,0,New Zealand/Aotearoa,Bay of Plenty,Rotorua District
Troy Flavell,2000,Lock,Otahuhu,22,17,6,30,New Zealand/Aotearoa,Auckland,Mangere-Otahuhu
Greg Somerville,2000,Prop,Wairoa,66,55,1,5,New Zealand/Aotearoa,Hawke's Bay,Wairoa District
Doug Howlett,2000,Wing,Auckland,62,51,49,245,New Zealand/Aotearoa,Auckland,Missing
Filo Tiatia,2000,"Back-row, Lock",Wellington,2,2,2,10,New Zealand/Aotearoa,Wellington,Wellington City
Ron Cribb,2000,No. 8,Wanganui,15,10,4,20,New Zealand/Aotearoa,Manawatu-Wanganui,Wanganui District
Leon MacDonald,2000,Fly-half,Blenheim,56,48,14,141,New Zealand/Aotearoa,Marlborough,Blenheim
Mark Robinson,2000,Centre,Stratford,9,7,1,5,United Kingdom,England,West Midlands
Gordon Slater,2000,Prop,New Plymouth,3,2,1,5,New Zealand/Aotearoa,Taranaki,New Plymouth District
Bruce Reihana,2000,Fullback,Thames,2,1,2,10,New Zealand/Aotearoa,Waikato,Thames Coromandel District
Jason O'Halloran,2000,Five-eighth,Lower Hutt,1,1,0,0,New Zealand/Aotearoa,Wellington,Lower Hutt City
Marty Holah,2001,Flanker,Hamilton,36,27,3,15,Canada,Ontario,Hamilton
Carl Hayman,2001,Prop,Opunake,45,36,2,10,New Zealand/Aotearoa,Taranaki,South Taranaki District
Mark Ranby,2001,Centre,Putaruhu,1,1,0,0,g,n,i
Jerry Collins,2001,Flanker,Western Samoa,48,42,5,25,United States of America,95503,California
Chris Jack,2001,Lock,Christchurch,67,57,5,25,New Zealand/Aotearoa,Canterbury,Christchurch City
Richie McCaw,2001,Flanker,Oamaru,137,121,25,125,New Zealand/Aotearoa,Otago,Waitaki District
Aaron Mauger,2001,Centre,Christchurch,45,39,13,90,New Zealand/Aotearoa,Canterbury,Christchurch City
Dave Hewett,2001,Prop,Christchurch,22,19,2,10,New Zealand/Aotearoa,Canterbury,Christchurch City
Ben Blair,2001,Fullback,Westport,4,3,0,4,United States of America,Connecticut,Fairfield County
Dion Waller,2001,Lock,Turangi,1,1,0,0,New Zealand/Aotearoa,Waikato,Taupo District
Joe McDonnell,2002,Prop,Hastings,8,5,1,5,United Kingdom,England,South East
Simon Maling,2002,Lock,Christchurch,11,9,0,0,New Zealand/Aotearoa,Canterbury,Christchurch City
Tom Willis,2002,Hooker,Dunedin,5,4,0,0,New Zealand/Aotearoa,Otago,Dunedin City
Sam Harding,2002,Flanker,Subiaco,1,1,0,0,Italia,LAZ,Roma Capitale
Sam Broomhall,2002,Back-row,Christchurch,4,2,0,0,New Zealand/Aotearoa,Canterbury,Christchurch City
Steve Devine,2002,Scrum-half,NSW,10,8,0,0,Australia,New South Wales,Missing
Andrew Hore,2002,Hooker,Dunedin,83,70,8,40,New Zealand/Aotearoa,Otago,Dunedin City
Keith Lowen,2002,Centre,Huntly,1,0,0,0,United Kingdom,Scotland,Aberdeenshire
Keith Robinson,2002,Lock,Te Aroha,12,9,0,0,New Zealand/Aotearoa,Waikato,Matamata Piako District
Ali Williams,2002,Lock,Auckland,77,65,7,35,New Zealand/Aotearoa,Auckland,Missing
Danny Lee,2002,Scrum-half,Hastings,2,0,1,5,United Kingdom,England,South East
Brad Mika,2002,Back-row,Auckland,3,1,0,0,New Zealand/Aotearoa,Auckland,Missing
Dan Braid,2002,Flanker,Tauranga,6,5,1,5,New Zealand/Aotearoa,Bay of Plenty,Tauranga City
Regan King,2002,Centre,Cambridge,1,1,1,5,United Kingdom,England,East of England
Keven Mealamu,2002,Hooker,Tokoroa,123,105,12,60,New Zealand/Aotearoa,Waikato,South Waikato District
Rodney So'oialo,2002,Back-row,Western Samoa,62,53,6,30,United States of America,95503,California
Tony Woodcock,2002,Prop,Helensville,110,95,9,45,New Zealand/Aotearoa,Auckland,Rodney
Paul Steinmetz,2002,Centre,Paraparaumu,1,1,0,0,New Zealand/Aotearoa,Wellington,Kapiti Coast District
Ma'a Nonu,2003,Centre,Wellington,94,82,26,130,New Zealand/Aotearoa,Wellington,Wellington City
Joe Rokocoko,2003,Centre,Nadi,68,55,46,230,Viti,Nadi,Missing
Mils Muliaina,2003,Fullback,Western Samoa,100,84,34,170,United States of America,95503,California
Dan Carter,2003,Fly-half,Leeston,102,90,29,1457,New Zealand/Aotearoa,Canterbury,Selwyn District
Brad Thorn,2003,Lock,Mosgiel,59,51,4,20,New Zealand/Aotearoa,Otago,Dunedin City
Corey Flynn,2003,Hooker,Invercargill,15,15,3,15,New Zealand/Aotearoa,Southland,Invercargill City
Ben Atiga,2003,Centre,Auckland,1,1,0,0,New Zealand/Aotearoa,Auckland,Missing
Jono Gibbes,2004,"Flanker, Lock",Henderson,8,6,0,0,United States of America,Illinois,Henderson County
Nick Evans,2004,Fly-half,Takapuna,16,15,5,103,New Zealand/Aotearoa,Auckland,Devonport-Takapuna
Sam Tuitupou,2004,Centre,Auckland,9,7,1,5,New Zealand/Aotearoa,Auckland,Missing
Craig Newby,2004,Back-row,Rotorua,3,2,0,0,New Zealand/Aotearoa,Bay of Plenty,Rotorua District
Mose Tuiali'i,2004,Back-row,Auckland,9,7,1,5,New Zealand/Aotearoa,Auckland,Missing
Rico Gear,2004,"Wing, Centre",Gisborne,19,16,11,55,New Zealand/Aotearoa,Gisborne,Missing
Conrad Smith,2004,Centre,Hawera,85,76,25,125,New Zealand/Aotearoa,Taranaki,South Taranaki District
Saimone Taumoepeau,2004,Prop,Ha'apai,3,3,1,5,Tonga,Tongatapu,Hunga Haʻapai
Steven Bates,2004,Back-row,Auckland,1,1,0,0,New Zealand/Aotearoa,Auckland,Missing
Jimmy Cowan,2004,Scrum-half,Gore,51,44,7,35,New Zealand/Aotearoa,Southland,Gore District
Casey Laulala,2004,Centre,Western Samoa,2,2,0,0,United States of America,95503,California
Piri Weepu,2004,Scrum-half,Lower Hutt,71,62,7,103,New Zealand/Aotearoa,Wellington,Lower Hutt City
James Ryan,2005,Lock,Christchurch,9,9,0,0,New Zealand/Aotearoa,Canterbury,Christchurch City
Sitiveni Sivivatu,2004,Wing,Suva,48,37,33,165,Viti,Central,Suva
Derren Witcombe,2005,Hooker,Tasmania,5,4,0,0,Australia,Tasmania,Missing
Sosene Anesi,2005,"Wing, Fullback",Western Samoa,1,1,0,0,United States of America,95503,California
Campbell Johnstone,2005,Prop,Waipukarau,3,3,0,0,g,n,i
Sione Lauaki,2004,No. 8,Ha'apai,20,15,6,30,Tonga,Tongatapu,Hunga Haʻapai
Luke McAlister,2005,Fly-half,Waitara,30,24,7,153,New Zealand/Aotearoa,Taranaki,New Plymouth District
Kevin Senio,2005,Scrum-half,Auckland,1,1,0,0,New Zealand/Aotearoa,Auckland,Missing
Chris Masoe,2005,No. 8,Western Samoa,20,18,3,15,United States of America,95503,California
Neemia Tialata,2005,Prop,Lower Hutt,43,38,2,10,New Zealand/Aotearoa,Wellington,Lower Hutt City
Angus Macdonald,2005,Back-row,Whangarei,2,2,0,0,New Zealand/Aotearoa,Northland,Whangarei District
John Afoa,2005,Prop,Auckland,36,28,1,5,New Zealand/Aotearoa,Auckland,Missing
Jason Eaton,2005,Lock,Palmerston North,15,13,1,5,New Zealand/Aotearoa,Manawatu-Wanganui,Palmerston North City
Isaia Toeava,2005,"Centre, Fullback",Western Samoa,36,30,8,40,United States of America,95503,California
Clarke Dermody,2006,Prop,Invercargill,3,3,1,5,New Zealand/Aotearoa,Southland,Invercargill City
Greg Rawlinson,2006,Lock,Durban,4,4,0,0,South Africa,KwaZulu-Natal,eThekwini Metropolitan Municipality
Jerome Kaino,2006,Back-row,American Samoa,56,47,9,45,United States of America,American Samoa,Missing
David Hill,2006,Fly-half,Blenheim,1,1,0,0,New Zealand/Aotearoa,Marlborough,Blenheim
Scott Hamilton,2006,"Fullback, Wing",Christchurch,2,2,1,5,New Zealand/Aotearoa,Canterbury,Christchurch City
Andy Ellis,2006,Scrum-half,Christchurch,26,22,4,20,New Zealand/Aotearoa,Canterbury,Christchurch City
Brendon Leonard,2007,Scrum-half,Morrinsville,13,11,2,10,New Zealand/Aotearoa,Waikato,Matamata Piako District
Ross Filipo,2007,Flanker,Lower Hutt,4,3,0,0,New Zealand/Aotearoa,Wellington,Lower Hutt City
John Schwalger,2007,Prop,Western Samoa,2,2,1,5,United States of America,95503,California
Anthony Tuitavake,2008,Wing,Auckland,6,5,1,5,New Zealand/Aotearoa,Auckland,Missing
Adam Thomson,2008,Flanker,Ashburton,29,24,6,30,United Kingdom,England,South West England
Anthony Boric,2008,Lock,Auckland,24,23,2,10,New Zealand/Aotearoa,Auckland,Missing
Stephen Donald,2008,Fly-half,Papakura,23,18,1,98,New Zealand/Aotearoa,Auckland,Papakura
Richard Kahui,2008,"Wing, Centre",Tokoroa,17,15,10,50,New Zealand/Aotearoa,Waikato,South Waikato District
Rudi Wulf,2008,Wing,Auckland,4,3,0,0,New Zealand/Aotearoa,Auckland,Missing
Kevin O'Neill,2008,Lock,Te Aroha,1,0,0,0,New Zealand/Aotearoa,Waikato,Matamata Piako District
Hosea Gear,2008,Wing,Gisborne,14,12,6,30,New Zealand/Aotearoa,Gisborne,Missing
Cory Jane,2008,Wing,Lower Hutt,53,45,18,90,New Zealand/Aotearoa,Wellington,Lower Hutt City
Jamie Mackintosh,2008,Prop,Invercargill,1,1,0,0,New Zealand/Aotearoa,Southland,Invercargill City
Liam Messam,2008,Flanker,Blenheim,40,35,6,30,New Zealand/Aotearoa,Marlborough,Blenheim
Kieran Read,2008,No. 8,Papakura,72,62,17,85,New Zealand/Aotearoa,Auckland,Papakura
Isaac Ross,2009,Lock,Ashburton,8,4,2,10,United Kingdom,England,South West England
Bryn Evans,2009,Lock,Hastings,2,1,0,0,United Kingdom,England,South East
Tanerau Latimer,2009,Flanker,Te Puke,5,4,0,0,New Zealand/Aotearoa,Bay of Plenty,Western Bay of Plenty District
Wyatt Crockett,2009,Prop,Christchurch,36,34,1,5,New Zealand/Aotearoa,Canterbury,Christchurch City
Lelia Masaga,2009,Wing,Wellington,1,1,0,0,New Zealand/Aotearoa,Wellington,Wellington City
Aled de Malmanche,2009,Hooker,Palmerston North,5,5,0,0,New Zealand/Aotearoa,Manawatu-Wanganui,Palmerston North City
Owen Franks,2009,Prop,Motueka,67,58,0,0,New Zealand/Aotearoa,Tasman,Motueka
George Whitelock,2009,Flanker,Palmerston North,1,1,1,5,New Zealand/Aotearoa,Manawatu-Wanganui,Palmerston North City
Tom Donnelly,2009,Lock,Rotorua,15,14,0,0,New Zealand/Aotearoa,Bay of Plenty,Rotorua District
Zac Guildford,2009,Wing,Greytown,10,9,6,30,New Zealand/Aotearoa,Wellington,South Wairarapa District
Mike Delany,2009,Fly-half,Rotorua,1,1,0,0,New Zealand/Aotearoa,Bay of Plenty,Rotorua District
Tamati Ellison,2009,Centre,Wellington,4,4,0,0,New Zealand/Aotearoa,Wellington,Wellington City
Ben Smith,2009,Fullback,Dunedin,38,34,16,80,New Zealand/Aotearoa,Otago,Dunedin City
Israel Dagg,2010,Fullback,Marton,46,42,14,75,United Kingdom,England,North West England
Ben Franks,2010,Prop,VIC,41,38,2,10,Australia,Victoria,Missing
Benson Stanley,2010,Centre,NSW,3,3,0,0,Australia,New South Wales,Missing
Aaron Cruden,2010,Fly-half,Palmerston North,37,34,5,280,New Zealand/Aotearoa,Manawatu-Wanganui,Palmerston North City
Victor Vito,2010,Back-row,Wellington,26,22,3,15,New Zealand/Aotearoa,Wellington,Wellington City
Sam Whitelock,2010,Lock,Palmerston North,62,55,4,20,New Zealand/Aotearoa,Manawatu-Wanganui,Palmerston North City
Rene Ranger,2010,Centre,Whangarei,6,6,1,5,New Zealand/Aotearoa,Northland,Whangarei District
Alby Mathewson,2010,Scrum-half,Hastings,4,3,0,0,United Kingdom,England,South East
Colin Slade,2010,Fly-half,Christchurch,17,15,3,76,New Zealand/Aotearoa,Canterbury,Christchurch City
Sonny Bill Williams,2010,Centre,Auckland,23,22,8,40,New Zealand/Aotearoa,Auckland,Missing
Hika Elliot,2010,Hooker,Hastings,3,3,0,0,United Kingdom,England,South East
Jarrad Hoeata,2011,Back-row,Wellington,3,2,0,0,New Zealand/Aotearoa,Wellington,Wellington City
Brodie Retallick,2012,Lock,Rangiora,36,33,1,5,New Zealand/Aotearoa,Canterbury,Waimakariri District
Julian Savea,2012,Wing,Wellington,33,30,30,150,New Zealand/Aotearoa,Wellington,Wellington City
Aaron Smith,2012,Scrum-half,Palmerston North,38,34,11,57,New Zealand/Aotearoa,Manawatu-Wanganui,Palmerston North City
Sam Cane,2012,Flanker,Rotorua,22,21,8,40,New Zealand/Aotearoa,Bay of Plenty,Rotorua District
Luke Romano,2012,Lock,Christchurch,17,15,1,5,New Zealand/Aotearoa,Canterbury,Christchurch City
Beauden Barrett,2012,Fly-half,New Plymouth,28,26,6,119,New Zealand/Aotearoa,Taranaki,New Plymouth District
Charlie Faumuina,2012,Prop,South Auckland,27,24,1,5,Argentina,S2000,SFE
Dane Coles,2012,Hooker,Paraparaumu,27,24,2,10,New Zealand/Aotearoa,Wellington,Kapiti Coast District
Tawera Kerr-Barlow,2012,Scrum-half,VIC,15,14,0,0,Australia,Victoria,Missing
Ben Afeaki,2013,Prop,Auckland,1,1,0,0,New Zealand/Aotearoa,Auckland,Missing
Jeremy Thrush,2013,Lock,Auckland,11,10,2,10,New Zealand/Aotearoa,Auckland,Missing
Steven Luatua,2013,Flanker,Auckland,14,13,1,5,New Zealand/Aotearoa,Auckland,Missing
Charles Piutau,2013,Fullback,Auckland,14,14,4,20,New Zealand/Aotearoa,Auckland,Missing
Matt Todd,2013,Flanker,Christchurch,2,2,0,0,New Zealand/Aotearoa,Canterbury,Christchurch City
Ryan Crotty,2013,Centre,Nelson,13,11,1,5,New Zealand/Aotearoa,Nelson,Missing
Tom Taylor,2013,Fly-half,Christchurch,3,3,0,14,New Zealand/Aotearoa,Canterbury,Christchurch City
Francis Saili,2013,Centre,Auckland,2,2,0,0,New Zealand/Aotearoa,Auckland,Missing
Dominic Bird,2013,Lock,Waipukurau,2,2,0,0,New Zealand/Aotearoa,Hawke's Bay,Central Hawke's Bay District
Frank Halai,2013,Wing,Pangai,1,1,1,5,Tonga,Vahe Lifuka,Pangai
Jeff Toomaga-Allen,2013,Prop,Wellington,1,1,0,0,New Zealand/Aotearoa,Wellington,Wellington City
Luke Whitelock,2013,Back-row,Palmerston North,1,1,0,0,New Zealand/Aotearoa,Manawatu-Wanganui,Palmerston North City
Malakai Fekitoa,2014,Centre,Ha'apai,8,6,2,10,Tonga,Tongatapu,Hunga Haʻapai
TJ Perenara,2014,Scrum-half,Wellington,11,11,1,5,New Zealand/Aotearoa,Wellington,Wellington City
Patrick Tuipulotu,2014,Lock,Auckland,7,7,1,5,New Zealand/Aotearoa,Auckland,Missing
Joe Moody,2014,Prop,Christchurch,8,6,1,5,New Zealand/Aotearoa,Canterbury,Christchurch City
Nathan Harris,2014,Hooker,Tauranga,2,2,1,5,New Zealand/Aotearoa,Bay of Plenty,Tauranga City
Augustine Pulu,2014,Scrum-half,S Auckland,2,2,0,0,Argentina,S2000,SFE
James Parsons,2014,Hooker,Auckland,1,1,0,0,New Zealand/Aotearoa,Auckland,Missing
