Opai Asher,1903,Wing,Tauranga,1,1,1,3
Reuben Cooke,1903,Lock,?,1,1,0,0
Jimmy Duncan,1903,Fly-half,Dunedin,1,1,0,0
Bernard Fanning,1903,Lock,Christchurch,2,2,0,0
David Gallaher,1903,Wing-forward,Ramelton,6,5,0,0
Mickey Kiernan,1903,Scrum-half,Wanganui,1,1,0,0
Paddy Long,1903,Lock,Auckland,1,1,0,0
Duncan McGregor,1903,Wing,Kaiapoi,4,3,6,18
Dick McGregor,1903,Fullback,Thames,2,2,1,3
Archibald McMinn,1903,Flanker,Marton,2,2,2,6
George Nicholson,1903,Lock,Auckland,4,3,0,0
Bubs Tyler,1903,Prop,Auckland,7,6,1,5
Daniel Udy,1903,Prop,Greytown,1,1,0,0
Carbine Wallace,1903,Wing,Wellington,11,8,5,53
Maurice Wood,1903,Five-eighth,Waipawa,2,2,0,0
Angry Cross,1904,Lock,Dunedin,2,2,1,3
Billy Glenn,1904,Flanker,Greymouth,2,2,0,0
Eric Harper,1904,Centre,Christchurch,2,2,2,6
Peter Harvey,1904,Scrum-half,S Rakaia,1,1,0,0
Paddy McMinn,1904,Prop,Turkina,1,1,0,0
Bronco Seeling,1904,Flanker,Wanganui,11,9,2,6
Billy Stead,1904,Fly-half,Invercargill,7,7,0,0
Robert Bennet,1905,Centre,Caversham,1,1,0,0
Jerry Burgess,1905,Scrum-half,Invercargill,1,1,0,0
Ernie Dodd,1905,Prop,Wellington,1,1,0,0
Bolla Francis,1905,Lock,Wanganui,10,7,3,16
Colin Gilray,1905,Wing,Broughty Ferry,5,3,1,3
Donald Macpherson,1905,Wing,Waimate,3,2,1,3
Charles Purdue,1905,Flanker,Mataura,1,1,0,0
Pat Purdue,1905,Lock,Dipton,1,1,0,0
William Smith,1905,Fly-half,Wellington,1,1,0,0
John Spencer,1905,Lock,Wellington,2,2,0,0
Hubert Turtill,1905,Fullback,London,1,1,0,0
Eric Watkins,1905,Prop,Akaroa,1,1,0,0
Edgar Wrigley,1905,Five-eighth,Masterton,1,1,1,3
Steve Casey,1905,Prop,Dunedin,8,6,0,0
Bill Cunningham,1905,Lock,Rangiaohia,9,7,1,3
Bob Deans,1905,Centre,Christchurch,5,4,3,9
George Gillett,1905,Wing-forward,Leeston,8,6,1,7
Francis Glasgow,1905,Lock,S Dunedin,6,5,3,9
Jimmy Hunter,1905,Five-eighth,Hawera,11,8,4,12
Alexander McDonald,1905,Flanker,Dunedin,8,7,3,11
James O'Sullivan,1905,Lock,Okaiawa,5,3,0,0
Frederick Roberts,1905,Scrum-half,Wellington,12,9,2,11
George Smith,1905,Wing,Auckland,2,2,2,6
Simon Mynott,1905,Fly-half,Auckland,8,6,0,0
Frederick Newton,1905,Lock,Christchurch,3,2,1,3
Bunny Abbott,1906,Wing,Camerontown,1,1,2,8
Ernest Booth,1906,Fullback,Teschemakers,3,2,0,0
Bill Mackrell,1906,Prop,Milton,1,1,0,0
Ginger Colman,1907,Fullback,Hawera,4,4,0,2
Frank Fryer,1907,Wing,Riccarton,4,2,0,0
Ned Hughes,1907,Prop,Invercargill,6,4,1,3
Massa Johnston,1907,Lock,Dunedin,3,2,0,0
Frank Mitchinson,1907,Centre,Lawrence,11,8,10,32
Don Cameron,1908,Wing,Waitara,3,2,1,3
Mona Thomson,1908,Wing,Napier,1,1,1,3
Ranji Wilson,1908,Flanker,Christchurch,10,7,2,6
Paddy Burns,1908,Centre,Lyttelton,5,2,2,6
Doddy Gray,1908,Fly-half,?,3,2,3,9
Donald Hamilton,1908,Wing-forward,Invercargill,1,0,0,0
Peter Murray,1908,Prop,Southern Grove,1,0,0,0
Sandy Paterson,1908,Lock,Dunedin,5,3,1,3
William Reedy,1908,Prop,Buller,2,1,0,0
Circus Hayward,1908,Flanker,Blenheim,1,1,1,3
Henry Avery,1910,Wing-forward,Wellington,3,2,0,0
William Fuller,1910,Five-eighth,Christchurch,2,1,1,3
Gerald McKellar,1910,Flanker,Cromwell,3,2,0,0
James Maguire,1910,Prop,Auckland,3,2,0,0
Joe O'Leary,1910,Fullback,Masterton,4,3,0,16
Henry Paton,1910,Lock,Dunedin,2,2,1,3
Alexander Ridland,1910,Prop,Invercargill,3,2,0,0
Jack Stohr,1910,Wing,New Plymouth,3,2,2,6
Dave Evans,1910,Lock,Napier,1,0,0,0
Billy Mitchell,1910,Wing,VIC,2,1,1,3
James Ryan,1910,Five-eighth,Masterton,4,3,0,0
Harry Atkinson,1913,Lock,Dunedin,1,1,0,0
Jock Cuthill,1913,Fullback,Inverleithen,2,2,0,0
Norkey Dewar,1913,Flanker,Wellington,2,2,0,0
Doolan Downing,1913,Lock,Napier,5,5,0,0
Tiger Lynch,1913,Wing,Milton,4,4,4,12
Dougie McGregor,1913,Wing,Thames,2,2,1,3
Jock McKenzie,1913,Five-eighth,Lyttelton,4,4,5,15
Toby Murray,1913,Wing-forward,Christchurch,4,4,3,9
Dick Roberts,1913,Centre,Manaia,5,5,7,29
George Sellars,1913,Prop,Auckland,2,2,0,0
Harry Taylor,1913,Wing,Christchurch,5,5,4,12
Peter Williams,1913,Prop,Dunedin,1,1,0,0
Jim Wylie,1913,Lock,Galatea,2,2,1,3
James Baird,1913,Centre,Dunedin,1,1,0,0
Buster Barrett,1913,Flanker,Auckland,2,1,0,0
Charles Brown,1913,Scrum-half,New Plymouth,2,1,1,3
William Cummings,1913,Lock,Timaru,2,1,1,3
William Francis,1913,Prop,New Plymouth,5,4,2,6
William Geddes,1913,Fly-half,Auckland,1,1,0,0
Charles Gillespie,1913,Lock,Masterton,1,1,0,0
Edward Hasell,1913,Prop,Christchurch,2,1,1,3
John Macky,1913,Wing,Auckland,1,1,0,0
James McNeece,1913,Lock,Invercargill,5,4,1,3
Augustine Spillane,1913,Five-eighth,Geraldine,2,1,0,0
James Stewart,1913,Wing,Kaiapoi,2,1,0,0
Reginald Taylor,1913,Wing-forward,Taranak,2,1,1,3
Eric Cockroft,1913,Fullback,Clinton,3,2,0,0
Alfred Fanning,1913,Lock,Linwood,1,0,1,3
James Tilyard,1913,Fly-half,Waratah,1,0,0,0
Michael Cain,1913,Prop,Waitara,4,4,0,0
James Graham,1913,Lock,Dunedin,3,3,0,10
Robert Black,1914,Fly-half,Arrowtown,1,1,0,0
John Bruce,1914,Flanker,Wellington,2,2,0,0
Sal Irvine,1914,Lock,Dunedin,3,3,0,0
John O'Brien,1914,Fullback,Wellington,1,1,0,0
Teddy Roberts,1914,Scrum-half,Wellington,5,3,0,4
George Aitken,1921,Centre,Westport,10,8,0,0
Cecil Badeley,1921,Fly-half,Auckland,2,1,0,0
Moke Belliss,1921,Flanker,Palmerston North,3,1,1,3
Jim Donald,1921,Wing-forward,Featherston,2,1,0,0
Bill Duncan,1921,Prop,Port Chalmers,3,1,0,0
Richard Fogarty,1921,Prop,Matakanui,2,1,0,0
Nipper Kingstone,1921,Fullback,Auckland,3,1,0,0
Jim Moffitt,1921,Lock,Waikaia,3,1,0,0
Ginger Nicholls,1921,Scrum-half,Wellington,1,1,0,0
Mark Nicholls,1921,Five-eighth,Greytown,10,8,0,48
Jock Richardson,1921,Lock,Dunedin,7,5,1,3
John Steel,1921,Wing,Dillmanstown,6,4,3,9
Percival Storey,1921,Wing,Temuka,2,1,1,3
Son White,1921,Flanker,Invercargill,4,4,1,3
Andrew McLean,1921,Lock,Auckland,2,0,1,3
Alfred West,1921,Flanker,Inglewood,2,0,0,0
Billy Fea,1921,Fly-half,Dunedin,1,0,0,0
Charles Fletcher,1921,Flanker,Rewiti,1,0,0,0
Karl Ifwersen,1921,Five-eighth,Auckland,1,0,0,0
Stanley Siddells,1921,Wing,Wellington,1,0,0,0
Maurice Brownlie,1924,Lock,Wanganui,8,6,2,6
Bert Cooke,1924,Five-eighth,Auckland,8,7,4,12
Les Cupples,1924,Flanker,Otautau,2,2,0,0
Bill Dalley,1924,Scrum-half,Lyttelton,5,3,0,0
Quentin Donald,1924,Prop,Featherston,4,4,0,0
Augustine Hart,1924,Wing,Auckland,1,1,0,0
Bull Irvine,1924,Prop,Wairapapa,5,4,3,9
Frederick Lucas,1924,Centre,Auckland,7,6,1,3
Read Masters,1924,Lock,Picton,4,4,0,0
George Nepia,1924,Fullback,Wairoa,9,7,0,5
James Parker,1924,Wing-forward,Lyttelton,3,3,1,3
Snowy Svenson,1924,Wing,Toowoomba,4,4,4,12
Cyril Brownlie,1924,Lock,Wanganui,3,3,0,0
Neil McGregor,1924,Fly-half,Lowburn,2,2,0,0
Jimmy Mill,1924,Scrum-half,Tokomaru Bay,4,3,0,0
Cliff Porter,1925,Wing-forward,Edinburgh,7,4,4,12
Geoff Alley,1928,Lock,Amberley,3,1,0,0
Syd Carleton,1928,Centre,Christchurch,6,1,0,0
Bunny Finlayson,1928,Lock,Maungaturoto,6,3,0,0
Bert Grenside,1928,Wing,Hastings,6,2,3,9
Swin Hadley,1928,Prop,Whangaroa,4,2,0,0
William Hazlett,1928,Flanker,Invercargill,8,5,0,0
Lancelot Johnson,1928,Fly-half,Lumsden,4,2,0,0
David Lindsay,1928,Fullback,Studholm,3,1,0,3
Alan Robilliard,1928,Wing,Ashburton,4,2,0,0
George Scrimshaw,1928,Wing-forward,Islington,1,0,0,0
Ronald Stewart,1928,Wing-forward,Waikaia,5,3,1,3
William Strang,1928,Fly-half,Invercargill,5,4,1,13
Tuna Swain,1928,Prop,NSW,4,2,1,3
Reuben McWilliams,1928,Flanker,Paeroa,10,5,1,3
Herb Lilburne,1928,Fly-half,Burnham,10,3,0,4
Ian Harvey,1928,Lock,Masterton,1,1,0,0
Beau Cottrell,1929,Prop,Westport,11,6,0,0
John Geddes,1929,Wing,Invercargill,1,0,0,0
Bill Heke,1929,Lock,King Country,3,0,0,0
Lew Hook,1929,Centre,Puni,3,0,0,0
Charles Oliver,1929,Five-eighth,Wanganui,7,2,2,6
Keith Reid,1929,Prop,Clareville,2,0,0,0
Wattie Reside,1929,Lock,Masterton,1,0,0,0
Fritz Snow,1929,Flanker,Nelson,3,0,0,0
Charles Sonntag,1929,Lock,Dunedin,3,0,0,0
Jack Tuck,1929,Scrum-half,Tikokino,3,0,0,0
Alfred Waterman,1929,Wing,Auckland,2,0,0,0
Clinton Stringfellow,1929,Centre,Chertsey,2,0,1,3
Alfred Kivell,1929,Lock,Thames,2,0,0,0
Bertram Palmer,1929,Hooker,Mosstown,3,2,1,3
Rawi Cundy,1929,Wing-forward,Featherston,1,0,0,3
Tiny Leys,1929,Scrum-half,Wellington,1,0,0,0
Walter Batty,1930,Flanker,1905,4,3,1,3
George Hart,1930,Wing,Christchurch,11,8,7,21
Don Oliver,1930,Wing,Dunedin,2,1,1,3
Edward Steere,1930,Lock,Raetihi,6,4,0,0
Merv Corner,1930,Scrum-half,Auckland,6,4,0,0
John Hore,1930,Prop,Dunedin,10,6,3,9
Hugh McLean,1930,Flanker,Wanganui,9,5,3,9
Kelly Ball,1931,Wing,Foxton,5,3,4,12
Ron Bush,1931,Fullback,Nelson,1,1,0,14
Ted Jessep,1931,Prop,Leichhard,4,2,0,0
Donald Max,1931,Lock,Nelson,3,1,1,3
Thomas Metcalfe,1931,No. 8,Invercargill,2,1,0,0
Rusty Page,1931,Fly-half,Dunedin,6,3,1,3
George Purdue,1931,Lock,Invercargill,4,3,1,3
Frank Solomon,1931,No. 8,American Samoa,3,3,1,3
George Bullock-Douglas,1932,Wing,Wanganui,5,2,3,9
Pat Caughey,1932,Centre,Auckland,9,4,3,9
Francis Kilby,1932,Scrum-half,Invercargill,4,2,1,3
Jack Manchester,1932,Flanker,Waimate,9,4,1,3
Bunk Pollock,1932,Five-eighth,Petone,5,4,0,29
Joe Procter,1932,Wing,Dunedin,1,0,0,0
Ray Clarke,1932,Lock,Wairea,2,2,0,0
Arthur Collins,1932,Fullback,Stratford,3,2,0,9
Gordon Innes,1932,Five-eighth,Dunedin,1,1,0,0
Bill Hadley,1934,Hooker,Auckland,8,4,2,6
Bubs Knight,1934,Lock,Auckland,1,0,1,3
Arthur Lambourn,1934,Prop,Qld,10,4,0,0
Roderick McKenzie,1934,Flanker,Rakaia,9,6,0,0
Ned Barry,1934,Flanker,Temuka,1,0,0,0
Jack Griffiths,1934,Fly-half,Wellington,7,5,0,0
Edward Holder,1934,Wing,Seddonville,1,0,0,0
Ron King,1934,Lock,Waiuta,13,8,0,0
Hawea Mataira,1934,No. 8,Nuhaka,1,0,0,0
Mike Gilbert,1935,Fullback,Rothesay,4,2,0,20
Tonk Mahoney,1935,No. 8,Woodville,4,2,0,0
Brushy Mitchell,1935,Centre,Invercargill,8,5,4,12
Tori Reid,1935,Lock,Tokomaru Bay,9,5,2,6
Joey Sadler,1935,Scrum-half,Wellington,5,4,0,0
Doug Dalton,1935,Prop,Napier,9,6,0,0
Snowy Tindill,1936,"Fly-half, Scrum-half",Nelson,1,0,0,0
Everard Jackson,1936,Prop,Hastings,6,4,0,0
Shorty Killeen,1936,Five-eighth,Wellington,1,1,0,0
John Rankin,1936,No. 8,Christchurch,3,2,2,6
Jim Watt,1936,Wing,Dunedin,2,2,2,6
Jock Wells,1936,Flanker,nr.Dargaville,2,2,0,0
Colin Gillies,1936,Fly-half,Oamaru,1,1,0,0
Ronald Ward,1936,Flanker,Riverton,3,2,0,0
Donald Cobden,1937,Wing,Christchurch,1,1,0,0
John Dick,1937,Wing,Auckland,3,2,1,3
John Hooper,1937,Five-eighth,Christchurch,3,1,0,0
Allan Parkhill,1937,No. 8,Palmerston,6,4,1,3
Harold Simon,1937,Scrum-half,Kingston,3,1,0,0
John Sullivan,1937,Centre,Tahora,6,4,3,9
John Taylor,1937,Fullback,Mataura,6,4,0,24
David Trevathan,1937,Fly-half,Mosgiel Junction,3,1,0,16
Bill Phillips,1937,Wing,Raglan,3,2,1,3
Trevor Berghan,1938,Fly-half,Houhora,3,3,0,0
Snow Bowman,1938,Flanker,Auckland,3,3,2,6
Les George,1938,Prop,Invercargill,3,3,0,0
Harold Milliken,1938,Lock,Christchurch,3,3,1,3
Thomas Morrison,1938,Wing,Gisborne,3,3,0,4
Charlie Quaid,1938,Hooker,Christchurch,2,2,0,0
Charles Saxton,1938,Scrum-half,Kurow,3,3,3,9
Fred Allen,1946,Five-eighth,Oamaru,6,4,0,0
Wally Argus,1946,Wing,Auckland,4,4,4,12
Has Catley,1946,Hooker,Hamilton,7,3,0,0
John Dunn,1946,Wing,Otahuhu,1,1,0,0
Ken Elliott,1946,No. 8,Wellington,2,2,1,3
Ron Elvidge,1946,Five-eighth,Timaru,9,4,4,12
Jack Finlay,1946,No. 8,Normanby,1,1,1,3
Harry Frazer,1946,Lock,Wanganui,5,4,1,3
Jimmy Haig,1946,Scrum-half,Prestonpans,2,2,1,3
Maurice McHugh,1946,Flanker,Auckland,3,2,0,0
Pat Rhind,1946,Prop,Lyttelton,2,2,0,0
Bob Scott,1946,Fullback,Wellington,17,10,0,74
John Smith,1946,Centre,Kaikohe,4,2,1,6
Roy White,1946,Flanker,Dannevirke,4,4,1,3
Charlie Willocks,1946,Lock,Balclutha,5,2,0,0
John McRae,1946,Hooker,Springhills,2,2,0,0
Eric Boggs,1946,Wing,Whangarei,2,1,0,0
Thomas Budd,1946,Lock,Bluff,2,1,0,0
Maurice Goddard,1946,Centre,Timaru,5,3,1,3
Keith Arnold,1947,Flanker,Feilding,2,2,1,3
Ben Couch,1947,Fly-half,Christchurch,3,1,0,0
Ray Dalton,1947,Prop,Te Awamutu,2,2,0,0
Goldie Grant,1947,Lock,Temuka,4,2,0,0
John McLean,1947,Wing,Thames,2,1,0,0
Johnny Simpson,1947,Prop,Rotorua,9,4,0,0
Percy Tetzlaff,1947,Scrum-half,Taupiri,2,2,0,0
Neville Thornton,1947,No. 8,Otahuhu,3,2,0,3
Jim Kearney,1947,Fly-half,Naseby,4,1,1,9
Tim Mason,1947,Wing,Wellington,1,1,1,3
Lester Harvey,1949,Lock,Dunedin,8,3,0,0
Sammy Henderson,1949,Wing,Gisborne,7,3,2,6
Jack McNab,1949,Flanker,Owaka,6,2,0,0
Laurence Savage,1949,Scrum-half,Nelson,3,0,0,0
Kevin Skinner,1949,Prop,Dunedin,20,12,1,3
Peter Johnstone,1949,No. 8,Mosgiel,9,6,1,3
Bill Meates,1949,Wing,Greymouth,7,3,0,0
Vince Bevan,1949,Scrum-half,Wellington,6,3,0,0
Kiwi Blake,1949,Flanker,Carterton,1,0,0,0
Ron Bryers,1949,Lock,Raetihi,1,0,0,0
Ronald Dobson,1949,Five-eighth,Auckland,1,0,0,0
Arthur Hughes,1949,Hooker,Auckland,6,3,0,0
Jack Kelly,1949,Fullback,Ashburton,2,0,0,3
Bert Lunn,1949,Flanker,Alexandra,2,0,0,0
Graham Moore,1949,Wing,Wellington,1,0,1,3
Bill Mumm,1949,Prop,Mokihinui,1,0,0,0
Rex Orr,1949,Fullback,Gore,1,0,0,0
Bob Stuart,1949,No. 8,Dunedin,7,3,1,3
Tiny White,1949,Lock,Gisborne,23,15,3,9
Hector Wilson,1949,Prop,Beaumont,5,4,1,3
Neville Black,1949,Scrum-half,Kawakawa,1,0,0,0
Pat Crowley,1949,Flanker,Wanganui,6,3,1,3
Desmond Christian,1949,No. 8,Auckland,1,0,0,0
Red Delamore,1949,Fly-half,Thames,1,0,0,0
Jack Bond,1949,Prop,Carterton,1,0,0,0
Ray O'Callaghan,1949,Five-eighth,Wellington,1,0,0,3
Des O'Donnell,1949,Prop,Palmerston North,1,0,0,0
Roy Roper,1949,Centre,Owhango,5,3,3,9
Harry Rowley,1949,No. 8,Cromwell,1,0,0,0
George Beatty,1950,Fly-half,New Plymouth,1,0,0,0
Brownie Cherrington,1950,Wing,Otiria,1,0,0,0
Laurie Haig,1950,Fly-half,Prestonpans,9,8,1,5
Graham Mexted,1950,No. 8,Greytown,1,1,0,0
John Tanner,1950,Centre,Auckland,5,4,1,3
Snow Cockerill,1951,Fullback,Hawera,3,3,0,11
Bob Duff,1951,Lock,Lyttelton,11,8,0,0
Percy Erceg,1951,Wing,Waipapakauri,4,3,0,0
Ronald Jarden,1951,Wing,Lower Hutt,16,11,7,42
Thomas Lynch,1951,Five-eighth,Naseby,3,3,2,9
William McCaw,1951,No. 8,Gore,5,3,0,0
Charles Robinson,1951,Flanker,Bluff,5,4,1,3
Leo Steele,1951,Scrum-half,Wellington,3,3,0,0
Norman Wilson,1951,Hooker,Masterton,3,3,1,3
Raymond Bell,1951,Wing,Dunedin,3,2,1,6
Peter Eastgate,1952,Prop,Nelson,3,2,0,0
Allan Elsom,1952,Centre,Christchurch,6,3,0,3
Jim Fitzgerald,1952,Five-eighth,Wellington,1,0,1,3
John Hotop,1952,Fly-half,Alexandra,3,1,1,6
Ian Irvine,1952,Hooker,Carterton,1,0,0,0
Hugh McLaren,1952,No. 8,Auckland,1,0,0,0
Kevin Meates,1952,No. 8,Greymouth,2,1,0,0
Ponty Reid,1952,Scrum-half,Te Kuiti,5,4,0,0
Noel Bowden,1952,Fullback,Whangarei,1,1,0,3
Mick Bremner,1952,Five-eighth,Otorohanga,2,1,0,0
Keith Davis,1952,Scrum-half,Whakatane,10,7,0,0
Ian Hammond,1952,Hooker,Blenheim,1,1,0,0
Jack Skeen,1952,Flanker,Auckland,1,1,0,0
Bill Clark,1953,Flanker,Motueka,9,7,3,9
Ian Clarke,1953,Prop,Kaponga,24,19,0,0
Nelson Dalzell,1953,Lock,N.Cant.,5,3,1,3
Brian Fitzpatrick,1953,Five-eighth,Opotiki,3,1,0,0
Ron Hemi,1953,Hooker,Whangarei,16,12,1,3
Richard Bowers,1954,Fly-half,Rawhiti,2,1,0,0
Morrie Dixon,1954,Wing,Christchurch,10,8,2,6
Colin Loader,1954,Centre,Dannevirke,4,3,0,0
Desmond Oliver,1954,Flanker,Palmerston North,2,1,0,0
Snow White,1954,Prop,Kawakawa,4,2,0,0
Tiger Hilton-Jones,1954,Flanker,Kaitaia,11,9,2,6
Douglas Wilson,1954,Five-eighth,Wanganui,2,2,0,0
Robin Archer,1955,Fly-half,Gore,4,4,0,0
Peter Burke,1955,No. 8,Tauranga,3,3,0,0
Mark Irwin,1955,Prop,Gisborne,7,4,0,0
Ross Smith,1955,Wing,Ashburton,1,1,0,0
Kevin Stuart,1955,Fullback,Dunedin,1,1,0,0
Lindsay Townsend,1955,Scrum-half,Mataura,2,1,0,0
Ivan Vodanovich,1955,Prop,Wanganui,3,2,1,3
Pat Walsh,1955,Fullback,Kaitaia,13,10,4,12
Bill Gray,1955,Five-eighth,Te Puke,6,4,0,0
Tom Katene,1955,Wing,Taranaki,1,1,0,0
Ross Brown,1955,Fly-half,New Plymouth,16,13,3,12
John Buxton,1955,Flanker,Auckland,2,1,0,0
Tiny Hill,1955,Lock,New Plymouth,11,9,0,0
Donald McIntosh,1956,Flanker,Lower Hutt,4,3,0,0
Patrick Vincent,1956,Scrum-half,Wataroa,2,1,0,0
Francis McAtamney,1956,Prop,Middlemarch,1,0,0,0
Ian MacEwan,1956,Lock,Auckland,20,14,2,6
Denis Young,1956,Hooker,Christchurch,22,15,0,0
Don Clarke,1956,Fullback,Pihama,31,24,2,207
Terry Lineen,1957,Five-eighth,Auckland,12,8,0,0
Frank McMullen,1957,Wing,Auckland,11,8,4,12
Colin Meads,1957,Lock,Cambridge,55,41,7,21
Wilson Whineray,1957,Prop,Auckland,32,24,2,6
Mick Cossey,1958,Wing,Papakura,1,1,0,0
Thomas Coughlan,1958,Flanker,Temuka,1,1,0,0
David Graham,1958,Flanker,Stratford,22,17,2,6
David Ashby,1958,Fullback,Mataura,1,0,0,0
Ernest Pickering,1958,Flanker,Te Kuiti,3,1,0,0
James Watt,1958,Wing,Dunedin,9,5,1,3
Adrian Clarke,1958,Fly-half,Christchurch,3,1,0,0
William Gillespie,1958,Flanker,Cromwell,1,1,0,0
Brian Finlay,1959,Flanker,Cromwell,1,1,0,0
Bruce McPhail,1959,Wing,Ashburton,2,1,0,0
Spider Urbahn,1959,Scrum-half,Opunake,3,2,1,3
Kevin Briscoe,1959,Scrum-half,New Plymouth,9,5,0,0
Ralph Caulton,1959,Wing,Wellington,16,11,8,24
Dick Conway,1959,No. 8,Whakatane,10,5,1,3
Tuppy Diack,1959,Wing,Invercargill,1,1,0,0
John McCullough,1959,Fly-half,Stratford,3,2,0,0
Kel Tremain,1959,Flanker,Auckland,38,30,9,27
Desmond Webb,1959,Hooker,Kawakawa,1,1,0,0
Terence O'Sullivan,1960,Centre,New Plymouth,4,3,1,3
Ronald Horsley,1960,Lock,Wellington,3,1,0,0
Kevin Laidlaw,1960,Centre,Nightcaps,3,1,0,0
Steven Nesbit,1960,Fly-half,Auckland,2,1,0,0
Tony Davies,1960,Five-eighth,Auckland,3,2,0,0
Desmond Connor,1958,Scrum-half,Brisbane,24,11,0,0
Donald McKay,1961,Wing,Auckland,5,5,2,6
Stan Meads,1961,Lock,Arapuni,15,13,0,0
Neil Wolfe,1961,Fly-half,New Plymouth,6,5,0,0
Boy Yates,1961,No. 8,Kaitaia,3,3,1,3
Paul Little,1961,Centre,Auckland,10,8,1,3
Rod Heeps,1962,Wing,Hamilton,5,4,1,3
Waka Nathan,1962,Flanker,Auckland,14,13,4,12
Bruce Watt,1962,Fly-half,Marton,8,7,2,9
Raymond Moreton,1962,Five-eighth,Invercargill,7,4,2,9
Peter Morrissey,1962,Wing,Christchurch,3,2,2,6
John Creighton,1962,Hooker,Rotherham,1,1,0,0
Jules le Lievre,1962,Prop,Akaroa,1,1,0,0
Keith Nelson,1962,No. 8,Auckland,2,2,0,0
Mac Herewini,1962,Fly-half,Mokai,10,9,1,21
Barry Thomas,1962,Prop,Auckland,4,3,0,0
Allan Stewart,1963,Lock,Temuka,8,6,0,0
Ian Uttley,1963,Centre,Christchurch,2,2,0,0
Bluey Arnold,1963,Five-eighth,Balclutha,4,4,0,0
Malcolm Dick,1963,Wing,Auckland,15,11,4,12
Ken Gray,1963,Prop,Porirua,24,21,4,12
Brian Lochore,1964,No. 8,Masterton,25,19,2,6
Chris Laidlaw,1964,Scrum-half,Dunedin,20,17,3,12
Don Clark,1964,Flanker,Cromwell,2,2,0,0
John Collins,1964,Five-eighth,Tokomaru Nay,3,3,0,0
Bruce McLeod,1964,Hooker,Auckland,24,21,4,12
Spooky Smith,1964,Wing,Dunedin,9,8,2,6
Michael Williment,1964,Fullback,Wellington,9,8,1,70
Peter Murdoch,1964,Fly-half,Auckland,5,3,2,6
Ron Rangi,1964,Centre,Auckland,10,8,3,9
Bill Birtwistle,1965,Wing,Auckland,7,6,4,12
Fergie McCormick,1965,Fullback,Ashburton,16,13,0,121
Jack Hazlett,1966,Prop,Invercargill,6,6,0,0
Ian MacRae,1966,Five-eighth,Christchurch,17,14,3,9
Anthony Steel,1966,Wing,Greymouth,9,9,7,21
Bill Davis,1967,Centre,Hastings,11,11,4,12
Sid Going,1967,Scrum-half,Kawakawa,29,17,10,44
John Major,1967,Hooker,Whakatane,1,1,0,0
Jazz Muller,1967,Prop,Eltham,14,9,0,0
Samuel Strahan,1967,Lock,Palmerston North,17,14,0,0
Earle Kirton,1967,Fly-half,Taumarunui,13,12,4,12
Graham Williams,1967,Flanker,Wellington,5,5,0,0
Ian Kirkpatrick,1967,Flanker,Gisborne,39,25,16,57
Alister Hopkinson,1967,Prop,Mosgiel,9,7,0,0
Wayne Cottrell,1968,Five-eighth,Christchurch,9,5,1,6
Thomas Lister,1968,Flanker,Ashburton,8,5,2,6
Grahame Thorne,1968,Wing,Auckland,10,7,1,3
Anthony Kreft,1968,Prop,Milton,1,1,0,0
Michael O'Callaghan,1968,Wing,Culverden,3,3,0,0
Owen Stephens,1968,Wing,Paeroa,6,2,2,8
Alan Smith,1969,Lock,Stratford,3,2,0,0
George Skudder,1969,Wing,Te Puke,1,1,1,3
Bryan Williams,1970,Wing,Auckland,38,23,10,71
Alan Sutherland,1970,No. 8,Blenheim,10,6,3,12
Alex Wyllie,1970,Flanker,Christchurch,11,5,2,8
Buff Milner,1970,Wing,Tokomaru Bay,1,0,0,0
Neil Thimbleby,1970,Prop,Lower Hutt,1,0,0,0
Ron Urlich,1970,Hooker,Auckland,2,0,0,0
Blair Furlong,1970,Fly-half,Dannevirke,1,0,0,0
Gerald Kember,1970,Fullback,Wellington,1,0,0,14
Keith Murdoch,1970,Prop,Dunedin,3,2,1,4
Bob Burgess,1971,Fly-half,New Plymouth,7,3,2,6
Ken Carrington,1971,Wing,Whakatane,3,0,0,0
Richard Guy,1971,Prop,Lower Hutt,4,1,0,0
Bruce Hunter,1971,Wing,Oamaru,3,1,0,0
Alan McNaughton,1971,Flanker,Christchurch,3,1,0,0
Tane Norton,1971,Hooker,Waikari,27,16,0,0
Pole Whiting,1971,Lock,Auckland,20,12,3,12
Howard Joseph,1971,Centre,Christchurch,2,1,0,0
Laurie Mains,1971,Fullback,Dunedin,4,2,1,21
Mick Duncan,1971,Centre,Waipawa,2,0,0,0
Phil Gard,1971,Five-eighth,Kurow,1,0,0,0
John Dougan,1972,Fly-half,Lower Hutt,2,1,1,4
Duncan Hales,1972,Wing,Dannevirke,4,4,0,0
Jeff Matheson,1972,Prop,Palmerston,5,5,0,0
Trevor Morris,1972,Fullback,Nelson,3,3,0,33
Mike Parkinson,1972,Five-eighth,Wairoa,7,6,0,0
Bruce Robertson,1972,Centre,Hastings,34,23,4,22
Alistair Scown,1972,Flanker,Patea,5,5,1,4
Graham Whiting,1972,Prop,Wanganui,6,4,0,0
Lyn Jaffray,1972,Five-eighth,Dunedin,7,4,1,4
Graham Sims,1972,Centre,Featherston,1,1,0,0
Grant Batty,1972,Wing,Greytown,15,9,4,16
Joseph Karam,1972,Fullback,Taumarunui,10,7,1,65
Hamish Macdonald,1972,Lock,Rawene,12,7,1,4
Ian Stevens,1972,Fly-half,Waipawa,3,3,1,4
Kent Lambert,1972,Prop,Wairoa,11,5,0,0
Ian Hurst,1973,Five-eighth,Oamaru,5,1,2,8
Murray Jones,1973,Prop,Warkworth,1,0,0,0
Robert Lendrum,1973,Fullback,Waiuku,1,0,0,2
Ken Stewart,1973,Flanker,Gore,13,8,0,0
Terry Morrison,1973,Wing,Hamilton,1,0,0,0
Billy Bush,1974,Prop,Napier,12,8,0,0
John Callesen,1974,Lock,Palmerston North,4,3,0,0
Bruce Gemmell,1974,Scrum-half,Auckland,2,1,0,0
Andrew Leslie,1974,No. 8,Lower Hutt,10,6,1,4
Duncan Robertson,1974,Fly-half,Dunedin,10,6,2,8
Kerry Tanner,1974,Prop,Hamilton,7,5,0,0
Jon McLachlan,1974,Wing,Auckland,1,0,0,0
Ashley Gardiner,1974,Prop,New Plymouth,1,1,0,0
Joe Morgan,1974,Five-eighth,Whangarei,5,3,1,4
Bill Osborne,1975,Five-eighth,Wanganui,16,13,0,0
Lyn Davis,1976,Scrum-half,Christchurch,3,3,0,0
Neil Purvis,1976,Wing,Cromwell,1,1,0,0
Doug Bruce,1976,Fly-half,Dunedin,14,10,0,15
Kevin Everleigh,1976,Flanker,Palmerston North,4,2,0,0
Kit Fawcett,1976,Fullback,Matamata,2,1,0,0
Brad Johnstone,1976,Prop,Auckland,13,10,2,8
Perry Harris,1976,Prop,Feilding,1,0,0,0
Frank Oliver,1976,Lock,Dunedin,17,11,1,4
Terry Mitchell,1976,Wing,Takara,1,0,0,0
Colin Farrell,1977,Fullback,Auckland,2,1,0,0
Andy Haden,1977,Lock,Wanganui,41,31,2,8
Laurie Knight,1977,No. 8,Auckland,6,4,1,4
Mark Taylor,1977,Five-eighth,Auckland,9,5,1,4
Brian Ford,1977,Wing,Kaikoura,4,4,0,0
John McEldowney,1977,Prop,New Plymouth,2,2,0,0
Graham Mourie,1977,Flanker,Opunake,21,17,4,16
Bevan Wilson,1977,Fullback,Dunstan,8,5,0,55
John Black,1977,Hooker,Timaru,3,0,0,0
Mark Donaldson,1977,Scrum-half,Palmerston North,13,9,1,4
Gary Knight,1977,Prop,Wellington,36,27,1,4
Brian McKechnie,1977,Fullback,Gore,10,7,0,46
Gary Seear,1977,No. 8,Dunedin,12,8,2,11
Stu Wilson,1977,Wing,Gore,34,25,19,76
Robbie Stuart,1977,Lock,Napier,1,0,0,0
Andy Dalton,1977,Hooker,Dunedin,35,30,3,12
Barry Ashworth,1978,Flanker,Waiuku,2,2,0,0
John Ashworth,1978,Prop,Makahu,24,18,1,4
Leicester Rutledge,1978,Flanker,Christchurch,13,8,0,0
Dick Myers,1978,Flanker,Hamilton,1,0,0,0
Clive Currie,1978,Fullback,Wellington,2,2,0,0
David Loveridge,1978,Scrum-half,Stratford,24,19,3,12
Murray Taylor,1979,Fly-half,Hamilton,7,4,0,3
Murray Watts,1979,Wing,Patea,5,2,1,4
Wayne Graham,1979,Flanker,Tauranga,1,1,0,0
Gary Cunningham,1979,Five-eighth,Auckland,5,3,0,0
Mike McCool,1979,Lock,Hastings,1,0,0,0
Eddie Dunn,1979,Fly-half,Te Kopuru,2,2,1,4
John Fleming,1979,Lock,Auckland,5,3,1,4
Bernie Fraser,1979,Wing,Lautoka,23,17,6,24
Murray Mexted,1979,No. 8,Wellington,34,26,4,16
John Spiers,1979,Prop,Otahuhu,5,5,0,0
Richard Wilson,1979,Fullback,Leeston,2,2,0,10
Peter Sloane,1979,Hooker,Whangarei,1,1,0,0
Brett Codlin,1980,Fullback,Pukekohe,3,1,0,23
Hika Reid,1980,Hooker,Rotorua,9,4,2,8
Mark Shaw,1980,Flanker,Palmerston North,30,21,6,24
Wayne Smith,1980,Fly-half,Putaruru,17,11,0,6
Tim Twigden,1980,Wing,Taumarunui,2,1,0,0
Nicky Allen,1980,Fly-half,Auckland,2,1,1,4
Lachlan Cameron,1980,Five-eighth,Hamilton,5,3,0,0
Geoffrey Hines,1980,Flanker,Tokoroa,1,0,0,0
Graeme Higginson,1980,Lock,Rangiora,6,5,0,0
Rod Ketels,1980,Prop,Papakura,5,5,0,0
Douglas Rollerson,1980,Fly-half,Papakura,8,7,1,24
Allan Hewson,1981,Fullback,Lower Hutt,19,16,4,201
Andy Jefferd,1981,Five-eighth,Gisborne,3,3,0,0
Haydn Rickit,1981,Lock,Taupo,2,2,0,0
Freddy Woodman,1981,Wing,Kaikohe,3,2,0,0
Greg Burgess,1981,Prop,Auckland,1,0,0,0
Geoff Old,1981,Flanker,Eltham,3,3,0,0
Steve Pokere,1981,Centre,Hawera,18,15,2,8
Frank Shelford,1981,Flanker,Waioeka,4,4,0,0
Gary Whetton,1981,Lock,Auckland,58,50,1,4
Jamie Salmon,1981,Centre,1959,15,7,2,8
Arthur Stone,1981,Five-eighth,Auckland,9,6,1,7
Paul Koteka,1981,Prop,Tokoroa,2,2,0,0
Ian Dunn,1983,Fly-half,Te Kopuru,3,3,0,0
Jock Hobbs,1983,Flanker,Christchurch,21,15,4,16
Warwick Taylor,1983,Five-eighth,Hamilton,24,21,5,20
Albert Anderson,1983,Lock,Christchurch,6,3,0,0
Gary Braid,1983,Lock,Tauranga,2,0,0,0
Scott Crichton,1983,Prop,Wanganui,2,0,0,0
Robbie Deans,1983,Fullback,Cheviot,5,2,0,50
Andy Donald,1983,Scrum-half,Wanganui,7,4,0,0
Brian McGrattan,1983,Prop,Wellington,6,2,0,0
Craig Green,1983,Wing,Christchurch,20,14,11,44
Murray Davie,1983,Prop,Christchurch,1,0,1,4
John Kirwan,1984,Wing,Auckland,63,48,35,143
Bruce Smith,1984,Wing,Wairoa,3,2,1,4
Alan Whetton,1984,Flanker,Auckland,35,31,10,40
Michael Clamp,1984,Wing,Wellington,2,2,1,4
Kieran Crowley,1985,Fullback,Kaponga,19,14,5,105
David Kirk,1985,Scrum-half,Wellington,17,14,6,24
Murray Pierce,1985,Lock,Timaru,26,23,0,0
Grant Fox,1985,Fly-half,New Plymouth,46,38,1,645
Steve McDowall,1985,Prop,Rotorua,46,38,3,12
Victor Simpson,1985,Centre,Gisborne,2,1,0,0
Kevin Boroevich,1986,Prop,Te Kuiti,3,1,0,0
Frano Botica,1986,Fly-half,Mangakino,7,4,0,6
Mike Brewer,1986,Back-row,Pukekohe,32,22,1,4
Mark Brooke-Cowden,1986,Flanker,Auckland,3,2,2,8
Greg Cooper,1986,Fullback,Gisborne,7,5,2,63
Andy Earl,1986,Flanker,Christchurch,14,10,3,12
Sean Fitzpatrick,1986,Hooker,Auckland,92,74,12,55
Brett Harvey,1986,Flanker,Palmerston North,1,1,0,0
Gordon Macpherson,1986,Lock,Gisborne,1,1,0,0
Joe Stanley,1986,Centre,Auckland,27,23,4,16
Terry Wright,1986,Wing,Takapuna,30,26,18,72
Brent Anderson,1986,Lock,Lower Hutt,1,0,0,0
Michael Speight,1986,Lock,Auckland,1,0,0,0
Marty Berry,1986,"Fly-half, Centre",Wellington,1,0,0,0
John Drake,1986,Prop,Auckland,8,7,1,4
Buck Shelford,1986,No. 8,Rotorua,22,20,5,20
John Gallagher,1987,Fullback,London,18,17,13,52
Michael Jones,1986,Flanker,Auckland,56,43,13,56
Richard Loe,1987,Prop,Chevot,49,37,6,25
Zinzan Brooke,1987,No. 8,Waiuku,58,45,17,89
Bernie McCahill,1987,Five-eighth,Auckland,10,9,1,4
Bruce Deans,1988,Scrum-half,Cheviot,10,9,6,24
John Schuster,1988,Centre,Western Samoa,13,10,1,21
Graeme Bachop,1989,Scrum-half,Christchurch,39,28,4,18
Craig Innes,1989,Centre,New Plymouth,17,14,6,24
Ian Jones,1990,Lock,Whangarei,79,59,9,42
Walter Little,1990,Five-eighth,Tokoroa,50,37,9,44
Kevin Schuler,1990,Flanker,Te Aroha,4,3,0,0
Paul Henderson,1991,No. 8,Bluff,7,6,2,9
John Timu,1991,Fullback,Dannevirke,26,16,7,31
Mark Carter,1991,Flanker,Auckland,7,5,0,0
Jon Preston,1991,Scrum-half,Dunedin,10,9,1,34
Graham Purvis,1991,Prop,Waihi,2,2,1,4
Inga Tuigamala,1991,"Wing, Centre",Western Samoa,41,27,8,36
Jason Hewett,1991,Scrum-half,Clyde,1,1,1,4
Shayne Philpott,1991,Fullback,Christchurch,2,2,0,0
Frank Bunce,1991,Centre,Auckland,59,44,21,100
Mark Cooksley,1992,Lock,Auckland,11,5,0,0
Richard Turner,1992,Flanker,Napier,2,1,1,4
Arran Pene,1992,No. 8,Hamilton,15,9,4,16
Eroni Clarke,1992,Five-eighth,Western Samoa,10,6,6,25
Jamie Joseph,1992,Flanker,Blenheim,29,21,3,15
Blair Larsen,1992,Flanker,Northshore,17,12,1,4
Ant Strachan,1992,Scrum-half,Te Awamutu,11,8,2,8
Graham Dowd,1992,Prop,Takapuna,1,1,0,0
Robin Brooke,1992,Lock,Warkworth,62,47,4,20
Olo Brown,1992,Prop,Western Samoa,56,40,4,20
Matthew Cooper,1992,Five-eighth,Gisborne,8,6,2,55
Craig Dowd,1993,Prop,Auckland,60,47,2,10
Lee Stensness,1993,"Centre, Five-eighth",Auckland,8,8,3,15
Bull Allen,1993,Prop,Stratford,8,7,1,5
Marc Ellis,1993,Wing,Wellington,8,6,11,55
Stu Forster,1993,Scrum-half,Pahiatua,6,2,0,0
Steve Gordon,1993,Lock,Te Awamutu,2,1,0,0
Jeff Wilson,1993,Wing,Invercargill,60,45,44,234
Jonah Lomu,1994,Wing,Auckland,63,44,37,185
Simon Mannix,1994,Fly-half,Lower Hutt,1,0,0,0
Stephen Bachop,1991,Fly-half,Lyttelton,23,12,4,64
Shane Howarth,1994,"Fly-half, Fullback",Auckland,23,14,5,77
Alama Ieremia,1992,Five-eighth,Western Samoa,35,27,5,25
Josh Kronfeld,1995,Flanker,Hastings,54,42,14,70
Andrew Mehrtens,1995,Fly-half,Durban,70,49,7,967
Glen Osborne,1995,Fullback,Wanganui,19,16,11,55
Norm Hewitt,1995,Hooker,Hastings,9,8,0,0
Eric Rush,1995,Wing,Auckland,9,8,5,25
Simon Culhane,1995,Fly-half,Invercargill,6,5,1,114
Liam Barry,1995,Flanker,Takapuna,1,1,0,0
Justin Marshall,1995,Scrum-half,Mataura,81,61,24,120
Christian Cullen,1996,Fullback,Paraparaumu,58,42,46,236
Scott McLeod,1996,Centre,S Brisbane,10,7,1,5
Adrian Cashmore,1996,Fullback,Tokoroa,2,2,0,0
Andrew Blowers,1996,Back-row,Otahuhu,11,10,0,0
Glenn Taylor,1996,Flanker,Whangarei,1,0,0,0
Taine Randell,1997,Back-row,Hastings,51,35,12,60
Tana Umaga,1997,"Wing, Centre",Lower Hutt,74,59,36,180
Anton Oliver,1997,Hooker,Invercargill,59,42,3,15
Charles Riechelmann,1997,Flanker,Nuku'alofa,6,5,1,5
Junior Tonu'u,1992,Scrum-half,Wellington,9,7,1,5
Carlos Spencer,1997,"Fullback, Fly-half",Levin,35,27,14,291
Mark Mayerhofler,1998,Centre,Auckland,6,2,2,10
Todd Blackadder,1998,"Lock, Flanker",Rangiora,12,9,1,5
Mark Robinson,1998,Scrum-half,Palmerston North,3,3,1,5
Caleb Ralph,1998,"Centre, Wing",Rotorua,14,12,8,40
Carl Hoeft,1998,Prop,Auckland,30,20,0,0
Isitolo Maka,1998,No. 8,Longoteme,4,1,1,5
Joeli Vidiri,1994,Wing,Nausori Highland,9,2,6,30
Scott Robertson,1998,No. 8,Tauranga,23,17,4,20
Royce Willis,1998,Lock,Tokoroa,12,7,0,0
Norm Berryman,1998,Centre,Wellington,1,0,0,0
Kees Meeuws,1998,Prop,Auckland,42,31,10,50
Xavier Rush,1998,No. 8,Auckland,8,5,0,0
Tony Brown,1999,Fly-half,Blenheim,18,15,5,171
Daryl Gibson,1999,Centre,Lumsden,19,15,1,5
Norm Maxwell,1999,Lock,Rawene,36,28,5,25
Dylan Mika,1994,Back-row,Auckland,9,6,1,5
Greg Feek,1999,Prop,New Plymouth,10,9,0,0
Byron Kelleher,1999,Scrum-half,Dunedin,57,46,8,40
Pita Alatini,1995,Centre,Nuku'alofa,18,13,6,30
Mark Hammett,1999,Hooker,Christchurch,29,25,3,15
Reuben Thorne,1999,"Flanker, Lock",Burwood,50,42,5,25
Rhys Duggan,1999,Scrum-half,Rotorua,1,1,0,0
Troy Flavell,2000,Lock,Otahuhu,22,17,6,30
Greg Somerville,2000,Prop,Wairoa,66,55,1,5
Doug Howlett,2000,Wing,Auckland,62,51,49,245
Filo Tiatia,2000,"Back-row, Lock",Wellington,2,2,2,10
Ron Cribb,2000,No. 8,Wanganui,15,10,4,20
Leon MacDonald,2000,Fly-half,Blenheim,56,48,14,141
Mark Robinson,2000,Centre,Stratford,9,7,1,5
Gordon Slater,2000,Prop,New Plymouth,3,2,1,5
Bruce Reihana,2000,Fullback,Thames,2,1,2,10
Jason O'Halloran,2000,Five-eighth,Lower Hutt,1,1,0,0
Marty Holah,2001,Flanker,Hamilton,36,27,3,15
Carl Hayman,2001,Prop,Opunake,45,36,2,10
Mark Ranby,2001,Centre,Putaruhu,1,1,0,0
Jerry Collins,2001,Flanker,Western Samoa,48,42,5,25
Chris Jack,2001,Lock,Christchurch,67,57,5,25
Richie McCaw,2001,Flanker,Oamaru,137,121,25,125
Aaron Mauger,2001,Centre,Christchurch,45,39,13,90
Dave Hewett,2001,Prop,Christchurch,22,19,2,10
Ben Blair,2001,Fullback,Westport,4,3,0,4
Dion Waller,2001,Lock,Turangi,1,1,0,0
Joe McDonnell,2002,Prop,Hastings,8,5,1,5
Simon Maling,2002,Lock,Christchurch,11,9,0,0
Tom Willis,2002,Hooker,Dunedin,5,4,0,0
Sam Harding,2002,Flanker,Subiaco,1,1,0,0
Sam Broomhall,2002,Back-row,Christchurch,4,2,0,0
Steve Devine,2002,Scrum-half,NSW,10,8,0,0
Andrew Hore,2002,Hooker,Dunedin,83,70,8,40
Keith Lowen,2002,Centre,Huntly,1,0,0,0
Keith Robinson,2002,Lock,Te Aroha,12,9,0,0
Ali Williams,2002,Lock,Auckland,77,65,7,35
Danny Lee,2002,Scrum-half,Hastings,2,0,1,5
Brad Mika,2002,Back-row,Auckland,3,1,0,0
Dan Braid,2002,Flanker,Tauranga,6,5,1,5
Regan King,2002,Centre,Cambridge,1,1,1,5
Keven Mealamu,2002,Hooker,Tokoroa,123,105,12,60
Rodney So'oialo,2002,Back-row,Western Samoa,62,53,6,30
Tony Woodcock,2002,Prop,Helensville,110,95,9,45
Paul Steinmetz,2002,Centre,Paraparaumu,1,1,0,0
Ma'a Nonu,2003,Centre,Wellington,94,82,26,130
Joe Rokocoko,2003,Centre,Nadi,68,55,46,230
Mils Muliaina,2003,Fullback,Western Samoa,100,84,34,170
Dan Carter,2003,Fly-half,Leeston,102,90,29,1457
Brad Thorn,2003,Lock,Mosgiel,59,51,4,20
Corey Flynn,2003,Hooker,Invercargill,15,15,3,15
Ben Atiga,2003,Centre,Auckland,1,1,0,0
Jono Gibbes,2004,"Flanker, Lock",Henderson,8,6,0,0
Nick Evans,2004,Fly-half,Takapuna,16,15,5,103
Sam Tuitupou,2004,Centre,Auckland,9,7,1,5
Craig Newby,2004,Back-row,Rotorua,3,2,0,0
Mose Tuiali'i,2004,Back-row,Auckland,9,7,1,5
Rico Gear,2004,"Wing, Centre",Gisborne,19,16,11,55
Conrad Smith,2004,Centre,Hawera,85,76,25,125
Saimone Taumoepeau,2004,Prop,Ha'apai,3,3,1,5
Steven Bates,2004,Back-row,Auckland,1,1,0,0
Jimmy Cowan,2004,Scrum-half,Gore,51,44,7,35
Casey Laulala,2004,Centre,Western Samoa,2,2,0,0
Piri Weepu,2004,Scrum-half,Lower Hutt,71,62,7,103
James Ryan,2005,Lock,Christchurch,9,9,0,0
Sitiveni Sivivatu,2004,Wing,Suva,48,37,33,165
Derren Witcombe,2005,Hooker,Tasmania,5,4,0,0
Sosene Anesi,2005,"Wing, Fullback",Western Samoa,1,1,0,0
Campbell Johnstone,2005,Prop,Waipukarau,3,3,0,0
Sione Lauaki,2004,No. 8,Ha'apai,20,15,6,30
Luke McAlister,2005,Fly-half,Waitara,30,24,7,153
Kevin Senio,2005,Scrum-half,Auckland,1,1,0,0
Chris Masoe,2005,No. 8,Western Samoa,20,18,3,15
Neemia Tialata,2005,Prop,Lower Hutt,43,38,2,10
Angus Macdonald,2005,Back-row,Whangarei,2,2,0,0
John Afoa,2005,Prop,Auckland,36,28,1,5
Jason Eaton,2005,Lock,Palmerston North,15,13,1,5
Isaia Toeava,2005,"Centre, Fullback",Western Samoa,36,30,8,40
Clarke Dermody,2006,Prop,Invercargill,3,3,1,5
Greg Rawlinson,2006,Lock,Durban,4,4,0,0
Jerome Kaino,2006,Back-row,American Samoa,56,47,9,45
David Hill,2006,Fly-half,Blenheim,1,1,0,0
Scott Hamilton,2006,"Fullback, Wing",Christchurch,2,2,1,5
Andy Ellis,2006,Scrum-half,Christchurch,26,22,4,20
Brendon Leonard,2007,Scrum-half,Morrinsville,13,11,2,10
Ross Filipo,2007,Flanker,Lower Hutt,4,3,0,0
John Schwalger,2007,Prop,Western Samoa,2,2,1,5
Anthony Tuitavake,2008,Wing,Auckland,6,5,1,5
Adam Thomson,2008,Flanker,Ashburton,29,24,6,30
Anthony Boric,2008,Lock,Auckland,24,23,2,10
Stephen Donald,2008,Fly-half,Papakura,23,18,1,98
Richard Kahui,2008,"Wing, Centre",Tokoroa,17,15,10,50
Rudi Wulf,2008,Wing,Auckland,4,3,0,0
Kevin O'Neill,2008,Lock,Te Aroha,1,0,0,0
Hosea Gear,2008,Wing,Gisborne,14,12,6,30
Cory Jane,2008,Wing,Lower Hutt,53,45,18,90
Jamie Mackintosh,2008,Prop,Invercargill,1,1,0,0
Liam Messam,2008,Flanker,Blenheim,40,35,6,30
Kieran Read,2008,No. 8,Papakura,72,62,17,85
Isaac Ross,2009,Lock,Ashburton,8,4,2,10
Bryn Evans,2009,Lock,Hastings,2,1,0,0
Tanerau Latimer,2009,Flanker,Te Puke,5,4,0,0
Wyatt Crockett,2009,Prop,Christchurch,36,34,1,5
Lelia Masaga,2009,Wing,Wellington,1,1,0,0
Aled de Malmanche,2009,Hooker,Palmerston North,5,5,0,0
Owen Franks,2009,Prop,Motueka,67,58,0,0
George Whitelock,2009,Flanker,Palmerston North,1,1,1,5
Tom Donnelly,2009,Lock,Rotorua,15,14,0,0
Zac Guildford,2009,Wing,Greytown,10,9,6,30
Mike Delany,2009,Fly-half,Rotorua,1,1,0,0
Tamati Ellison,2009,Centre,Wellington,4,4,0,0
Ben Smith,2009,Fullback,Dunedin,38,34,16,80
Israel Dagg,2010,Fullback,Marton,46,42,14,75
Ben Franks,2010,Prop,VIC,41,38,2,10
Benson Stanley,2010,Centre,NSW,3,3,0,0
Aaron Cruden,2010,Fly-half,Palmerston North,37,34,5,280
Victor Vito,2010,Back-row,Wellington,26,22,3,15
Sam Whitelock,2010,Lock,Palmerston North,62,55,4,20
Rene Ranger,2010,Centre,Whangarei,6,6,1,5
Alby Mathewson,2010,Scrum-half,Hastings,4,3,0,0
Colin Slade,2010,Fly-half,Christchurch,17,15,3,76
Sonny Bill Williams,2010,Centre,Auckland,23,22,8,40
Hika Elliot,2010,Hooker,Hastings,3,3,0,0
Jarrad Hoeata,2011,Back-row,Wellington,3,2,0,0
Brodie Retallick,2012,Lock,Rangiora,36,33,1,5
Julian Savea,2012,Wing,Wellington,33,30,30,150
Aaron Smith,2012,Scrum-half,Palmerston North,38,34,11,57
Sam Cane,2012,Flanker,Rotorua,22,21,8,40
Luke Romano,2012,Lock,Christchurch,17,15,1,5
Beauden Barrett,2012,Fly-half,New Plymouth,28,26,6,119
Charlie Faumuina,2012,Prop,South Auckland,27,24,1,5
Dane Coles,2012,Hooker,Paraparaumu,27,24,2,10
Tawera Kerr-Barlow,2012,Scrum-half,VIC,15,14,0,0
Ben Afeaki,2013,Prop,Auckland,1,1,0,0
Jeremy Thrush,2013,Lock,Auckland,11,10,2,10
Steven Luatua,2013,Flanker,Auckland,14,13,1,5
Charles Piutau,2013,Fullback,Auckland,14,14,4,20
Matt Todd,2013,Flanker,Christchurch,2,2,0,0
Ryan Crotty,2013,Centre,Nelson,13,11,1,5
Tom Taylor,2013,Fly-half,Christchurch,3,3,0,14
Francis Saili,2013,Centre,Auckland,2,2,0,0
Dominic Bird,2013,Lock,Waipukurau,2,2,0,0
Frank Halai,2013,Wing,Pangai,1,1,1,5
Jeff Toomaga-Allen,2013,Prop,Wellington,1,1,0,0
Luke Whitelock,2013,Back-row,Palmerston North,1,1,0,0
Malakai Fekitoa,2014,Centre,Ha'apai,8,6,2,10
TJ Perenara,2014,Scrum-half,Wellington,11,11,1,5
Patrick Tuipulotu,2014,Lock,Auckland,7,7,1,5
Joe Moody,2014,Prop,Christchurch,8,6,1,5
Nathan Harris,2014,Hooker,Tauranga,2,2,1,5
Augustine Pulu,2014,Scrum-half,S Auckland,2,2,0,0
James Parsons,2014,Hooker,Auckland,1,1,0,0
