Henri Amand,1906,Fly-half,Paris,1,0,0,0
Albert Branlat,1906,"Lock, Prop",Saint-Vivien-de-Medo,3,0,0,2
Noel Cessieux,1906,No. 8,Andance,1,0,1,3
Marcel Communeau,1906,"Lock, No. 8, Wing",Beauvais,21,1,3,9
William Crichton,1906,Fullback,Cockermouth,2,0,0,0
Paul Dedeyn,1906,Hooker,Moulineaux,1,0,0,0
Jacques Dufourcq,1906,"Flanker, Lock",Salies-de-Bearn,4,0,0,0
Georges Jerome,1906,Lock,Cayenne,2,0,1,3
Henri Lacassagne,1906,Scrum-half,Viella,2,0,0,0
Gaston Lane,1906,"Centre, Wing",Paris,16,1,1,3
Henri Levee,1906,Centre,Paris,1,0,0,0
Allan Muhr,1906,"Prop, Lock",United States,3,0,2,6
Augustin Pujol,1906,Wing,Toulouse,1,0,0,2
Paul Sagot,1906,"Wing, Centre",Dijon,3,0,1,5
Andre Verges,1906,"Prop, Lock",?,3,0,0,0
Pierre Gaudermen,1906,No. 8,Paris,1,0,0,0
Albert Hubert,1906,Fly-half,Noisy-le-Sec,7,0,0,0
Emile Lesieur,1906,"Wing, Centre",Paris,12,0,2,6
Ernest Lewis,1906,Centre,Cardiff,1,0,0,0
Paul Maclos,1906,"Wing, Centre, Flanker",Amazy,2,0,0,7
G. Maurin,1906,Flanker,?,1,0,0,0
Theodore Varvier,1906,"Centre, Fly-half, Fullback",Lyon,6,0,0,0
Charles Beaurin-Gressier,1907,"No. 8, Prop",Paris,2,0,0,0
Marc Giacardy,1907,"Halfback, Fly-half, Flanker",Bordeaux,1,0,0,0
Henri Isaac,1907,Fullback,Guadeloupe,2,0,0,0
Henri Martin,1907,"Fullback, Centre",Cayenne,2,0,0,0
Paul Mauriat,1907,"Hooker, Lock, Prop",Neuville-sur-Saone,19,1,1,5
A. Poirier,1907,Hooker,?,1,0,0,0
Charles Vareilles,1907,Wing,Saigon,5,0,0,4
Georges Borchard,1908,"Hooker, Lock, Flanker",Bordeaux,5,0,0,0
Rene Duval,1908,"Flanker, Fly-half",Paris,6,0,0,0
Pierre Guillemin,1908,"Prop, Lock",Bonnevaux,11,1,1,3
Alfred Mayssonnie,1908,"Scrum-half, Fly-half",Lavernose,3,0,0,0
Henri Moure,1908,Flanker,Bordeaux,1,0,0,0
Rene von Malmann,1908,"Lock, Prop",Paris,7,0,0,0
Maurice Leuvielle,1908,"Centre, Lock, No. 8",Saint-Loubes,7,0,0,0
Alphonse Masse,1908,"Flanker, Lock",Saint-Christophe-de-,7,0,0,0
Jean Caujolle,1909,Fullback,Saint-Girons,5,0,0,0
Georges Fourcade,1909,Hooker,Saint-Pierre-sur-Dro,2,0,0,0
Henri Houblain,1909,Centre,?,2,0,0,0
Jules Icard,1909,Lock,?,2,0,0,0
Andre Theuriet,1909,Scrum-half,Lyon,5,0,0,0
Etienne de Jouvencel,1909,Fullback,Paris,2,0,0,0
Paul Dupre,1909,Flanker,Gagny,1,0,0,0
Marcel Burgun,1909,"Fly-half, Wing, Centre",St Petersburg,11,1,0,0
Jacques Gommes,1909,"Scrum-half, Flanker",Bordeaux,1,0,0,0
Augustin Hourdebaigt,1909,Lock,Bordeaux,5,0,1,3
Marcel Legrain,1909,"Centre, Flanker, No. 8",Paris,12,1,0,0
Claude Martin,1909,Fly-half,Lyon,3,0,0,0
Francis Mouronval,1909,"Centre, Flanker",Avesnes-sur-Helpe,1,0,0,0
Joe Anduran,1910,Hooker,Bayonne,1,0,0,0
Rene Boudreaux,1910,Prop,Paris,2,0,0,0
Maurice Bruneau,1910,"Wing, Centre, Fly-half",Bordeaux,4,0,1,3
Remi Laffitte,1910,"Centre, Flanker",Osserain,2,0,1,3
R. Menrath,1910,Fullback,?,1,0,0,8
M. Thevenot,1910,"Lock, Prop",?,3,0,0,0
Jules Cadenat,1910,"Prop, Lock, No. 8",Beziers,7,0,0,0
Julien Combe,1910,Fullback,?,4,1,0,0
Jacques Dedet,1910,"Centre, Fly-half",New Caledo,8,0,0,0
Guillaume Laterrade,1910,"Scrum-half, Halfback",Tarbes,5,1,1,3
Joseph de Muizon,1910,Wing,Versailles,1,0,0,0
Fernand Roujas,1910,Fly-half,La Mas d'Azil,1,0,0,0
Joseph Bavozet,1911,"Flanker, Lock",Lyon,3,1,0,0
Paul Decamps,1911,"Flanker, Lock",Paris,1,1,0,4
Pierre Failliot,1911,Wing,Paris,8,1,5,15
Fernand Forgues,1911,"Lock, Flanker",Pau,11,1,0,0
Andre Francquenelle,1911,Centre,Rochefort-sur-Mer,3,1,0,0
Pierre Mouniq,1911,"Prop, Lock",Luz-Saint-Sauveur,9,1,0,0
Georges Peyroutou,1911,Fly-half,Ondres,2,1,1,3
Gilbert Charpentier,1911,"Fly-half, Wing",Pissotte,3,0,0,0
Francois Dutour,1911,Fullback,Moissat,6,0,0,2
Rene Duffour,1911,Hooker,Tarbes,1,0,0,0
Charles du Souich,1911,Centre,Tours,2,0,0,0
Robert Monier,1911,Prop,Bordeaux,2,0,0,0
Raymond Simonpaoli,1911,Lock,Courtalain,3,0,1,3
Maurice Boyau,1912,Flanker,Mustapha,6,0,0,4
Jean-Jacques Conilh de Beyssac,1912,"Lock, Prop",Cauderan,5,0,0,0
Jean Domercq,1912,Back-row,Orthez,2,0,0,0
Julien Dufau,1912,"Wing, Centre",Biarritz,4,0,2,6
Daniel Ihingoue,1912,Centre,Ilharre,2,0,0,0
Jean Larribau,1912,"Scrum-half, Wing",Anglet,7,0,1,3
Edouard Vallot,1912,Hooker,London,1,0,0,0
Jacques Forestier,1912,Prop,Aix-les-Bains,1,0,0,0
Marcel Monniot,1912,"Lock, Prop",Paris,2,0,0,0
Jean-Rene Pascarel,1912,Hooker,Bordeaux,6,0,0,0
Jean Sentilles,1912,Centre,Tarbes,4,0,0,0
Helier Tilh,1912,"Prop, Lock, Wing",Bosdarros,6,0,0,0
Maurice Hedembaigt,1913,"Halfback, Scrum-half",Anglet,3,0,0,0
Pierre Jaureguy,1913,"Centre, Wing",Ostabat,4,0,0,0
Jean Sebedio,1913,"Prop, Flanker, No. 8",Saint-Jean-de-Luz,9,2,1,3
Geo Andre,1913,Wing,Paris,7,0,3,11
Albert Chatau,1913,Fly-half,Urrugne,1,0,0,0
Marcel Favre,1913,Prop,La Roche-sur-Foron,2,0,0,0
Clovis Bioussa,1913,Fly-half,Toulouse,3,0,0,0
Gustave Podevin,1913,Lock,Paris,2,0,0,0
Jean Semmartin,1913,Fullback,Ars-en-Re,2,0,0,0
Philippe Struxiano,1913,Scrum-half,Toulouse,7,2,0,6
Albert Eutropius,1913,Flanker,Cayenne,1,0,0,0
Henri Tavernier,1913,Prop,Saint-Just-en-Chauss,1,0,0,0
Jean-Marie Arnal,1914,Lock,Paris,2,0,0,0
Paul Faure,1914,"Prop, Hooker",Aureilhan,3,0,0,0
Robert Lacoste,1914,Wing,?,3,0,1,3
Rene Lasserre,1914,"Flanker, Fullback, Centre",Bayonne,15,4,2,10
Raphael Lavaud,1914,"Lock, Flanker",Bordeaux,2,0,0,0
Marcel-Frederic Lubin-Lebrere,1914,"Prop, Lock",Agen,15,3,2,6
Gilbert Pierrot,1914,Centre,Bizanos,3,0,0,0
Francois Poeydebasque,1914,"Fly-half, Centre",Bayonne,2,0,0,0
Lucien Besset,1914,"Centre, Fly-half",Paris,2,0,0,4
Robert Desvouges,1914,Lock,Neuilly-sur-Seine,1,0,0,0
Paulin Bascou,1914,Lock,Urrugne,1,0,0,0
Jean-Louis Capmau,1914,Flanker,Siran,1,0,1,3
Emmanuel Iguiniz,1914,Hooker,Bayonne,1,0,0,0
Eugene Billac,1920,Fly-half,Bayonne,9,3,2,6
Aime Cassayet-Armagnac,1920,"Lock, No. 8",Mont-de-Marsan,31,5,3,9
Andre Chilo,1920,"Wing, Fullback",Bordeaux,4,0,0,0
Rene Crabos,1920,Centre,Saint-Sever,17,6,1,19
Adolphe Jaureguy,1920,Wing,Ostabat,31,8,14,42
Joseph Laurent,1920,Flanker,Bayonne,3,0,0,0
Robert Marchand,1920,No. 8,Angouleme,2,0,0,0
Pierre Pons,1920,"Hooker, Prop",Llupia,6,1,0,0
Louis Puech,1920,Lock,Gorses,5,2,0,0
Paul Serre,1920,Wing,Clairac,2,0,0,0
Robert Thierry,1920,"Lock, Flanker",Brienon-sur-Armencon,4,1,0,0
Theophile Cambre,1920,Fullback,Bordeaux,4,2,0,0
Abel Guichemerre,1920,Flanker,Dax,4,1,0,0
Jean Lavigne,1920,Centre,Levignacq,2,0,0,0
Eugene Soulie,1920,"Lock, Prop",Paris,9,4,0,0
Maurice Biraben,1920,Prop,Dax,10,4,0,0
Georges Constant,1920,Flanker,Perpignan,1,0,0,0
Francois Borde,1920,Centre,Lourdes,12,4,1,3
William Gayraud-Hirigoyen,1920,Hooker,Laroque-Timbaut,1,1,1,3
Raoul Got,1920,Wing,Perpignan,13,4,6,18
Jean Larrieu,1920,"Hooker, Flanker",Toulouse,7,3,0,0
Pierre Moureu,1920,"No. 8, Prop, Lock",Larrau,17,5,2,6
Jean Boubee,1921,Back-row,Biarritz,9,3,1,3
Jean Clement,1921,"Fullback, Fly-half, Halfback",Tarbes,10,2,0,0
Gilbert Coscolla,1921,"Lock, Prop",Beziers,2,1,0,0
Jean Lobies,1921,Wing,Bone,3,1,0,0
Roger Piteu,1921,Scrum-half,Pau,15,2,2,6
Fernand Vaquer,1921,"No. 8, Lock",Latour-bas-Elne,3,1,0,0
Adolphe Bousquet,1921,Fly-half,Beziers,3,2,0,0
Edmond Cayrefourcq,1921,Wing,Tarbes,1,0,0,0
Charles-Anthoin Gonnet,1921,Hooker,Laon,16,4,0,5
Jacques Baquey,1921,Wing,Saint-Medard-en-Jall,1,1,0,0
Marcel de Laborderie,1921,"Wing, Centre",Buenos Aires,4,1,1,3
Maurice Jeangrand,1921,"Centre, Wing",Lourdes,1,1,0,0
Francois Cahuc,1922,Flanker,Pamiers,1,0,0,0
Joseph Pascot,1922,Fly-half,Port-Vendres,6,0,1,3
Andre Lafond,1922,Wing,Le Bouceau,1,0,0,0
Roger Ramis,1922,"Centre, Wing",Perpignan,3,0,0,0
Louis Beguet,1922,"Hooker, Prop",Neuf-Mesnil,10,3,1,32
Jean Bernon,1922,"Prop, Lock",Toulouse,2,0,0,0
Albert Etchepare,1922,Flanker,Biaudos,1,0,0,0
Noel Sicart,1922,Back-row,Perpignan,1,0,0,0
Jean Bayard,1923,Hooker,Toulouse,6,1,0,0
Clement Dupont,1923,Scrum-half,Argeles-Gazost,16,7,0,0
Max Lalande,1923,Wing,Chateaurenard,3,1,1,3
Henri Behoteguy,1923,Centre,Bayonne,6,2,1,3
Jean Castets,1923,Lock,Le Boucau,3,1,0,0
Jean Etcheberry,1923,"Prop, Flanker, No. 8",Le Boucau,16,3,1,3
Charles Lacazedieu,1923,"Fly-half, Scrum-half",Dax,5,1,0,0
Andre Behoteguy,1923,Centre,Bayonne,19,6,5,28
Marcel Loustau,1923,Wing,Sarraziet,1,0,0,0
Christian Magnanou,1923,"Centre, Fly-half, Fullback",Perigueux,10,2,0,4
Rene Salinie,1923,Centre,Toulouse,1,0,0,0
Georges Fargues,1923,Flanker,Dax,1,1,0,0
Edmond Besset,1924,Fullback,Langeac,1,1,0,0
Louis Cluchague,1924,Wing,Lons,2,1,1,3
Henri Galau,1924,Fly-half,Villefranche-de-Conf,5,1,2,6
Louis Lepatey,1924,Prop,Moussan,3,1,0,0
Etienne Piquiral,1924,Back-row,Perpignan,19,4,3,9
Marcel Besson,1924,"Centre, Wing",Verrieres-en-Forez,6,0,1,3
Jean Danion,1924,Prop,Bordeaux,1,0,0,0
Laurent Pardo,1924,Fullback,Urrugne,2,0,0,0
Eugene Ribere,1924,Back-row,Thuir,34,12,9,27
Jacques Ballarin,1924,"Wing, Centre",San Nicola,3,0,1,3
Francois Clauzel,1924,Flanker,Coursan,3,0,0,0
Alex Bioussa,1924,Flanker,Toulouse,21,5,3,9
Etienne Bonnes,1924,Fullback,Argelliers,3,1,0,0
Albert Dupouy,1924,Centre,Carignan,2,1,2,6
Rene Araou,1924,"Prop, Lock",Narbonne,1,1,0,0
Gilbert Gerintes,1924,Flanker,Saint-Etienne,3,1,3,9
Jean Vaysse,1924,Centre,Carmaux,2,0,0,0
Marcel Baillette,1925,"Wing, Centre",Perpignan,17,7,3,13
Yves du Manoir,1925,Fly-half,Vaucresson,8,0,0,4
Jean Marcet,1925,Hooker,?,7,0,0,0
Andre Maury,1925,Prop,Agen,8,0,0,0
Camille Montade,1925,"Prop, Lock",Villenueve-de-la-Rah,5,0,0,0
Rene Halet,1925,Wing,Le Mans,3,0,0,0
Auguste Laurent,1925,Lock,Anglet,5,0,0,0
Jean Ducousso,1925,Fullback,Tarbes,3,0,0,4
Francois Raymond,1925,Wing,Beziers,3,0,0,0
Fernand Barthe,1925,Flanker,Saint-Macaire,2,0,1,3
Adolphe Bringeon,1925,Wing,Saint-Jean-de-Luz,1,0,0,0
Robert Levasseur,1925,Lock,Paris,2,0,0,0
Leon Chapuy,1926,Centre,?,1,0,0,0
Louis Destarac,1926,Fullback,Tarbes,9,2,0,10
Roger Llari,1926,"Scrum-half, Halfback",Saint-Gaudens,1,0,0,0
Alphonse Puig,1926,Lock,Terrats,2,0,0,0
Bernard Berges,1926,Scrum-half,Vic-Bigorre,1,0,0,0
Clement Dulaurens,1926,Wing,Castelan-Magnoac,3,0,0,0
Rene Graciet,1926,"Centre, Fly-half",Bayonne,6,1,1,3
Vincent Graule,1926,"Fly-half, Centre",Perpignan,6,1,0,0
Jean Revillon,1926,Wing,Paris,3,0,0,0
Honore Laffont,1926,Scrum-half,Argein,1,0,0,0
Joseph Sayrou,1926,Prop,Toulouges,9,3,0,0
Edouard Bader,1926,Scrum-half,Ferrieres-en-Brie,3,0,0,0
Rene Bousquet,1926,"Prop, Lock",Villeneuve-les-Bezie,9,2,1,3
Alfred Prevost,1926,Back-row,Saint-Girons,4,0,1,3
Joseph Sourgens,1926,Fly-half,Ychoux,1,0,0,0
Ernest Vila,1926,Wing,Auch,1,0,0,0
Robert Hutin,1927,Prop,Paris,3,0,1,3
Maixent Piquemal,1927,Fullback,Bordeaux,9,4,0,0
Edmond Vellat,1927,Wing,Chambery,5,2,5,15
Robert Houdet,1927,Wing,Paris,10,4,7,21
Jean Carbonne,1927,Scrum-half,Sorede,1,0,0,0
Andre Verger,1927,Fly-half,Limoges,7,4,0,8
Albert Cazenave,1927,Back-row,Nay,5,3,1,3
Jean Galia,1927,"Lock, No. 8",Ille-sur-Tet,20,9,3,9
Georges Gerald,1927,"Wing, Centre",Aixe-sur-Vienne,17,8,0,4
Andre Loury,1927,Prop,Paris,6,2,0,0
Jean Morere,1927,Prop,Castelnau-Magnoac,4,2,0,0
Fernand Camicas,1927,Hooker,Tarbes,10,2,0,0
Paul Descamps,1927,No. 8,Leon,1,0,0,0
Maurice Larrieux,1927,Lock,La Teste,1,0,0,0
Gerald Branca,1928,Back-row,Badens,3,0,0,0
Andre Camel,1928,Lock,Toulouse,16,7,2,6
Edouard Coulon,1928,Centre,Beziers,1,0,0,0
Georges Daudignon,1928,Scrum-half,Le Boucau,1,0,0,0
Henri Haget,1928,"Fly-half, Centre",Biarritz,2,1,1,6
Louis Magnol,1928,Fullback,Foix,4,0,0,0
Raoul Bonamy,1928,Flanker,Saint-Jean-d'Angely,2,0,1,3
Louis Pellissier,1928,Fullback,San Fernando,5,2,0,0
Georges Vaills,1928,Hooker,Palau-del-Vidre,2,1,0,0
Jean Duhau,1928,"Prop, Hooker, Lock, Flanker",Ondres,7,4,1,14
Jean Jardel,1928,Wing,Vitrac,2,0,0,0
Henri Lacaze,1928,"Lock, Prop",Laroquebrou,5,2,0,0
Jules Hauc,1928,"Prop, Lock",Maureilhan,5,2,2,6
Lucien Serin,1928,Scrum-half,Antignac,12,6,1,3
Richard Majerus,1928,"Lock, Prop",Paris,8,4,2,6
Georges Caussarieu,1928,Centre,Hendaye,1,0,0,0
Robert Sarrade,1928,Fly-half,Aire-sur-l'Adour,1,0,0,0
Joseph Auge,1929,No. 8,Dax,2,0,0,0
Marcel Camel,1929,Back-row,Toulouse,2,0,1,3
Albert Domec,1929,Wing,Saint-Pee-de-Bigorre,1,0,0,0
Paul Barrere,1929,Lock,Elne,2,1,0,0
Andre Clady,1929,"Flanker, Lock",Lezignan,5,4,2,8
Amedee Cutzach,1929,Fly-half,Trouillas,1,1,0,0
Andre Duche,1929,Wing,Limoges,1,1,1,9
Marcel Soler,1929,Wing,Thuir,1,1,2,6
Albert Ambert,1930,"Prop, Hooker",Beziers,5,3,1,11
Charles Bigot,1930,"Hooker, Flanker",Lezignan,4,2,0,0
Joseph Choy,1930,"Lock, Prop",Homps,10,8,1,3
Robert Samatan,1930,Wing,Toulouse,10,6,3,9
Fernand Taillantou,1930,Wing,Pau,3,2,3,9
Leopold Fabre,1930,"Prop, Hooker",Toulouse,1,1,0,0
Lucien Augras-Fabre,1931,Wing,La Chatre,3,1,0,0
Ernest Camo,1931,"Lock, Flanker, No. 8",Saint-Feliu d'Avall,6,4,0,0
Maurice Porra,1931,Hooker,Perpignan,1,1,0,0
Marius Rodrigo,1931,"Prop, Lock",Mauleon,2,1,0,0
Maurice Savy,1931,"Centre, Fullback",Clermont-Ferrand,5,3,0,0
Leopold Servole,1931,Fly-half,Saint-Andre-de-Roque,7,5,0,4
Antoine Duclos,1931,Prop,Juillan,1,0,0,0
Max Rousie,1931,"Halfback, Scrum-half",Marmande,4,3,2,9
Robert Scohy,1931,"Prop, Hooker",Tunis,4,2,1,3
Georges Clement,1931,Centre,Saigon,1,0,0,0
Charles Petit,1931,Lock,Saint-Ouen,1,0,1,3
Max Vigerie,1931,Centre,Villereal,1,0,0,0
Henri Empereur-Buisson,1931,Prop,Beziers,2,2,0,0
Pierre Guelorget,1931,Wing,Parthenay,2,2,2,6
Rene Namur,1931,Hooker,Montauban,2,2,0,0
Roger Triviaux,1931,Flanker,Cognac,2,2,0,0
Marius Guiral,1931,Fullback,Condom,3,3,0,8
Antonin Barbazanges,1932,Fly-half,Toulouse,2,2,0,0
Eugene Chaud,1932,"Fullback, Wing",Roanne,3,3,1,16
Roger Claudel,1932,Flanker,Chartres,2,2,0,0
Jean Coderc,1932,Centre,Espira-de-Algy,5,5,2,6
Lucien Cognet,1932,Back-row,Vichy,5,5,0,0
Henri de Malherbe,1932,Back-row,Ajaccio,2,2,2,6
Rene Finat,1932,Wing,Chalon-sur-Saone,2,2,5,15
Joseph Griffard,1932,"Prop, Lock",Limoges,3,3,0,0
Marcel Laurent,1932,"Prop, Hooker",Auch,5,5,0,0
Albert Potel,1932,Hooker,Oviedo,1,1,0,0
Edouard Ainciart,1933,Hooker,Bayonne,6,5,0,0
Jean Daguerre,1933,Fly-half,Saint-Pierre-et-Miqu,1,1,0,0
Pierre Escaffre,1933,Prop,Narbonne,2,2,1,3
Firmin Raynaud,1933,Wing,Limoux,1,1,2,6
Antoine Blain,1934,Flanker,Limoux,1,1,0,0
Pierre Cussac,1934,Wing,Arcachon,1,1,0,0
Joseph Desclaux,1934,"Fly-half, Centre",Collioure,10,9,3,23
Andre Duluc,1934,Wing,Castres,1,1,1,3
Louis Dupont,1934,No. 8,Bois-Colombes,6,6,0,0
Francois Lombard,1934,"Scrum-half, Flanker",Narbonne,2,2,0,0
Jean Blond,1935,Flanker,Le Treport,6,5,2,6
Paul Boyer,1935,Scrum-half,Arthes,1,1,0,0
Maurice Celhay,1935,"Wing, Centre",Saint-Palais,6,4,8,24
Jacques Dorot,1935,Lock,Pergamino,1,1,0,0
Francois Raynal,1935,Flanker,Saint-Nazaire,5,5,1,5
Armand Vigneau,1935,Wing,Bayonne,1,1,1,3
Francis Daguerre,1936,Prop,Saint-Pierre-et-Miqu,1,1,1,3
Pierre Geschwind,1936,Wing,Wattrelos,2,2,2,6
Andre Goyard,1936,"Prop, Lock",Saint-Jean-sur-Veyle,7,6,1,3
Etienne Ithurra,1936,Lock,Bayonne,3,3,0,0
Georges Libaros,1936,Fly-half,?,2,1,0,0
Andre Rochon,1936,"Flanker, Hooker",Chastreix,1,1,0,0
Pierre Thiers,1936,"Scrum-half, Flanker",Thiers,9,6,0,17
Felix Bergese,1936,Centre,Le Boucau,6,5,4,12
Jean Clave,1936,Hooker,Montgaillard,3,3,0,0
Edmond Elissalde,1936,"Centre, Fly-half",Biarritz,2,1,0,0
Pierre Milliand,1936,Wing,Alberville,3,3,3,9
Frantz Sahuc,1936,Fullback,Marsoulas,1,1,0,0
David Aguilar,1937,Lock,Pau,1,1,0,0
Pierre Daulouede,1937,Prop,Labenne,4,2,0,0
Gilbert Lavail,1937,Fly-half,Perpignan,2,1,0,0
Henri Masse,1937,Fullback,Loriol,1,1,0,0
Michel Bonnus,1937,Fullback,Toulon,5,3,0,4
Antonin Delque,1937,Lock,Castelbiague,4,3,2,6
Marcel Deygas,1937,Centre,Ardoix,1,1,0,0
Emile Fabre,1937,Lock,Toulouse,3,2,0,0
Robert Cals,1938,Wing,Pezens,1,0,0,0
Jean Chassagne,1938,Fly-half,Aveze,1,0,0,0
Henri Clarac,1938,Flanker,Saint-Girons,1,0,0,0
Jean-Baptiste Lefort,1938,No. 8,Biarritz,1,0,0,0
Rene Arotca,1938,Flanker,Bayonne,1,1,0,0
Robert Caunegre,1938,Wing,Bordeaux,2,2,2,6
Emile Doussau,1938,Prop,Charmant,1,1,0,0
Raymond le Goff,1938,Wing,Paris,2,2,1,3
Rene Lombarteix,1938,"Lock, Prop",Clermont-Ferrand,2,2,0,0
Andre Rapin,1938,Centre,Bordeaux,1,1,0,0
Guy Vassal,1938,"Scrum-half, Fly-half",Carcassonne,2,2,0,0
Jacques Palat,1938,Flanker,Saint-Cyprien,1,1,0,0
Pierre Charton,1940,No. 8,Saint-Maur-des-Fosse,1,0,0,0
Joseph Dutrey,1940,Lock,Puan,1,0,0,0
Lucien Ferrand,1940,Flanker,Le Creusot,1,0,0,0
Francois Meret,1940,Prop,Pontacq,1,0,0,0
Roger Paul,1940,Hooker,Sauxillanges,1,0,0,0
Henri Peyralade,1940,Scrum-half,Borderes-sur-l'Echez,1,0,0,0
Robert Tourte,1940,Wing,Saint-Girons,1,0,0,0
Marcel Tucoo-Chala,1940,Lock,Pau,1,0,0,0
Georges Baladie,1945,"Centre, Wing",Ville-d'Avray,6,3,3,9
Yves Bergougnan,1945,Scrum-half,Toulouse,17,10,0,12
Jean Dauger,1945,Centre,Cambo,3,2,2,6
Robert Geneste,1945,Wing,Angouleme,2,2,0,0
Auguste Jarasse,1945,Hooker,Ussel,1,1,0,0
Louis Junquas,1945,Centre,Saint-Vincent-de-Tyr,13,7,0,0
Jean Massare,1945,"Lock, Prop",Fontenay-sous-Bois,6,4,1,3
Roger Minjat,1945,Fullback,Venissieux,1,1,0,0
Alban Moga,1945,Lock,Bordeaux,22,13,0,0
Jean Prat,1945,Flanker,Lourdes,51,30,9,144
Jean Prin-Clary,1945,"Lock, Prop",Marseille,10,6,1,3
Andre Sahuc,1945,No. 8,Castelnau-Montratier,2,1,1,3
Robert Soro,1945,Lock,Odos,21,12,2,6
Andre Alvarez,1945,"Fullback, Fly-half",Bayonne,20,13,1,25
Jacques Chaban-Delmas,1945,Wing,Paris,1,0,0,0
Gaston Combes,1945,Scrum-half,Toulouse,1,0,0,0
Lucien Rouffia,1945,Fullback,Narbonne,4,1,0,0
Jean Vilagra,1945,Hooker,Saint-Etienne,1,0,0,0
Guy Basquet,1945,Back-row,Layrac,33,17,8,24
Henri Dutrain,1945,"Centre, Wing",Toulouse,8,5,0,0
Jean Matheu-Cambas,1945,Flanker,Gelos,24,14,1,3
Elie Pebeyre,1945,Wing,Seilhac,8,4,1,3
Maurice Terreau,1945,"Centre, Fly-half",Bourg-en-Bresse,17,11,5,15
Marcel Volot,1945,Hooker,Gonfreville l'Orcher,5,3,0,0
Albert Kaempf,1946,Wing,Itxassou,1,1,0,0
Eugene Buzy,1946,"Prop, Lock",Benejacq,17,10,0,0
Michel Sorondo,1946,"Fullback, Centre",Hendaye,6,2,1,3
Jean Lassegue,1946,Wing,Rieumes,9,7,5,15
Marcel Jol,1947,Hooker,Biarritz,10,6,0,0
Lucien Caron,1947,Prop,Lyon,10,6,1,3
Gerard Dufau,1948,Scrum-half,Dax,38,21,2,6
Pierre Jeanjean,1948,Wing,Port Vendres,1,0,0,0
Lucien Martin,1948,Hooker,Pau,6,3,0,0
Michel Pomathios,1948,Wing,Bourg-en-Bresse,24,12,6,18
Leon Bordenave,1948,"Fly-half, Centre",Odos,5,3,0,0
Pierre Dizabo,1948,"Fly-half, Centre",Saint-Vincent-de-Tyr,13,8,1,6
Roger Lacaussade,1948,Wing,Captieux,2,1,1,3
Pierre Aristouy,1948,"Lock, Prop",Arette,6,2,0,0
Maurice Siman,1948,Wing,Clermont-Ferrand,6,2,0,0
Noel Baudry,1949,Fullback,Saint-Exupery-les-Ro,5,4,0,0
Jean Pilon,1949,Fly-half,Bayonne,2,1,1,3
Francis Desclaux,1949,Centre,Collioure,3,3,0,5
Felix Lacrampe,1949,No. 8,Lannemezan,1,1,0,0
Roger Arcalis,1950,Fullback,Tarbes,5,2,0,0
Rene Bienes,1950,"Flanker, Prop",Toulouse,29,16,4,12
Firmin Bonnus,1950,Lock,Toulon,4,1,0,0
Roger Ferrien,1950,Prop,Riscle,4,1,0,0
Pierre Lauga,1950,"Fly-half, Centre",Lucq-de-Bearn,4,1,0,3
Pierre Lavergne,1950,Prop,Ciboure,1,0,0,0
Jacques Merquey,1950,Centre,Souillac,4,1,1,3
Daniel Herice,1950,Flanker,Saint-Emiliosen,1,0,0,0
Paul Lasaosa,1950,"Centre, Scrum-half, Halfback",Dax,6,3,0,0
Pierre Pascalin,1950,Hooker,Saint-Gein,7,4,0,0
Georges Brun,1950,"Wing, Centre, Fullback",Aix-les-Bains,14,7,0,0
Fernand Cazenave,1950,Wing,Orthez,6,5,1,3
Franck Fournet,1950,Fly-half,Clermont-Ferrand,1,0,0,0
Rene Bernard,1951,Prop,Bergerac,4,3,0,0
Georges Carabignac,1951,Fly-half,Boe,7,2,0,9
Henri Foures,1951,Lock,Issus,4,3,0,0
Lucien Mias,1951,Lock,Saint-Germain-de-Cal,29,17,1,3
Alain Porthault,1951,Wing,Vervins,7,5,3,9
Guy Belletante,1951,Centre,Perigueux,3,2,0,0
Pierre Bertrand,1951,Prop,Meximieux,8,4,0,13
Dacien Olive,1951,Wing,Claira,2,0,1,3
Maurice Prat,1951,Fullback,Lourdes,31,18,6,24
Jean-Roger Bourdeu,1952,Flanker,Gan,9,3,1,3
Rene Brejassou,1952,"Prop, Lock",Aureilhan,15,8,1,3
Bernard Chevallier,1952,Lock,Rougnat,26,15,0,0
Roger Furcade,1952,Fly-half,Saint-Nazaire,1,1,0,0
Paul Labadie,1952,Hooker,Bayonne,21,13,0,0
Robert Labarthete,1952,"Fullback, Scrum-half",Gan,1,1,0,0
Roger Martine,1952,"Fly-half, Fullback, Centre",Bellocq,25,20,1,6
Francois Varenne,1952,Lock,Junay,1,1,0,0
Antoine Labazuy,1952,Fly-half,Carcassonne,11,8,0,39
Jean Colombier,1952,Wing,Saint-Julien-en-Gene,3,0,0,0
Pierre Guilleux,1952,Fullback,Usseau,2,1,0,0
Jacques Mauran,1952,Centre,Rignac,6,1,0,0
Michel Lecointre,1952,Fly-half,Troyes,1,1,0,0
Lucien Roge,1952,"Wing, Centre",Cessenon,15,10,4,12
Andre Sanac,1952,"Prop, Lock",Trouillas,10,5,1,3
Jean-Claude Rouan,1953,Fullback,Quillan,2,1,0,0
Paul Tignol,1953,"No. 8, Lock",Toulouse,2,1,0,0
Julien Arrieta,1953,Hooker,Irun,2,0,0,0
Robert Carrere,1953,Prop,Saint-Sever,2,1,0,0
Michel Celaya,1953,Back-row,Biarritz,50,30,6,18
Andre Haget,1953,Fly-half,Biarritz,14,10,1,3
Laurent Bidart,1953,Fly-half,Le Boucau,1,0,0,0
Henri Domec,1953,Flanker,Lourdes,20,15,1,3
Joseph Galy,1953,Centre,Bages,1,0,0,0
Michel Vannier,1953,Fullback,Etain,43,28,1,180
Jean Darrieussecq,1953,Scrum-half,Peyrehorade,1,1,0,0
Jean-Henri Pargade,1953,Centre,Bayonne,1,1,0,0
Robert Baulon,1954,Back-row,Le Boucau,18,12,6,18
Jacques Bouquet,1954,"Fly-half, Centre",Tullins,34,20,3,21
Andre Boniface,1954,"Wing, Centre",Monfort-en-Chalosse,48,25,11,44
Henri Claverie,1954,Fullback,Lourdes,2,1,0,0
Amedee Domenech,1954,"Prop, No. 8",Narbonne,52,32,8,24
Pierre Albaladejo,1954,"Fullback, Fly-half",Dax,30,19,0,104
Jean Benetiere,1954,Hooker,Le Coteau,2,2,0,0
Jean Bichindaritz,1954,Prop,Biarritz,3,3,0,0
Gilbert Larreguy,1954,Flanker,Mouguerre,1,1,1,3
Jacques Lepatey,1954,Wing,Salleles d'Aude,5,4,2,6
Gerard Murillo,1954,"Wing, Centre",Paris,2,2,3,9
Jean Barthe,1954,"Flanker, No. 8, Lock",Lourdes,26,17,0,0
Robert Basauri,1954,Fly-half,Hendaye,1,1,0,0
Philibert Capitani,1954,Lock,Frassivoro,2,2,0,0
Pierre Danos,1954,Scrum-half,Toulouse,17,11,3,15
Yves Duffaut,1954,Flanker,Samatan,2,2,0,0
Jacques Meynard,1954,"Fullback, Centre",Cognac,2,2,0,10
Henri Lazies,1954,"Lock, No. 8, Prop",Belloc-St-Clamens,4,3,0,0
Andre Morel,1954,Wing,Grenoble,1,1,1,3
Henri Rancoule,1955,Wing,Bram,27,19,8,24
Jacques Chiberry,1955,Wing,Sauveterre-de-Bearn,1,1,0,0
Michel Escommier,1955,Hooker,Montelimar,1,1,0,0
Thomas Manterola,1955,"No. 8, Prop",Ciboure,2,2,0,0
Jean Carrere,1956,Flanker,Argeles-sur-Mer,8,2,0,0
Jean-Vincent Dupuy,1956,"Wing, Centre",Vic-en-Bigorre,40,22,19,57
Gerard Roucaries,1956,Lock,Rivesaltes,1,0,0,0
Guy Stener,1956,"Wing, Centre",Vichy,5,3,0,0
Serge Torreilles,1956,Wing,Baixas,1,0,0,0
Robert Vigier,1956,Hooker,Lanobre,24,14,1,3
Guy Pauthe,1956,Scrum-half,Graulhet,1,1,1,3
Georges Gauby,1956,Scrum-half,Rivesaltes,1,1,0,0
Francois Moncla,1956,"Flanker, Lock",Louvie-Juzon,31,18,7,21
Rene Monie,1956,Centre,Theza,2,1,1,3
Christian Darrouy,1957,Wing,Pouydesseaux,40,22,23,69
Michel Hoche,1957,Lock,Levallois-Perret,5,2,0,0
Paul Cassagne,1957,Lock,Tarbes,1,1,0,10
Roland Darracq,1957,Flanker,Dax,1,1,0,0
Gerard Mauduy,1957,Wing,Perigueux,7,5,2,6
Michel Crauste,1957,Back-row,Saint-Laurent-de-Gos,63,38,10,30
Adrien Normand,1957,Lock,Orthevielle,1,1,0,0
Christian Vignes,1957,"Centre, Fly-half",Biarritz,4,2,1,3
Aldo Quaglio,1957,"Prop, Flanker",Saverdun,13,8,1,3
Pierre Lacroix,1958,Scrum-half,Houeill,27,16,4,12
Alfred Roques,1958,Prop,Cazes-Mondenard,30,22,0,0
Pierre Tarricq,1958,Wing,Labouheyre,4,4,1,3
Arnaud Marquesuzaa,1958,Centre,Mauleon,10,7,1,3
Bernard Mommejat,1958,Lock,Paris,22,14,2,6
Pierre Lacaze,1958,Fullback,Pontacq,7,4,0,14
Louis Casaux,1959,"Centre, Fullback",Tarbes,3,2,2,6
Claude Mantoulan,1959,Fly-half,Pau,1,0,0,0
Serge Mericq,1959,Wing,La Reole,5,3,2,6
Jean de Gregorio,1960,Hooker,Romans-sur-Isere,22,14,1,3
Sylvain Meyer,1960,Back-row,Strasbourg,5,3,2,6
Guy Boniface,1960,Centre,Monfort-en-Chalosse,35,19,15,45
Herve Larrue,1960,Lock,Boissezon,7,6,1,3
Jean-Pierre Saux,1960,"Prop, Lock",Paris,22,14,2,6
Raoul Barriere,1960,Prop,Beziers,1,0,0,0
Roger Brethes,1960,Fullback,Saint-Sever,1,1,0,3
Michel Lacome,1960,Centre,Bagneres-de-Bigorre,1,1,0,0
Jean Othats,1960,Wing,Bugnein,2,2,0,0
Roland Crancee,1960,No. 8,Treveray,2,2,1,3
Jacques Rollet,1960,Hooker,Bayonne,5,4,0,0
Louis Echave,1961,"Flanker, Lock",Ciboure,1,1,0,0
Jean Gachassin,1961,"Fullback, Wing, Centre, Fly-half",Bagneres-de-Bigorre,32,19,8,32
Gerard Bouguyon,1961,"Lock, Prop",Quimerch,9,4,1,3
Marcel Puget,1961,Scrum-half,Limoux,17,6,0,3
Guy Calvo,1961,"Fullback, Wing, Centre",Tarbes,2,0,0,0
Pierre Cazals,1961,Prop,Mont-de-Marsan,3,1,0,0
Jean Laudouar,1961,Hooker,Soustons,5,1,0,0
Claude Lacaze,1961,Fullback,Pontacq,33,18,1,59
Roland Lefevre,1961,No. 8,La Flamengrie,1,0,0,0
Jean Pique,1961,"Wing, Centre",Pau,18,11,2,6
Guy Camberabero,1961,Fly-half,Soubion,14,10,2,110
Marcel Cassiede,1961,Lock,Gousse,3,1,0,0
Serge Plantey,1961,"Wing, Fly-half",Salles,2,2,0,0
Rene le Bourhis,1961,Lock,Saint-Malo-de-Guersa,1,0,0,0
Henri Marracq,1961,Flanker,Pontacq,1,0,1,3
Roger Gensane,1962,Flanker,Severac-le-Chateau,7,4,0,0
Henri Romero,1962,Back-row,Sigean,7,4,0,0
Claude Laborde,1962,"Wing, Scrum-half",Peyrehorade,5,2,0,0
Michel Arino,1962,Wing,Penne-d'Agenais,1,0,0,0
Maurice Lira,1962,"Flanker, No. 8, Lock",La Mure,13,8,2,6
Francis Mas,1962,Prop,Cazouls-les-Beziers,5,2,0,0
Pierre Razat,1962,"Centre, Fullback",Fumel,4,1,0,0
Pierre Besson,1963,Wing,Saint-Astier,5,2,0,0
Jean Fabre,1963,No. 8,Rodez,8,3,0,0
Fernand Zago,1963,Prop,Saint-Lys,2,1,0,0
Paul Dedieu,1963,Fullback,Toulouse,12,8,0,25
Raymond Rebujent,1963,Hooker,Elne,1,0,0,0
Roger Fite,1963,"No. 8, Lock",Cabrerolles,2,2,0,0
Jean-Claude Lasserre,1963,"Halfback, Scrum-half",Hussein Dey,13,8,0,3
Jean le Droff,1963,Lock,Ordan-Larroque,9,4,0,0
Lucien Abadie,1963,Prop,Bouilh Devant,1,0,0,0
Jean-Claude Berejnoi,1963,Prop,Decazeville,27,19,0,0
Jean-Michel Cabanier,1963,Hooker,Lavilledieu-du-Templ,26,18,4,12
Andre Herrero,1963,Back-row,Puisserguier,22,14,2,6
Jean-Joseph Rupert,1963,Flanker,Saint-Jean-de-Marsac,14,9,4,12
Jacques Bayardon,1964,Prop,Macon,3,0,0,0
Benoit Dauga,1964,"Lock, No. 8",Montgaillard,63,30,11,34
Jean-Baptiste Amestoy,1964,Prop,Ustaritz,2,0,0,0
Jean-Claude Hiquet,1964,Fly-half,Soustons,1,0,0,0
Arnaldo Gruarin,1964,Prop,Bagnara,26,19,2,6
Yves Menthillier,1964,Hooker,Bourg-en-Bresse,5,3,0,0
Michel Sitjar,1964,Flanker,Castelsagrat,13,10,1,3
Andre Abadie,1964,Hooker,Aureilhan,1,1,0,0
Michel Arnaudet,1964,"Centre, Wing",Lourdes,3,3,4,12
Jean Capdouze,1964,"Centre, Fly-half",Salies-de-Bearn,6,4,2,6
Walter Spanghero,1964,"No. 8, Lock, Flanker",Payra-sur-l'Hers,,,,
Lilian Camberabero,1964,Scrum-half,Saint-Vincent-de-Tyr,13,11,2,9
Andre Campaes,1965,Wing,Lourdes,14,8,4,12
Andre Abadie,1965,Prop,Toulouse,7,4,0,0
Elie Cester,1966,Lock,L'Isle-Jourdain,35,18,1,3
Jean-Claude Roques,1966,Fly-half,Brive,4,3,0,0
Bernard Duprat,1966,Wing,Bayonne,15,9,9,31
Jean-Claude Lagrange,1966,Centre,Perigueux,1,1,1,3
Jo Maso,1966,"Fly-half, Centre",Toulouse,25,12,4,15
Christian Carrere,1966,Flanker,Tarbes,27,15,4,12
Claude Dourthe,1966,Centre,Magescq,33,17,10,40
Jean Salut,1966,Flanker,Beaumont-de-Lomagne,7,4,1,3
Jean-Pierre Mir,1967,Centre,Saint-Lary,1,1,0,0
Jean-Pierre Lux,1967,"Centre, Wing",Saint-Vincent-de-Tyr,47,22,12,42
Jacques Fort,1967,"Prop, Lock",Bordeaux,7,4,0,0
Pierre Villepreux,1967,"Fullback, Fly-half",Pompadour,34,14,2,166
Jean-Michel Esponda,1967,Prop,Hendaye,10,1,0,0
Andre Quilis,1967,"Flanker, Wing",Coursan,5,1,0,0
Jean-Louis Dehez,1967,"Fly-half, Fullback",Mont-de-Marsan,2,1,0,11
Michel Lasserre,1967,"Lock, No. 8, Prop",Le Cause,15,5,0,0
Jean-Claude Malbet,1967,Hooker,Larresingle,2,0,0,0
Alain Plantefol,1967,Lock,Colombes,11,5,1,3
Gerard Sutra,1967,Scrum-half,Narbonne,4,2,0,0
Jacques Londios,1967,Wing,Montauban,1,1,0,0
Jean Trillo,1967,Centre,Condom,28,12,6,19
Jacques Crampagne,1967,"Fullback, Wing",Foix,1,0,0,0
Jean-Michel Capendeguy,1967,Wing,Ciboure,2,1,1,3
Jean-Jacques Lenient,1967,Wing,Saint-Prix,1,1,0,0
Jean-Henri Mir,1967,Scrum-half,Saint-Lary,2,2,0,0
Jean-Marie Bonal,1968,Wing,Saint-Cirgues-de-Jor,14,5,5,15
Jean-Claude Noble,1968,Prop,Marseille,6,3,0,0
Michel Yachvili,1968,"Hooker, Flanker",Tulle,15,5,0,0
Michel Greffe,1968,Back-row,Lyon,5,2,0,0
Jean-Paul Baux,1968,Hooker,Larroque,4,0,0,0
Jean Iracabal,1968,Prop,Larressore,34,15,0,0
Andre Piazza,1968,Wing,Moissac,2,0,0,0
Christian Boujet,1968,"Fullback, Fly-half",Jarrie,3,0,1,5
Bernard Dutin,1968,"Lock, Flanker",Thomes,4,0,0,0
Jean-Louis Berot,1968,"Scrum-half, Fly-half",Dax,21,7,1,23
Michel Billiere,1968,Back-row,Salles-sur-Garonne,1,0,0,0
Claude Chenevay,1968,Flanker,Grenoble,1,0,0,0
Henri Magois,1968,Fullback,La Rochelle,3,0,0,0
Dominique Bontemps,1968,Flanker,Rochefort,1,0,0,0
Lucien Paries,1968,Fly-half,Anglet,8,4,0,46
Andre Ruiz,1968,Centre,Semeac,2,0,0,0
Jean Sillieres,1968,Wing,Marciac,8,4,3,10
Pierre Biemouret,1969,Flanker,Mas d'Auvignon,19,8,1,4
Michel Hauser,1969,Flanker,Lourdes,1,0,0,0
Basile Moraitis,1969,Wing,Marseille,2,0,0,0
Christian Swierczinski,1969,Hooker,Saint-Mayme-de-Perey,2,0,0,0
Jean-Louis Azarete,1969,Prop,Urrugne,26,11,0,0
Rene Benesis,1969,Hooker,Orthez,30,15,0,0
Gerard Viard,1969,"Centre, Flanker",Saint-Jean-de-Saucie,5,3,0,0
Jean-Pierre Bastiat,1969,"No. 8, Lock",Pouillon,32,21,4,24
Roger Bourgarel,1969,Wing,Toulouse,9,6,1,3
Pierre Darbos,1969,Flanker,Saint-Paul-les-Dax,1,1,0,0
Alain Marot,1969,Centre,Bergerac,7,4,0,0
Michel Savitsky,1969,Lock,Sarrians,1,1,0,0
Jack Cantoni,1970,"Fullback, Wing",Carmaux,17,6,3,13
Michel Pebeyre,1970,Scrum-half,Brive,7,3,1,3
Max Barrau,1971,Scrum-half,Beaumont-de-Lomagne,15,8,1,4
Daniel Dubois,1971,Flanker,Le Havre,1,1,0,0
Marc Etcheverry,1971,Prop,Pau,2,1,0,0
Roland Bertranne,1971,"Wing, Centre",Ibos,69,38,17,66
Claude Spanghero,1971,"Lock, No. 8",Payra-sur-l'Hers,,,,
Alain Esteve,1971,"Lock, Flanker, No. 8",Castelnaudary,20,7,0,0
Jean-Claude Skrela,1971,Flanker,Cornebarrieu,46,27,6,24
Jean-Michel Aguirre,1971,"Scrum-half, Fullback",Tostat,39,25,2,123
Victor Boffelli,1971,Flanker,Arques,18,8,2,8
Yvan Buonomo,1971,No. 8,Sete,3,2,0,0
Andre Dubertrand,1971,Wing,Saubion,12,8,5,20
Jean-Pierre Hortoland,1971,Prop,Marseillan,1,1,0,0
Jean-Louis Martin,1971,Prop,Beziers,4,2,0,0
Richard Astre,1971,Scrum-half,Toulouse,11,5,1,10
Olivier Saisset,1971,Back-row,Le Poujol-sur-Oub,17,9,2,8
Armand Vaquerin,1971,Prop,Severac-le-Chateau,26,11,0,0
Jacques Fouroux,1972,Scrum-half,Auch,27,17,5,20
Henri Cabrol,1972,Fly-half,Bize-Minervois,4,2,0,8
Andre Lubrano,1972,Hooker,Sete,2,2,0,0
Jean-Claude Rossignol,1972,"Prop, Lock",Grignols,1,1,0,0
Michel Droitecourt,1972,"Fullback, Wing",Meaux,17,9,2,14
Jean-Pierre Romeu,1972,Fly-half,Thuir,34,21,4,265
Andre Darrieussecq,1973,Prop,Saint-Jean-de-Luz,1,0,0,0
Christian Badin,1973,Centre,Pont-de-Vaux,3,2,0,0
Jean-Francois Phliponeau,1973,Wing,Fort-de-l'Eau,2,1,1,4
Gilles Delaigue,1973,Centre,Sainte-Colombe,2,2,1,4
Jacques Rougerie,1973,"Prop, Hooker",Pamiers,1,1,0,0
Michel Sappa,1973,Lock,Toulon,3,3,0,0
Rene Seguier,1973,Wing,Vendres,2,2,0,0
Jean Costantino,1973,"Prop, Hooker",Montauban,1,1,0,0
Daniel Kaczorowski,1974,Flanker,Le Creusot,1,1,0,0
Joel Pecune,1974,"Wing, Centre",Ibos,10,6,4,16
Jean-Francois Gourdon,1974,Wing,Paris,22,14,12,48
Francis Haget,1974,Lock,Sauveterre-de-Bearn,40,24,1,4
Alain Paco,1974,"Prop, Hooker",Beziers,35,24,1,4
Georges Senal,1974,Lock,Serignan,6,2,0,0
Laurent Desnoyer,1974,Wing,Brive,1,0,0,0
Jean-Martin Etchenique,1974,Centre,Ustaritz,4,2,1,4
Michel Taffary,1975,Fullback,Peyrehorade,4,2,0,6
Gerard Cholley,1975,"Lock, Prop",Fontaine-les-Luxeuil,31,22,3,12
Alain Guilbert,1975,"No. 8, Lock",Saint-Maur-des-Fosse,14,7,1,4
Jean-Pierre Rives,1975,Flanker,Toulouse,59,39,5,20
Jean-Luc Averous,1975,Wing,Beziers,25,16,7,28
Jean-Louis Ugartemendia,1975,Hooker,Bayonne,2,1,0,0
Francois Sangalli,1975,Centre,Narbonne,15,9,1,4
Yves Brunet,1975,Hooker,Peyrestortes,2,1,0,0
Dominique Harize,1975,Wing,Saint-Cere,9,6,4,16
Michel Palmie,1975,Lock,Beziers,23,17,0,0
Robert Paparemborde,1975,Prop,Laruns,55,34,8,32
Patrice Peron,1975,Flanker,Colombes,2,0,1,4
Jean-Pierre Pesteil,1975,"Fullback, Centre, Fly-half",Vendres,3,1,0,9
Gerard Rousset,1975,Back-row,Bourg-les-Valence,2,1,1,4
Jean-Francois Imbernon,1976,Lock,Perpignan,23,18,0,0
Rene Berges-Cau,1976,Fullback,Encausse-les-Thermes,1,1,0,0
Jacques Cimarosti,1976,Centre,Lourdes,1,1,0,0
Guy Gasparotto,1976,Lock,Aucamville,2,1,0,0
Daniel Bustaffa,1977,Wing,Carcassonne,11,3,1,4
Jean-Luc Joinel,1977,Back-row,Saint-Vincent-de-Cos,51,29,1,4
Guy Noves,1977,Wing,Toulouse,7,4,0,0
Jacques Gasc,1977,Flanker,Graulhet,1,0,0,0
Christian Belascain,1977,Centre,Biarritz,18,11,1,4
Pierre Dospital,1977,Prop,Itxassou,24,16,0,0
Jerome Gallion,1978,Scrum-half,Toulon,27,17,10,40
Bernard Vivies,1978,"Fullback, Fly-half",Rieumes,10,4,0,20
Louis Bilbao,1978,Wing,Saint-Jean-de-Luz,2,1,0,0
Alain Caussade,1978,"Fly-half, Wing",Juillan,12,6,2,42
Michel Clemente,1978,No. 8,Oloron-Sainte-Marie,3,2,0,0
Yves Lafarge,1978,"Centre, Scrum-half",Chaville,3,2,0,0
Alain Maleig,1979,"Lock, No. 8",Oloron-Sainte-Marie,7,2,0,0
Frederic Costes,1979,Wing,La Rochelle,7,4,1,4
Roger Aguerre,1979,Fly-half,Mauleon,1,1,0,6
Yves Malquier,1979,No. 8,Sigean,1,1,2,8
Jean-Francois Marchal,1979,Lock,Paris,5,3,1,4
Christian Beguerie,1979,Back-row,Layrac,1,0,0,0
Didier Codorniou,1979,Centre,Narbonne,31,18,5,20
Guy Colomine,1979,Prop,Narbonne,1,0,0,0
Philippe Dintrans,1979,Hooker,Tarbes,50,27,3,12
Patrick Mesny,1979,Centre,Montlucon,14,7,3,12
Patrick Salas,1979,"Prop, Lock, No. 8",Narbonne,7,3,0,0
Daniel Dubroca,1979,"Hooker, Prop",Aiguillon,33,22,2,8
Jacques Cristina,1979,No. 8,Clermont-Ferrand,1,1,0,0
Manuel Carpentier,1980,"Lock, No. 8",Calais,8,2,0,0
Yves Duhard,1980,Lock,Bagneres-de-Bigorre,1,0,0,0
Serge Gabernet,1980,Fullback,Montrejeau,14,8,2,48
Pierre Pedeutour,1980,Fly-half,Menzel-Bou-Zulfa,1,1,0,3
Serge Blanco,1980,"Wing, Fullback",Caracas,93,54,38,233
Jean-Pierre Elissalde,1980,Scrum-half,La Rochelle,5,1,2,11
Pierre Lacans,1980,Flanker,Lezignan,6,3,2,8
Laurent Pardo,1980,"Fullback, Wing, Centre",Bayonne,14,6,3,12
Jean-Paul Wolf,1980,"Prop, Lock",Montreuil-sous-Bois,4,0,0,0
Eric Buchet,1980,Flanker,Nice,5,2,0,0
Michel Cremaschi,1980,Prop,Betbezer,11,5,0,0
Jean-Pierre Fauvel,1980,Flanker,Castillonnes,1,0,0,0
Pierre Berbizier,1981,Scrum-half,Saint-Gaudens,56,32,7,28
Daniel Revailler,1981,Lock,Rabastens,14,7,0,0
Guy Laporte,1981,Fly-half,Beaufort,16,11,3,143
Dominique Erbani,1981,Back-row,Eymet,46,30,3,12
Michel Fabre,1981,Wing,Pezenas,6,2,1,4
Alain Lorieux,1981,Lock,La Tronche,30,20,3,12
Laurent Rodriguez,1981,Back-row,Poitiers,56,29,7,28
Adrien Mournet,1981,Scrum-half,Galan,1,0,0,0
Marc Sallefranque,1981,"Fly-half, Fullback",Dax,4,0,0,19
Jean-Patrick Lescarboura,1982,Fly-half,Monein,28,13,6,200
Gerard Martinez,1982,Scrum-half,Montrejeau,7,4,0,3
Patrick Perrier,1982,Centre,Bayonne,4,1,0,0
Didier Camberabero,1982,"Fly-half, Fullback, Wing",Valence,36,24,12,354
Pierre Chadebech,1982,Centre,Ussel,5,3,0,0
Jean Condom,1982,Lock,Saint-Andre-de-Seign,61,38,0,0
Patrick Esteve,1982,Wing,Lavelanet,25,15,12,48
Philippe Sella,1982,"Centre, Wing",Tonneins,111,70,30,125
Thierry Janeczek,1982,Flanker,St-Denis-du-Sig,3,2,0,0
Jean-Charles Orso,1982,"Lock, No. 8",Cannes,11,7,0,0
Jacques Begu,1982,Wing,Dax,3,2,2,8
Christian Delage,1983,Fly-half,Brive,2,1,0,0
Jean-Louis Dupont,1983,Hooker,Beaumont-de-Lomagne,1,1,0,0
Bernard Herrero,1983,Hooker,Toulon,2,0,0,0
Jean-Pierre Garuet-Lempirou,1983,Prop,Lourdes,42,24,0,0
Jean-Baptiste Lafond,1983,"Fullback, Wing",Neuilly-sur-Seine,36,26,14,101
Patrice Lagisquet,1983,Wing,Arcachon,46,27,20,80
Pierre-Edouard Detrez,1983,Prop,Paris,5,2,0,0
Jacques Gratton,1984,Flanker,Lectoure,10,4,0,0
Eric Bonneval,1984,"Wing, Centre",Toulouse,18,13,8,32
Bernard Lavigne,1984,Wing,Castillonnes,2,1,0,0
Eric Champ,1985,Flanker,Toulon,42,30,3,12
Herve Chabowski,1985,Prop,Cavaillon,4,2,0,0
Thierry Picard,1985,"Lock, No. 8",Saint-Sauves-d'Auver,3,3,0,0
Philippe Marocco,1986,"Prop, Hooker",Cintegabelle,21,14,1,4
Denis Charvet,1986,"Centre, Wing",Cahors,23,16,6,27
Jerome Bianchi,1986,Fullback,Pau,1,0,0,0
Marc Andrieu,1986,"Centre, Wing",Carmaux,26,18,6,24
Claude Portolan,1986,Prop,Auterive,3,1,0,0
Patrick Serriere,1986,Lock,Saint-Cloud,3,2,0,0
Philippe Berot,1986,"Fullback, Wing",Tarbes,19,14,3,159
Alain Carminati,1986,Back-row,Champagnole,20,14,3,14
Franck Mesnel,1986,"Centre, Fly-half",Neuilly-sur-Seine,56,38,8,41
Pascal Ondarts,1986,"Hooker, Prop",Meharin,42,29,1,4
Louis Armary,1987,Prop,Lourdes,47,32,1,4
Rodolphe Modin,1987,Scrum-half,Paris,1,1,3,12
Jean-Louis Tolot,1987,Prop,Montagnac-sur-Auvign,1,1,0,0
Karl Janik,1987,Flanker,Oujda,1,1,0,0
Marc Cecillon,1988,No. 8,Bourgoin,46,31,9,38
Michel Hondagne-Monge,1988,Scrum-half,Alfou,1,0,0,0
Gilles Bourguignon,1988,Lock,Evereux,6,2,0,0
Henri Sanz,1988,Scrum-half,Versailles,11,6,1,4
Pierre Harislur-Arthapignet,1988,"Hooker, No. 8",Mauleon,1,1,0,0
Thierry Devergie,1988,Lock,Marseille,17,9,0,0
Marc dal Maso,1988,Hooker,Escalans,33,19,4,20
Dominique Bouet,1989,Hooker,Sort-en-Chalosse,5,2,0,0
Philippe Rouge-Thomas,1989,Fly-half,Lannemezan,2,0,1,4
Olivier Roumat,1989,"No. 8, Lock, Flanker",Mont-de-Marsan,61,35,5,23
Philippe Benetton,1989,Flanker,Cahors,59,39,7,34
Bernard Lacombe,1989,Wing,Rouen,2,0,1,4
Marc Pujolle,1989,"Lock, Prop",Nimes,8,1,0,0
Laurent Seigne,1989,Prop,Tulle,15,7,0,0
Stephane Weller,1989,Wing,Juvisy-sur-Orge,4,1,0,0
Thierry Lacroix,1989,Fly-half,Nogaro,43,29,6,367
Peyo Hontas,1990,Wing,Biarritz,9,5,0,0
Jean-Marc Lhermet,1990,Flanker,Montlucon,3,2,0,0
Eric Melville,1990,Flanker,Cape Town,6,3,0,0
Philippe Gallart,1990,Prop,Beziers,18,10,0,0
Jean-Claude Langlade,1990,Centre,Clermont-Ferrand,3,0,0,0
Philippe Saint-Andre,1990,Wing,Romans-sur-Isere,69,46,32,152
Abdelatif Benazzi,1990,Lock,Ouija,78,48,9,45
Christophe Deslandes,1990,No. 8,Saint-Monde,6,4,0,0
Fabrice Heyer,1990,Prop,Clermont Ferrand,1,0,0,0
Xavier Blond,1990,Flanker,Lagny-sur-Marne,6,5,0,0
Aubin Hueber,1990,Scrum-half,Tarbes,23,18,3,21
David Berty,1990,Wing,Toulouse,6,4,0,0
Jean-Francois Gourragne,1990,Lock,Condom,2,1,0,0
Laurent Cabannes,1990,Flanker,Reims,49,32,2,8
Gregoire Lascube,1991,Prop,Saint-Pee-sur-Nivell,12,9,0,0
Michel Tachdjian,1991,Lock,Asnieres,3,2,0,0
Jean-Marie Cadieu,1991,Lock,Tulle,12,10,1,4
Michel Courtiols,1991,Flanker,Fumel,3,3,1,4
Fabien Galthie,1991,Scrum-half,Cahors,64,38,10,49
Philippe Gimbert,1991,Prop,Firminy,4,3,0,0
Vincent Moscato,1991,Hooker,Paris,4,3,0,0
Serge Simon,1991,Prop,Nice,2,2,1,4
Jean-Francois Tordo,1991,Flanker,Nice,15,10,0,0
Jean-Luc Sadourny,1991,Fullback,Toulouse,71,46,15,86
Christophe Mougeot,1992,Lock,Dijon,3,1,0,0
Alain Penaud,1992,Fly-half,Juillac,32,21,10,62
Sebastien Viars,1992,Fullback,Aurillac,17,10,9,127
Andries van Heerden,1992,No. 8,Cape Town,2,0,0,0
Pierre Montlaur,1992,"Fly-half, Fullback",Castelsarrasin,2,1,0,2
Jean-Pierre Genet,1992,Hooker,Chatellerault,3,2,0,0
Christophe Deylaud,1992,Fly-half,Portet,16,11,1,51
Michel Marfaing,1992,Centre,Pamiers,2,2,0,0
Stephane Ougier,1992,Fullback,Toulouse,4,2,0,4
Jean-Michel Gonzalez,1992,Hooker,Bayonne,35,23,1,5
Christian Coeurveille,1992,Centre,Rodez,2,2,0,0
Philippe Bernat-Salles,1992,Wing,Pau,41,25,26,130
Laurent Mazas,1992,Fly-half,Villefranche,2,0,0,0
Stephane Graou,1992,Prop,Auch,8,4,0,0
Herve Couffignal,1993,Centre,?,1,1,0,0
Yann Lemeur,1993,Lock,Paris,1,1,0,0
Laurent Verge,1993,Prop,?,1,1,0,0
Olivier Merle,1993,Lock,Chamalieres,45,31,6,30
Olivier Campan,1993,Centre,Condom,6,4,1,5
Leon Loppy,1993,Flanker,La Seyne,1,1,1,5
Emile Ntamack,1994,Wing,Lyon,46,32,26,135
Laurent Benezech,1994,Prop,Pamiers,15,11,0,0
William Techoueyres,1994,Wing,Bordeaux,3,2,1,5
Olivier Brouzet,1994,Lock,Beziers,71,46,2,10
Yann Delaigue,1994,Fly-half,Vienne,20,16,2,37
Alain Macabiau,1994,Scrum-half,Perpignan,2,1,0,0
Guy Accoceberry,1994,Scrum-half,Vittel,19,14,2,10
Christian Califano,1994,Prop,Toulon,71,41,6,30
Arnaud Costes,1994,Flanker,Tulle,14,9,1,5
Marc de Rougemont,1995,Hooker,Marseille,13,9,0,0
Albert Cigagna,1995,Back-row,Toulouse,1,1,0,0
Alain Hyardet,1995,Centre,Aix-le-Province,2,2,0,0
Marc Lievremont,1995,Flanker,Dakar,25,19,5,25
Franck Tournaire,1995,Prop,Narbonne,49,32,2,10
Patrick Arlettaz,1995,Centre,Perpignan,1,1,2,10
Olivier Azam,1995,Hooker,Tarbes,10,5,0,0
Philippe Carbonneau,1995,Scrum-half,Toulouse,32,22,5,25
Thomas Castaignede,1995,"Fullback, Fly-half",Mont-de-Marsan,54,37,18,252
Richard Dourthe,1995,Centre,Dax,31,20,3,183
Christophe Juillet,1995,No. 8,Villeneuve-sur-Lot,18,10,2,10
Fabien Pelous,1995,"No. 8, Lock",Toulouse,118,79,8,40
Michel Perie,1996,Prop,Le Pradet,3,2,0,0
Stephane Glas,1996,Centre,Bourgoin,37,24,9,45
Richard Castel,1996,Flanker,Vendres,15,7,2,10
Sylvain Dispagne,1996,No. 8,Saint-Girons,2,1,0,0
Raphael Ibanez,1996,Hooker,Dax,98,63,8,40
Herve Guiraud,1996,Hooker,Castelnaudary,1,1,0,0
Thierry Labrousse,1996,Back-row,Perigueux,2,1,2,10
Hugues Miorin,1996,Lock,Fumel,9,7,0,0
Christophe Moni,1996,Flanker,Nice,8,4,1,5
David Venditti,1996,Wing,Bellegarde,14,9,6,30
Jean-Louis Jordana,1996,Prop,Lavelanet,7,7,0,0
Thomas Lievremont,1996,No. 8,Perpignan,35,27,6,30
Guillaume Bouic,1996,Centre,Agen,1,0,0,0
Christophe Lamaison,1996,"Centre, Fly-half",Dax,37,23,2,380
Laurent Leflamand,1996,Wing,Cherbourg,8,5,5,25
Jean-Jacques Crenca,1996,Prop,Marmande,39,27,4,20
David Aucagne,1997,Fly-half,Vichy,15,9,1,38
Olivier Magne,1997,Flanker,Aurillac,89,59,14,70
Didier Casadei,1997,Prop,Brive,3,2,0,0
Pierre Bondouy,1997,Fullback,Ville Lauragais,5,3,2,10
Ugo Mola,1997,Wing,Saint-Foy-la-Grande,12,8,6,30
Serge Betsen Tchoua,1997,Flanker,Kumba,63,43,9,45
David Dantiacq,1997,Centre,Paris,1,1,0,0
Frederic Torossian,1997,Scrum-half,Auch,1,1,0,0
David Laperne,1997,Prop,Oloron,1,1,0,0
Jerome Cazalbou,1997,Scrum-half,Toulouse,4,3,0,0
Nicolas Bacque,1997,Flanker,Tarbes,1,1,0,0
Cedric Soulette,1997,Prop,Beziers,13,11,2,10
Nicolas Brusque,1997,"Fullback, Wing",Pau,27,17,7,38
Pierre Mignoni,1997,Scrum-half,Toulon,28,21,6,30
Christophe Dominici,1998,"Wing, Fullback",Toulon,67,44,25,125
Thierry Cleda,1998,Lock,Soissons,9,8,0,0
Xavier Garbajosa,1998,Centre,Toulouse,32,19,6,30
Jean-Marc Aue,1998,Centre,Carmaux,1,1,0,0
Franck Comba,1998,Centre,Hyeres,13,7,2,10
Arthur Gomes,1998,Fullback,Canedo Ribeira dPena,6,5,1,5
Stephane de Besombes,1998,Prop,Perpignan,2,2,0,0
Jimmy Marlu,1998,Wing,1977,4,4,0,0
Thomas Lombard,1998,"Centre, Wing",Le Chesnay,12,5,1,5
Sylvain Marconnet,1998,Prop,Givors,84,49,3,15
Marc Raynaud,1999,Back-row,Narbonne,2,0,0,0
Pascal Giordani,1999,Centre,Belfort,2,0,0,0
David Auradou,1999,Lock,Harfleur,41,24,0,0
Christian Labit,1999,Back-row,Lezignan,17,7,0,0
Christophe Laussucq,1999,Scrum-half,Bordeaux,4,2,1,5
Jean-Luc Aqua,1999,Flanker,Aubagne,3,1,0,0
Guillaume Delmotte,1999,Centre,Frejus,2,1,2,10
Lionel Mallier,1999,Back-row,Grenoble,5,3,1,5
Olivier Sarramea,1999,"Fullback, Wing",Tarbes,4,2,2,10
Gerald Merceron,1999,Fly-half,Cognac,32,19,3,267
Eric Artiguste,1999,Centre,Lourdes,1,1,1,5
Alexandre Chazalet,1999,Flanker,Valence,1,0,0,0
David Gerard,1999,Lock,Toulon,1,0,0,0
Stephane Castaignede,1999,Scrum-half,Mont-de-Marsan,7,5,0,0
Pieter de Villiers,1999,Prop,Malmesbury,69,45,2,10
Cedric Desbrosse,1999,Centre,Givors,2,1,0,0
Legi Matiu,2000,Lock,Auckland,2,1,0,0
Sebastien Chabal,2000,No. 8,Valence,62,35,6,30
Jean Daude,2000,Lock,Nimes,1,1,0,0
Jean-Baptiste Elissalde,2000,"Fly-half, Scrum-half",La Rochelle,35,24,4,214
David Bory,2000,Wing,Vichy,18,12,2,10
Franck Belot,2000,Lock,Athis-Mons,1,0,0,0
Cedric Heymans,2000,Fullback,Brive-la-Gallarde,59,37,16,80
Alexandre Audebert,2000,Back-row,Suresnes,2,2,0,0
Frederic Cermeno,2000,Utility back,Perpignan,1,1,0,0
Patrice Collazo,2000,Prop,La Seyne-sur-Mer,1,1,0,0
Fabrice Lalanne,2000,Lock,Lagarenne,1,1,0,0
Lionel Nallet,2000,Lock,Bourg-en-Bresse,74,49,9,45
Jean-Marc Souverbie,2000,Fullback,Pau,1,1,1,5
Jean-Charles Cistacq,2000,Centre,Auch,1,1,0,0
Alessio Galasso,2000,Prop,Dakar,2,1,0,0
Olivier Milloud,2000,Prop,Saint-Vallier,50,34,1,5
Fabrice Landreau,2000,Hooker,Angouleme,4,1,0,0
Mathieu Dourthe,2000,Wing,Dax,1,1,0,0
Sebastien Bonetti,2001,"Fullback, Centre",Bergerac,3,1,2,10
Christophe Milheres,2001,Flanker,Saint-Saulve,1,0,0,0
Yannick Jauzion,2001,Centre,Castres,73,46,20,103
Nicolas Jeanjean,2001,Wing,Montpellier,9,5,2,10
Patrick Tabacco,2001,Back-row,Toulouse,18,12,1,5
Elvis Vermeulen,2001,No. 8,Senlis,10,5,1,5
Jean Bouilhou,2001,Flanker,Pau,2,0,0,0
Pepito Elhorga,2001,Fullback,Agboville,18,11,3,15
David Skrela,2001,Fly-half,Toulouse,23,15,0,112
Francois Gelez,2001,Fly-half,Tyrosse,8,5,0,81
Tony Marsh,2001,Centre,Auckland,21,14,7,35
Francis Ntamack,2001,No. 8,Lyon,1,1,0,0
Clement Poitrenaud,2001,Fullback,Castres,47,29,7,35
Thibault Privat,2001,Lock,Nimes,10,7,0,0
Aurelien Rougerie,2001,Centre,Beaumont,76,48,23,115
Damien Traille,2001,Centre,Pau,86,55,14,128
Frederic Michalak,2001,Fly-half,Toulouse,71,44,10,377
Yannick Bru,2001,Hooker,Auch,18,14,1,5
Jean-Baptiste Poux,2001,"Prop, Hooker",Beziers,42,25,3,15
Steven Hall,2002,Lock,Johannesburg,2,2,0,0
Alexandre Albouy,2002,Scrum-half,Castres,1,1,0,0
Imanol Harinordoquy,2002,No. 8,Bayonne,82,52,13,65
Sebastien Bruno,2002,Hooker,Nimes,26,14,4,20
Remy Martin,2002,Lock,Aubenas,23,13,3,15
Christophe Porcu,2002,Lock,Mauvezin,3,0,0,0
Arnaud Martinez,2002,Prop,Narbonne,2,1,0,0
Vincent Clerc,2002,Wing,Echirolles,67,42,34,170
Jean-Baptiste Rue,2002,Hooker,Nanterre,8,5,0,0
Dimitri Yachvili,2002,Scrum-half,Brive-la-Gallarde,61,37,2,373
Jerome Thion,2003,Lock,Senlis,54,36,1,5
Nicolas Mas,2003,Prop,Perpignan,78,44,0,0
Brian Liebenberg,2003,Centre,Benoni,12,9,5,25
Pascal Pape,2004,Lock,Lyon,59,34,4,20
William Servat,2004,Hooker,Saint-Gaudens,49,31,2,10
Julien Peyrelongue,2004,Fly-half,Bayonne,6,4,0,3
Julien Bonnaire,2004,Flanker,Bourgoin,75,49,6,30
Mathieu Barrau,2004,Scrum-half,Beaumont,3,2,1,5
David Couzinet,2004,Lock,Toulouse,3,2,0,0
Yannick Nyanga Kabasele,2004,Back-row,Zaire,40,26,5,25
Alexandre Peclier,2004,Fullback,Villefranche,2,2,0,33
Ludovic Valbon,2004,"Wing, Centre",Neuilly-sur-Seine,5,3,1,5
Romain Froment,2004,Back-row,Clamart,1,1,0,0
Pierre Rabadan,2004,Flanker,Aix-en-Province,2,2,0,0
Philippe Bidabe,2004,Wing,Bayonne,2,2,0,0
Bernard Goutta,2004,Flanker,Perpignan,1,1,1,5
Ludovic Loustau,2004,Scrum-half,Talence,1,1,0,0
Dimitri Szarzewski,2004,Hooker,Beziers,79,46,7,35
Gregory Lamboley,2005,Back-row,Paris,14,9,1,5
Jean-Philippe Grandclaude,2005,Centre,Frejus,3,1,0,0
Julien Laharrague,2005,Fullback,Tarbes,12,7,4,20
Benoit Baby,2005,Centre,Lavelanet,9,5,1,8
David Marty,2005,Centre,Perpignan,37,30,11,55
Julien Candelon,2005,Wing,Agen,2,0,2,10
Florian Fritz,2005,Centre,Burgundy,34,14,3,24
Romain Millo-Chluski,2005,Lock,Ris-Orangis,18,10,0,0
Denis Avril,2005,Prop,Thouars,1,0,0,0
Guilliaume Bousses,2006,Centre,Toulouse,1,0,0,0
Benjamin Boyet,2006,Fly-half,Vienne,5,1,0,11
David Attoub,2006,Prop,Valence,4,2,0,0
Thierry Dusautoir,2006,Back-row,Ivory Coas,75,38,6,30
Vincent Debaty,2006,Prop,Woluwe-Saint-Lambert,29,11,1,5
Loic Jacquet,2006,Lock,Saint-Doulchard,4,3,0,0
Lionel Beauxis,2007,Fly-half,Tarbes,20,12,1,125
Benoit August,2007,Hooker,Mont-de-Marsan,1,1,0,0
Jean-Francois Coux,2007,Wing,Grenoble,2,0,1,5
Nicolas Durand,2007,Scrum-half,Toulouse,2,0,0,0
Gregory le Corvec,2007,Back-row,Toulon,1,0,0,0
Arnaud Mignardi,2007,Centre,Auch,2,0,0,0
Julien Pierre,2007,Lock,Rodez,27,16,1,5
Benjamin Thiery,2007,Fullback,Reims,4,0,0,0
Damien Chouly,2007,No. 8,Limoges,29,11,1,5
Mickael Forest,2007,Scrum-half,Chambery,2,0,0,0
Nicolas Laharrague,2007,Fly-half,Tarbes,2,0,0,0
Franck Montanella,2007,Prop,Cannes,1,0,0,0
Olivier Olibeau,2007,Lock,Perpignan,2,0,0,0
Lionel Mazars,2007,Centre,Toulouse,2,0,0,0
Olivier Sourgens,2007,Prop,Cenon,1,0,0,0
Fulgence Ouedraogo,2007,Flanker,Ouagadougou,36,19,1,5
Julien Brugnaut,2008,Prop,Lille,2,2,0,0
Lionel Faure,2008,Prop,Montauban,8,3,0,0
Julien Malzieu,2008,Wing,Le Puy-en-Velay,20,13,5,25
Francois Trinh-Duc,2008,Fly-half,Herault,49,28,9,70
Arnaud Mela,2008,Lock,Saint-Gaudens,4,3,0,0
Morgan Parra,2008,Scrum-half,Metz,59,33,3,325
Louis Picamoles,2008,No. 8,Paris,44,20,6,30
Anthony Floch,2008,Fullback,Clermont-Ferrand,3,1,1,5
Fabien Barcella,2008,Prop,Agen,20,12,0,0
Yann David,2008,Centre,Bourgoin,4,3,0,0
Ibrahim Diarra,2008,Flanker,Savignu-sur-Orge,1,1,0,0
Guilhem Guirado,2008,Hooker,Ceret,31,15,1,5
Julien Tomas,2008,Scrum-half,Montpellier,3,2,0,0
Benoit Lecouls,2008,Prop,Agen,6,2,0,0
Alexis Palisson,2008,Wing,Montauban,21,13,2,10
Renaud Boyoud,2008,Prop,Grenoble,3,1,0,0
David Janin,2008,Centre,Tremblay-les-Gonesse,2,0,0,0
Benjamin Kayser,2008,Hooker,Paris,32,15,2,10
Thibault Lacroix,2008,Centre,Niort,2,0,0,0
Matthieu Lievremont,2008,Back-row,Perpignan,2,0,0,0
Sebastien Tillous-Borde,2008,Scrum-half,Oloron-Sainte-Marie,14,6,3,15
Pierre Correia,2008,Prop,Talence,1,0,0,0
Maxime Mermoz,2008,Centre,Epinal,30,14,3,15
Yannick Caballero,2008,Flanker,Castres,1,0,0,0
Jean-Baptiste Peyras-Loustalet,2008,Fullback,Pau,1,0,0,0
Maxime Medard,2008,Wing,Toulouse,41,24,11,58
Mathieu Bastareaud,2009,Centre,Creteil,33,17,3,15
Thomas Domingo,2009,Prop,Tulle,36,20,1,5
Julien Dupuy,2009,Scrum-half,Perigueux,8,4,0,38
Julien Puricelli,2009,Flanker,Grenoble,4,2,0,0
Julien Arias,2009,Wing,Marseille,2,1,0,0
Benjamin Fall,2009,Wing,Langon,6,3,3,15
Alexandre Lapandry,2009,Flanker,Paray-le-Monial,10,8,2,10
Luc Ducalcon,2010,Prop,La Fere,17,8,0,0
Marc Andreu,2010,Wing,Frejus,7,4,2,10
Wenceslas Lauret,2010,Flanker,Tarbes,7,1,0,0
Jerome Porical,2010,Fullback,Perpignan,4,2,0,3
Fabrice Estebanez,2010,Centre,Carcassonne,8,5,0,0
Jerome Schuster,2010,Prop,Perpignan,2,1,0,0
Benjamin Noirot,2010,Hooker,Dijon,1,1,0,0
Yoann Huget,2010,Wing,Pamiers,38,16,6,30
Raphael Lakafia,2011,No. 8,Tours,3,2,0,0
Jean-Marc Doussain,2011,Scrum-half,Toulouse,10,3,0,36
Wesley Fofana,2012,Centre,Paris,33,13,11,55
Yoann Maestri,2012,Lock,Hyeres,36,14,1,5
Jean-Marcelin Buttin,2012,Fullback,Colmar,2,0,0,0
Brice Dulin,2012,Fullback,Lot-et-Garonne,19,8,4,23
Yvan Watremez,2012,Prop,Foix,1,0,0,0
Romain Taofifenua,2012,Lock,Mont-de-Marsan,8,2,1,5
Christopher Tolofua,2012,Hooker,Frejus,4,1,0,0
Maxime Machenaud,2012,Scrum-half,Bordeaux,18,8,1,43
Christophe Samson,2012,Lock,Clermont-Ferrand,5,2,0,0
Yannick Forestier,2012,Prop,Narbonne,11,6,0,0
Jocelino Suta,2012,Lock,Port Vila,6,3,0,0
Sebastien Vahaamahina,2012,Lock,New Caledo,15,5,0,0
Antonie Claassen,2013,No. 8,Durban,6,2,0,0
Gael Fickou,2013,Centre,La Seyne-sur-Mer,11,6,1,5
Camille Lopez,2013,Fly-half,Oloron-Sainte-Marie,9,4,0,72
Adrien Plante,2013,Wing,Longjumeau,2,0,0,0
Alexandre Flanquart,2013,Lock,Cambrai,12,5,0,0
Dan Kotze,2013,Prop,Frankfort,1,0,0,0
Bernard le Roux,2013,Flanker,Moorreesburg,16,7,0,0
Remi Tales,2013,Fly-half,Mont-de-Marsan,16,4,0,0
Eddy Ben Arous,2013,Prop,Trappes,5,2,0,0
Rabah Slimani,2013,Prop,Sarcelles,15,6,0,0
Sofiane Guitoune,2013,Fullback,Algiers,3,1,1,5
Jonathan Pelissie,2013,Scrum-half,Aubergenville,1,1,0,0
Jules Plisson,2014,Fly-half,Neuilly-sur-Seine,6,4,0,20
Antoine Burban,2014,Flanker,Neuilly-sur-Seine,3,1,0,0
Hugo Bonneval,2014,Fullback,Toulouse,4,1,1,5
Brice Mach,2014,Hooker,Perpignan,3,1,0,0
Felix le Bourhis,2014,Centre,Pithiviers,1,0,0,0
Remi Lamerat,2014,Centre,Sainte-Foy-la-Grande,6,1,0,0
Alexandre Menini,2014,Prop,Basse-Ham,6,3,0,0
Alexandre Dumoulin,2014,Centre,Bourgoin,2,2,0,0
Scott Spedding,2014,Fullback,Krugersdorp,7,4,0,3
Teddy Thomas,2014,Wing,Biarritz,4,3,4,20
Uini Atonio,2014,Prop,Timaru,7,3,0,0
Xavier Chiocci,2014,Prop,Toulon,3,2,0,0
Rory Kockott,2014,Scrum-half,East London,7,4,0,11
Charles Ollivon,2014,Flanker,Saint-Pee-sur-Nivell,2,1,0,0
Loann Goujon,2015,No. 8,Combronde,5,2,0,0
Noa Nakaitaci,2015,Wing,Naluwai,2,1,1,5
