Name,Team,Debut,Position,Matches,Wins,Losses,Draws,Points,Tries,Birthplace,Birthcountry
Enrico Allevi,Italy,1929,Lock,2,1,1,0,0,0,,
Tommaso Altissimi,Italy,1929,Prop,1,0,1,0,0,0,,
Aldo Balducci,Italy,1929,No. 8,1,0,1,0,0,0,,
Vittorio Barzaghi,Italy,1929,Lock,3,2,1,0,0,0,,
Ottavio Bottonelli,Italy,1929,Hooker,6,2,4,0,3,0,Firenze,Italy
Luigi Bricchi,Italy,1929,Prop,3,2,1,0,0,0,VA,Việt Nam
Lucio Cesani,Italy,1929,Wing,4,2,2,0,0,0,,
Domenico Dondana,Italy,1929,Fullback,2,1,1,0,0,0,,
Giovanni Dora,Italy,1929,Centre,1,0,1,0,0,0,,
Alberto Modonesi,Italy,1929,Scrum-half,1,0,1,0,0,0,,
Piero Paselli,Italy,1929,Flanker,3,2,1,0,0,0,,
Carlo Raffo,Italy,1929,Prop,6,4,1,1,0,0,,
Paolo Vinci II,Italy,1929,Centre,3,2,1,0,3,1,United States,USA
Francesco Vinci III,Italy,1929,Centre,15,7,6,2,20,4,United States,USA
Pietro Vinci IV,Italy,1929,Centre,13,7,5,1,0,0,Briey,France
Amando Nisti,Italy,1929,Prop,2,1,1,0,0,0,Roma,Italy
Giovanni Paolin,Italy,1929,NA,1,0,1,0,0,0,,
Eugenio Vinci I,Italy,1929,NA,1,0,1,0,0,0,Dominican,Philippines
Giuseppe Bigi,Italy,1930,Scrum-half,2,2,0,0,0,0,,
Alberto di Bello,Italy,1930,Hooker,4,3,0,1,0,0,,
Angelo Morimondi,Italy,1930,Fullback,4,3,0,1,0,0,Milano,Italy
Ernesto Nathan,Italy,1930,Centre,1,1,0,0,0,0,,
Giuseppe Sessa,Italy,1930,Lock,1,1,0,0,0,0,,
Amerigo Centinari,Italy,1930,NA,1,1,0,0,0,0,,
Leandro Tagliabue,Italy,1930,Prop,7,4,2,1,0,0,,
Ivan Aloisio,Italy,1933,No. 8,7,5,1,1,7,1,Genova,Italy
Aurelio Cazzini,Italy,1933,Wing,15,9,4,2,12,4,MI,USA
Felice Colombo,Italy,1933,Lock,1,1,0,0,0,0,Milano,Italy
Alberto Crespi,Italy,1933,Lock,6,4,1,1,0,0,,
Giuseppe Gattoni,Italy,1933,Centre,2,2,0,0,0,0,,
Renzo Maffioli,Italy,1933,Centre,11,7,2,2,10,2,Milano,Italy
Umberto Moretti,Italy,1933,Scrum-half,7,5,1,1,0,0,Milano,Italy
Ferdinando Tozzi,Italy,1933,NA,1,1,0,0,0,0,Napoli,Italy
Fernando Trebbi,Italy,1933,Fullback,2,2,0,0,0,0,Bologna,Italy
Riccardo Aymonod,Italy,1933,Fly-half,4,2,1,1,6,2,,
Giogio Bortolini,Italy,1933,Prop,2,1,0,1,0,0,BO,Bolivia
Mario Campagna,Italy,1933,Scrum-half,8,3,3,2,3,1,Milano,Italy
Arrigo Marescalchi,Italy,1933,No. 8,3,1,1,1,3,1,,
Eraldo Sgorbati,Italy,1933,Flanker,12,5,6,1,0,0,Novi Piemonte,Italy
Ariosto Agosti,Italy,1933,NA,1,1,0,0,0,0,PV,Italy
Luigi Brighetti,Italy,1934,Flanker,1,0,0,1,0,0,,
Gastone de Angelis,Italy,1934,Lock,5,2,1,2,0,0,Lecce,Italy
Angelo Albonico,Italy,1934,Lock,10,4,5,1,0,0,Turin,Italy
Giuseppe Piana,Italy,1934,Fly-half,6,3,3,0,0,0,,
Giancarlo Zani,Italy,1934,Hooker,1,1,0,0,0,0,Milano,Italy
Orlando Maestri,Italy,1935,Prop,3,1,2,0,0,0,,
Giuseppe Visentin,Italy,1935,Flanker,9,4,5,0,18,4,Padova,Italy
Carlo Carloni,Italy,1935,Flanker,1,0,1,0,0,0,,
Riccardo Centinari,Italy,1935,Fullback,6,2,4,0,0,0,PV,Italy
Renato de Marchis,Italy,1935,Scrum-half,1,0,1,0,0,0,,
Filippo Caccia Dominioni,Italy,1935,Fly-half,2,0,2,0,0,0,,
Giulio Rizzoli,Italy,1935,Centre,3,1,2,0,4,0,,
Vincenzo Bertolotto,Italy,1936,Lock,6,2,3,1,0,0,Turin,Italy
Sandro Bonfante,Italy,1936,Hooker,2,1,1,0,0,0,,
Tommaso Fattori,Italy,1936,Prop,10,4,5,1,0,0,PG,Papua Niugini
Arturo re Garbagnati,Italy,1936,No. 8,12,6,6,0,3,1,Milano,Italy
Guglielmo Zoffoli,Italy,1936,Fullback,7,3,3,1,0,0,,
Angelo Becca,Italy,1937,Centre,4,2,1,1,0,0,,
Carlo d'Alessio,Italy,1937,Wing,5,1,3,1,6,2,,
Renato Paciucci,Italy,1937,Hooker,3,1,1,1,0,0,,
Torriglio Carraro,Italy,1937,NA,1,0,0,1,0,0,PC,Italy
Sandro Vigliano,Italy,1937,Flanker,6,4,1,1,30,2,Torino,Italy
Renato Bevilacqua,Italy,1937,Lock,9,5,4,0,0,0,Trieste,Italy
Renzo Cova,Italy,1937,Wing,7,4,3,0,15,5,,
Ugo Stenta,Italy,1937,Lock,9,5,4,0,3,1,,
Giuseppe Testoni,Italy,1937,Hooker,3,2,1,0,0,0,,
Cesare Ghezzi,Italy,1938,Scrum-half,5,2,3,0,0,0,Milano,Italy
Genesio Bonati,Italy,1939,Hooker,2,1,1,0,0,0,PR,Česko
Lorenzo Clerici,Italy,1939,Fly-half,1,0,1,0,0,0,Milano,Italy
Orazio Bracaglia,Italy,1939,Prop,1,1,0,0,0,0,,
Mario Dotti IV,Italy,1939,Wing,3,2,1,0,0,0,,
Adolfo Francese,Italy,1939,Flanker,2,1,1,0,0,0,NO,Norge
Mario Gorni,Italy,1939,Hooker,3,2,1,0,0,0,Mantova,Italy
Ausonio Alacevich,Italy,1939,NA,1,1,0,0,0,0,Zara,Hrvatska
Valerio Vagnetti,Italy,1939,Fly-half,2,1,1,0,0,0,Roma,Italy
Mario Battaglini,Italy,1940,Flanker,5,3,2,0,18,1,Rovigo,Italy
Luigi Bossi,Italy,1940,Fullback,2,1,1,0,0,0,Lonate Pozzolo,Italy
Arturo Costa,Italy,1940,Wing,3,2,1,0,3,1,Tripoli,Libya ⵍⵉⴱⵢⴰ ليبيا
Buby Farinelli,Italy,1940,Centre,5,2,3,0,0,0,Milano,Italy
Gianni Figari,Italy,1940,Prop,3,2,1,0,3,1,,
Eros Cicognani,Italy,1940,No. 8,1,1,0,0,0,0,,
Ettore Parmiggiani,Italy,1942,Fly-half,2,2,0,0,4,0,,
Guido Romano,Italy,1942,Prop,1,1,0,0,3,1,,
Piero Romano,Italy,1942,Prop,1,1,0,0,0,0,,
Enrico Zanetti,Italy,1942,Flanker,1,1,0,0,0,0,Venezia,Italy
Giuseppe Sessi,Italy,1942,NA,1,1,0,0,0,0,RE,Italy
Aldo Battagion,Italy,1948,Scrum-half,2,1,1,0,2,0,Bergamo,Italy
Francesco Battaglini,Italy,1948,Flanker,1,0,1,0,0,0,Rovigo,Italy
Vittorio Borsetto,Italy,1948,Prop,2,1,1,0,0,0,NA,
Carlo de Vecchi,Italy,1948,No. 8,1,0,1,0,0,0,Milano,Italy
Umberto Faccioli,Italy,1948,Fly-half,1,0,1,0,0,0,,
Enrico Fava,Italy,1948,Centre,2,1,1,0,5,0,,
Renzo Maini,Italy,1948,Flanker,2,1,1,0,0,0,PR,Česko
Italo Mattacchini,Italy,1948,Hooker,9,4,5,0,0,0,TE,جمهوری اسلامی‏ايران‎
Giuseppe Molinari,Italy,1948,Prop,1,0,1,0,0,0,,
Paolo Rosi,Italy,1948,Centre,12,6,6,0,21,7,Roma,Italy
Enrico Rossini,Italy,1948,Wing,6,3,3,0,6,2,Roma,Italy
Pietro Stievano,Italy,1948,Wing,8,4,4,0,6,2,Piove di Sacco,Italy
Temistocle Tedeschi,Italy,1948,Fullback,1,0,1,0,0,0,,
Vittorio Vicariotto,Italy,1948,Lock,1,0,1,0,0,0,Vicenza,Italy
Sergio Barilari,Italy,1948,Lock,3,3,0,0,0,0,Roma,Italy
Luciano Bove,Italy,1948,Lock,3,1,2,0,0,0,,
Giovanni Favretto,Italy,1948,Prop,2,1,1,0,0,0,,
Piero Gabrielli,Italy,1948,Flanker,5,2,3,0,3,1,Roma,Italy
Primo Masci,Italy,1948,Flanker,9,4,5,0,6,2,Parma,Italy
Fulvio Pitorri,Italy,1948,Wing,2,1,1,0,3,1,,
Silvano Tartaglini,Italy,1948,Fullback,8,4,4,0,0,0,Roma,Italy
Mario Pisaneschi,Italy,1948,Scrum-half,12,7,5,0,6,1,Parma,Italy
Giovanni Bonino,Italy,1949,Flanker,1,0,1,0,0,0,,
Giogio Dagnini,Italy,1949,Scrum-half,1,0,1,0,0,0,,
Sergio Lanfranchi,Italy,1949,Back-row,21,7,14,0,36,4,Parma,Italy
Piero Marini,Italy,1949,Fly-half,7,4,3,0,9,1,Roma,Italy
Umberto Silvestri,Italy,1949,Lock,2,0,2,0,0,0,Roma,Italy
Mario Turcato,Italy,1949,Prop,2,1,1,0,0,0,RO,România
Angelo Arrigoni,Italy,1949,Wing,1,0,1,0,0,0,CR,Costa Rica
Giulio Cherubini,Italy,1949,Flanker,2,1,1,0,3,1,Roma,Italy
Gianni del Bono,Italy,1951,Wing,1,1,0,0,0,0,Parma,Italy
Paolo Favaretto,Italy,1951,Hooker,1,1,0,0,0,0,Padova,Italy
Romildo Gabanella,Italy,1951,Prop,2,2,0,0,0,0,Rovigo,Italy
Rodolfo Giuliani,Italy,1951,No. 8,1,1,0,0,0,0,Roma,Italy
Fausto Perrone,Italy,1951,Scrum-half,1,1,0,0,0,0,L'Aquila,Italy
Leonardo Riccioni,Italy,1951,Lock,7,4,3,0,0,0,Roma,Italy
Paolo Dari,Italy,1951,Lock,8,6,2,0,19,3,RO,România
Gianni Aiolfi,Italy,1952,No. 8,6,3,3,0,3,1,Parma,Italy
Aldo Cecchetto-Milani,Italy,1952,Scrum-half,3,2,1,0,8,0,Rovigo,Italy
Lamberto de Santis,Italy,1952,Hooker,1,1,0,0,0,0,Roma,Italy
Giorgio Fornari,Italy,1952,Prop,16,10,6,0,3,1,Parma,Italy
Enzo Gerosa,Italy,1952,Wing,7,5,2,0,15,5,Milano,Italy
Francis Martinenghi,Italy,1952,Centre,2,2,0,0,0,0,Milano,Italy
Riccardo Santopadre,Italy,1952,Fly-half,5,3,2,0,0,0,Macerata,Italy
Luciano Turcato,Italy,1952,Prop,5,4,1,0,2,0,MN,USA
Carlo Zucchi,Italy,1952,Centre,2,1,1,0,0,0,Milano,Italy
Giorgio Grasselli,Italy,1952,Prop,1,1,0,0,0,0,Roma,Italy
Mimmo Mancini,Italy,1952,Hooker,12,7,5,0,3,1,Parma,Italy
Emilio Andina,Italy,1952,Centre,2,0,2,0,0,0,Pesaro,Italy
Mario Percudani,Italy,1952,No. 8,9,5,4,0,9,3,Parma,Italy
Giancarlo Malosti,Italy,1953,Flanker,7,2,5,0,3,1,Rovigo,Italy
Nando Barbini,Italy,1953,Fullback,13,10,3,0,19,2,Milano,Italy
Romano Bettarello,Italy,1953,Centre,2,2,0,0,0,0,RO,România
Gianfranco Zanchi,Italy,1953,No. 8,5,5,0,0,0,0,,
Italo Scodavolpe,Italy,1954,Lock,1,1,0,0,0,0,Pescara,Italy
Remo Zanatta,Italy,1954,Centre,2,1,1,0,0,0,Treviso,Italy
Sergio Silvestri,Italy,1954,Wing,1,0,1,0,0,0,Roma,Italy
Andrea Taveggia,Italy,1954,Prop,16,8,8,0,11,1,Milano,Italy
Alberto Comin,Italy,1955,Centre,8,4,4,0,9,0,Padova,Italy
Antonio Danieli,Italy,1955,Prop,5,3,2,0,0,0,,
Ciano Luise I,Italy,1955,Wing,10,6,4,0,3,1,Padova,Italy
Aldo Mioni,Italy,1955,Fly-half,4,1,3,0,0,0,AQ,Antarctica
Gianni Riccardi,Italy,1955,Lock,7,4,3,0,0,0,BS,The Bahamas
Matteo Silini,Italy,1955,Lock,8,5,3,0,0,0,PR,Česko
Ivano Ponchia,Italy,1955,Wing,7,3,4,0,0,0,Padova,Italy
Maurizio Carli,Italy,1955,Fly-half,2,2,0,0,0,0,Parma,Italy
Franco Perrini,Italy,1955,Fullback,11,4,7,0,22,0,Roma,Italy
Gastone Cecchetto,Italy,1955,Centre,1,0,1,0,0,0,Rovigo,Italy
Franco Frelich,Italy,1955,Prop,5,3,2,0,0,0,Treviso,Italy
Carlo Cantoni,Italy,1956,Wing,4,3,1,0,6,2,Milano,Italy
Lollo Levorato,Italy,1956,Prop,15,5,10,0,3,1,VE,Italy
Paolo Pescetto,Italy,1956,Wing,3,2,1,0,9,3,Genova,Italy
Giovanni Raisi,Italy,1956,Lock,7,4,3,0,0,0,RO,România
Ferdinando Sartorato,Italy,1956,Scrum-half,3,1,2,0,0,0,TV,Italy
Lamberto Simonelli,Italy,1956,Centre,6,3,3,0,3,1,Roma,Italy
Arturo Zucchello,Italy,1956,Fly-half,2,1,1,0,0,0,Treviso,Italy
Giuseppe Bottacin,Italy,1956,Scrum-half,1,1,0,0,0,0,Padova,Italy
Guglielmo Geremia,Italy,1956,Prop,1,1,0,0,0,0,Padova,Italy
Guglielmo Colussi,Italy,1957,Fullback,7,3,4,0,0,0,Roma,Italy
Natale Molari,Italy,1957,Wing,2,1,1,0,0,0,,
Enrico Saibene,Italy,1957,Fly-half,2,1,1,0,0,0,Milano,Italy
Sergio Brusin,Italy,1957,Scrum-half,1,1,0,0,0,0,UD,Italy
Giancarlo Busson,Italy,1957,Fullback,10,5,5,0,7,0,Trieste,Italy
Giancarlo Navarrini,Italy,1957,Hooker,2,2,0,0,3,1,La Spezia,Italy
Riccardo Saetti,Italy,1957,Lock,9,4,5,0,0,0,Venezia,Italy
Luciano Valtorta,Italy,1957,Flanker,2,1,1,0,0,0,Brescia,Italy
Ottorino Bettarello,Italy,1958,Scrum-half,3,1,2,0,0,0,Rovigo,Italy
Enzo Bellinazzo,Italy,1958,Wing,14,6,7,1,3,1,RO,România
Gastone Biadene,Italy,1958,Centre,2,1,1,0,0,0,,
Massimo Braga,Italy,1958,Scrum-half,1,1,0,0,0,0,Brescia,Italy
Antonio di Zitti,Italy,1958,Flanker,22,12,9,1,25,0,AQ,Antarctica
Paolo Quintavalla,Italy,1958,Lock,1,1,0,0,0,0,Parma,Italy
Pietro Sguario,Italy,1958,Wing,6,3,3,0,3,1,Abbazia Fiume,Hrvatska
Lucio Avigo,Italy,1959,Hooker,11,4,6,1,0,0,Brescia,Italy
Roberto Luise III,Italy,1959,Centre,15,5,9,1,3,1,Padova,Italy
Roberto Martini,Italy,1959,Fly-half,10,5,5,0,31,0,AR,Argentina
Zefferino Rossi,Italy,1959,No. 8,6,2,4,0,0,0,TV,Italy
Alfio Angioli,Italy,1960,Prop,8,3,5,0,3,1,Palermo,Italy
Gian Maria del Bono,Italy,1960,Wing,10,4,6,0,3,1,Brescia,Italy
Elio Fusco,Italy,1960,Scrum-half,11,3,8,0,6,2,Napoli,Italy
Basilio Rovelli,Italy,1960,Hooker,4,2,2,0,0,0,BG,Bulgaria
Franco Zani,Italy,1960,Lock,11,3,7,1,0,0,BS,The Bahamas
Angelo Autore,Italy,1961,Fullback,12,8,3,1,13,1,AQ,Antarctica
Erasmo Augeri,Italy,1962,Fly-half,4,1,3,0,3,1,Napoli,Italy
Giorgio Troncon,Italy,1962,Centre,12,5,6,1,3,1,Padova,Italy
Vittorio Ambron,Italy,1962,Wing,24,13,9,2,42,10,Benevento,Italy
Giorgio Ricciarelli,Italy,1962,Lock,1,1,0,0,0,0,Milano,Italy
Marco Bollesan,Italy,1963,No. 8,47,19,25,3,24,7,VE,Italy
Giancarlo Degli Antoni,Italy,1963,Flanker,6,1,4,1,3,1,,
Franco Piccinini,Italy,1963,Lock,3,1,2,0,0,0,Milano,Italy
Giuseppe Martini,Italy,1965,Centre,3,1,2,0,0,0,AR,Argentina
Ivo Mazzucchelli,Italy,1965,Lock,20,10,7,3,8,2,Roma,Italy
Gianni Romagnoli,Italy,1965,Prop,4,2,2,0,0,0,Roma,Italy
Carlo Salmaso,Italy,1965,Wing,2,0,2,0,3,1,,
Domenico Armellin,Italy,1965,Prop,9,7,1,1,3,1,Treviso,Italy
Umberto Conforto,Italy,1965,Scrum-half,17,10,6,1,6,2,Novara,Italy
Ettore Giugovaz,Italy,1965,Fullback,2,1,1,0,0,0,Venezia,Italy
Franco Mazzantini,Italy,1965,Prop,3,1,2,0,0,0,LI,Liechtenstein
Romano Sciacol,Italy,1965,Centre,1,1,0,0,0,0,Livorno,Italy
Francesco Soro II,Italy,1965,Fly-half,4,2,1,1,0,0,Milano,Italy
Eugenio Speziali,Italy,1965,Lock,1,1,0,0,2,0,Roma,Italy
Andrea d'Alberton,Italy,1966,Centre,5,1,3,1,0,0,,
Oreste Vene',Italy,1966,Hooker,1,0,1,0,0,0,Parma,Italy
Gastone Giani,Italy,1966,Centre,5,2,2,1,0,0,Bologna,Italy
Luciano Modonesi,Italy,1966,Fullback,17,10,5,2,6,2,Brescia,Italy
Loreto Cucchiarelli,Italy,1966,Flanker,2,1,1,0,0,0,RI,USA
Carlo Prosperini,Italy,1966,Prop,4,2,2,0,3,1,L'Aquila,Italy
Franco Gargiulo,Italy,1967,Lock,4,2,2,0,0,0,Roma,Italy
Adriano Agujari,Italy,1967,Wing,1,1,0,0,0,0,,
Luciano Bosciano,Italy,1967,Scrum-half,1,1,0,0,0,0,Napoli,Italy
Franco Cioni,Italy,1967,Flanker,10,8,2,0,9,3,Roma,Italy
Mauro Gatto,Italy,1967,Centre,2,1,1,0,0,0,Roma,Italy
Giampiero Ricci,Italy,1967,Fly-half,5,4,1,0,3,0,L'Aquila,Italy
Uriele Silvestri,Italy,1967,Hooker,4,3,1,0,0,0,Roma,Italy
Dalmazio Bertoli,Italy,1967,Lock,1,0,1,0,0,0,,
Maurizio Bocconcelli,Italy,1967,Prop,1,0,1,0,0,0,Roma,Italy
Mauro Mattei,Italy,1967,Wing,1,0,1,0,0,0,Firenze,Italy
Roberto Cinelli,Italy,1968,Flanker,2,2,0,0,0,0,FR,France
Massimo Gini,Italy,1968,Prop,17,10,6,1,3,1,Roma,Italy
Giuseppe Giorgio,Italy,1968,No. 8,2,2,0,0,0,0,,
Marco Pulli,Italy,1968,Centre,3,2,0,1,0,0,Parma,Italy
Ettore Abbiati,Italy,1968,Prop,11,4,6,1,7,2,CR,Costa Rica
Claudio Della Valle,Italy,1968,Centre,6,4,2,0,3,0,TV,Italy
Fernando Pignotti,Italy,1968,Centre,5,5,0,0,9,3,,
Erminio Sgorbati,Italy,1968,Flanker,2,2,0,0,0,0,,
Adolfo Gerardo,Italy,1968,Hooker,6,4,2,0,0,0,AV,Italy
Andrea Miele,Italy,1968,Prop,5,2,2,1,0,0,AV,Italy
Franco Valier,Italy,1968,Flanker,7,2,4,1,0,0,VE,Italy
Maurizio Finocchi,Italy,1968,Centre,8,4,4,0,3,1,Roma,Italy
Walter Rista,Italy,1968,Wing,5,4,1,0,9,3,CN,中国
Lucio Boccaletto,Italy,1969,Flanker,13,5,6,2,3,1,TV,Italy
Raffaele D'Orazio,Italy,1969,Hooker,1,1,0,0,0,0,Napoli,Italy
Pierluigi Pacifici,Italy,1969,Wing,9,5,4,0,19,2,L'Aquila,Italy
Luigi Bettella,Italy,1969,Lock,3,2,1,0,0,0,Padova,Italy
Italo Vittorini,Italy,1969,NA,1,1,0,0,0,0,L'Aquila,Italy
Alessandro Brunelli,Italy,1969,Hooker,3,2,1,0,0,0,Bologna,Italy
Elio Michelon,Italy,1969,Wing,7,4,3,0,34,5,Padova,Italy
Giancarlo Delli Ficorilli,Italy,1969,Hooker,1,0,1,0,0,0,AN,Spain
Rocco Caligiuri,Italy,1969,Fullback,26,10,16,0,31,2,RC,Italy
Gianmatteo Cecchin,Italy,1970,Fly-half,5,1,3,1,3,0,VI,Österreich
Lelio Lazzarini,Italy,1970,Fullback,24,6,15,3,70,0,Padova,Italy
Guido Porzio,Italy,1970,Lock,3,3,0,0,0,0,,
Corrado Possamai,Italy,1970,Prop,3,3,0,0,0,0,Treviso,Italy
Luigi Bernabo,Italy,1970,Lock,5,2,2,1,0,0,La Spezia,Italy
Angelo Sagramora,Italy,1970,Scrum-half,3,2,1,0,0,0,Venezia,Italy
Aldo Caluzzi,Italy,1970,Wing,11,3,6,2,6,0,Genova,Italy
Pietro Monfeli,Italy,1970,Hooker,13,3,8,2,0,0,VT,USA
Isidoro Quaglio,Italy,1970,Lock,15,4,10,1,0,0,Rovigo,Italy
Angelo Visentin,Italy,1970,Scrum-half,23,8,12,3,18,3,Rovigo,Italy
Umberto Cossara,Italy,1971,Flanker,24,7,13,4,4,1,Trieste,Italy
Francesco di Maura,Italy,1971,Lock,1,0,1,0,0,0,Catania,Italy
Francesco Dotto,Italy,1971,Wing,5,1,2,2,11,3,Treviso,Italy
Loris Salsi,Italy,1971,Flanker,28,10,14,4,4,1,RE,Italy
Giuseppe Puglisi,Italy,1971,No. 8,3,1,1,1,3,1,Catania,Italy
Romano Baraldi,Italy,1971,Wing,1,0,1,0,0,0,MN,USA
Savino Colombini,Italy,1971,Prop,1,0,1,0,0,0,TR,Türkiye
Ettore Piras,Italy,1971,NA,1,0,1,0,0,0,Venezia,Italy
Faustino Crepaz,Italy,1972,Wing,1,0,0,1,0,0,TN,Tunisie ⵜⵓⵏⵙ تونس
Agostino Puppo,Italy,1972,Centre,20,4,14,2,4,1,Genova,Italy
Giancarlo Cecotti,Italy,1972,No. 8,2,1,1,0,0,0,UD,Italy
Mario Galletto,Italy,1972,Fly-half,3,2,1,0,0,0,Trieste,Italy
Paolo Paoletti,Italy,1972,Hooker,20,7,12,1,0,0,RM,Italy
Giovanni di Cola,Italy,1972,Centre,3,0,2,1,0,0,Acciano.AQ,Italy
Ambrogio Bona,Italy,1972,Prop,50,23,24,3,4,1,MI,USA
Franco Paganelli,Italy,1972,NA,1,0,0,1,0,0,Roma,Italy
Salvatore Bonetti,Italy,1972,No. 8,34,12,20,2,12,3,BS,The Bahamas
Elio de Anna,Italy,1972,Wing,27,12,13,2,32,8,PN,Pitcairn Islands
Adriano Fedrigo,Italy,1972,Lock,41,17,21,3,8,2,VE,Italy
Nello Francescato,Italy,1972,Centre,42,15,25,2,24,6,CA,Canada
Fabio Gargiullo,Italy,1972,Centre,1,1,0,0,0,0,Roma,Italy
Manrico Marchetto,Italy,1972,Wing,43,19,19,5,84,21,Treviso,Italy
Francesco Vialetto,Italy,1972,Fullback,1,1,0,0,9,0,NA,
Giorgio Lari,Italy,1972,Fly-half,8,4,4,0,24,0,Roma,Italy
Edano Cottafava,Italy,1973,Wing,1,0,1,0,0,0,Novi di Modena,Italy
Paolo Fedrigo,Italy,1973,Prop,1,0,1,0,0,0,VE,Italy
Mario Piovan,Italy,1973,Lock,10,1,9,0,0,0,Padova,Italy
Crescenzo Vitelli,Italy,1973,Hooker,5,2,2,1,0,0,NA,Norge
Anacleto Altigieri,Italy,1973,Prop,27,12,14,1,0,0,VT,USA
Gerardo Cinti,Italy,1973,Wing,3,0,3,0,0,0,Roma,Italy
Gilberto Luchini,Italy,1973,Centre,2,0,2,0,0,0,Roma,Italy
Andrea Selvaggio,Italy,1973,Wing,6,1,5,0,0,0,Genova,Italy
Antonio Spagnoli,Italy,1973,NA,1,0,1,0,0,0,RM,Italy
Antonio Rocca,Italy,1973,No. 8,4,0,4,0,0,0,Padova,Italy
Arturo Bergamasco,Italy,1973,Flanker,4,1,3,0,0,0,NA,
Renzo Ganzerla,Italy,1973,Wing,2,0,2,0,0,0,VE,Italy
Luigi Mattarolo,Italy,1973,Fullback,7,1,5,1,31,1,Padova,Italy
Fabio Molinari,Italy,1973,Centre,1,0,1,0,0,0,Piacenza,Italy
Marco Pitorri,Italy,1973,NA,1,0,1,0,0,0,Roma,Italy
Carlo Loranzi,Italy,1973,Flanker,5,1,4,0,0,0,Piacenza,Italy
Paolo Gargiullo,Italy,1973,Scrum-half,4,0,4,0,0,0,Roma,Italy
Franco Baraldi,Italy,1973,Flanker,15,6,8,1,0,0,MN,USA
Giancarlo Checchinato,Italy,1973,Lock,5,3,1,1,0,0,RO,România
Ennio Ponzi,Italy,1973,Fly-half,20,10,8,2,133,0,L'Aquila,Italy
Nino Rossi,Italy,1973,Wing,16,10,6,0,12,3,RO,România
Raffaello Salvan,Italy,1973,Centre,2,2,0,0,7,1,RO,România
Pietro Vezzani,Italy,1973,Centre,10,6,3,1,12,3,NA,
Bernadino di Cola,Italy,1973,Centre,1,0,1,0,0,0,Acciano.AQ,Italy
Antonio Tassin,Italy,1973,Flanker,1,0,1,0,0,0,RO,România
Mauro Zingarelli,Italy,1973,Hooker,1,0,1,0,0,0,TE,جمهوری اسلامی‏ايران‎
Giancarlo Cucchiella,Italy,1973,Prop,22,9,12,1,4,1,L'Aquila,Italy
Pasquale Presutti,Italy,1974,Prop,8,2,5,1,0,0,AQ,Antarctica
Edoardo Scalzotto,Italy,1974,Centre,3,0,3,0,4,1,Padova,Italy
Evelino Aio,Italy,1974,Scrum-half,1,1,0,0,4,1,L'Aquila,Italy
Fiorenzo Blessano,Italy,1975,Centre,21,10,9,2,16,4,TV,Italy
Fulvio di Carlo,Italy,1975,Prop,13,7,5,1,4,1,AQ,Antarctica
Paolo Ferracin,Italy,1975,Hooker,10,5,4,1,0,0,RO,România
Pierluigi Camiscioni,Italy,1975,Lock,7,3,4,0,0,0,San Benedetto Tronto,Italy
Antonio Falancia,Italy,1975,Scrum-half,2,1,1,0,0,0,L'Aquila,Italy
Gianni Franceschini,Italy,1975,Scrum-half,11,4,6,1,4,1,Venezia,Italy
Fabrizio Gaetaniello,Italy,1975,Fullback,39,19,16,4,23,5,Livorno,Italy
Eusebio Passarotto,Italy,1975,NA,1,1,0,0,0,0,,
Giorgio Morelli,Italy,1976,Hooker,26,12,13,1,12,3,L'Aquila,Italy
Paolo Mariani,Italy,1976,Flanker,22,10,12,0,16,4,NA,
Narcisio Zanella,Italy,1976,Flanker,8,5,3,0,0,0,Rovigo,Italy
Ercole Manni,Italy,1976,Scrum-half,5,3,2,0,8,2,Roma,Italy
Rino Francescato,Italy,1976,Centre,38,19,18,1,12,3,Treviso,Italy
Claudio Appiani,Italy,1976,Lock,5,1,4,0,0,0,BS,The Bahamas
Serafino Ghizzoni,Italy,1977,Wing,60,27,30,3,77,17,L'Aquila,Italy
Massimo Mascioletti,Italy,1977,Wing,54,27,24,3,68,17,L'Aquila,Italy
Sabatino Pace,Italy,1977,Flanker,3,2,1,0,0,0,L'Aquila,Italy
Andrea Rinaldo,Italy,1977,Lock,4,2,2,0,0,0,Venezia,Italy
Alessandro Zanella,Italy,1977,Fullback,1,0,1,0,0,0,Rovigo,Italy
Carlo Casagrande,Italy,1977,NA,1,0,1,0,0,0,Treviso,Italy
Giuseppe Artuso,Italy,1977,Flanker,31,12,16,3,4,1,Reggio Calabria,Italy
Crescenzo Bentivoglio,Italy,1977,Fullback,1,0,1,0,0,0,Reggio Calabria,Italy
Luciano Borsetto,Italy,1977,Prop,1,0,1,0,0,0,Rovigo,Italy
Oscar Collodo,Italy,1977,Fly-half,15,4,9,2,47,2,Switzerlan,
Andrea Lijoi,Italy,1977,Lock,5,2,2,1,0,0,Roma,Italy
Paolo Pavesi,Italy,1977,Hooker,3,1,2,0,0,0,PR,Česko
Lucio Pelliccione,Italy,1977,Centre,1,0,1,0,0,0,L'Aquila,Italy
Bruno Francescato,Italy,1977,Centre,7,2,4,1,0,0,CA,Canada
Nick Screnci,Italy,1977,Prop,9,3,4,2,4,1,United States,USA
Loredano Zuin,Italy,1977,Fly-half,7,4,3,0,38,0,Rovigo,Italy
Claudio Robazza,Italy,1978,Hooker,33,15,15,3,4,1,Treviso,Italy
Giafranco Barbini,Italy,1978,NA,1,0,1,0,0,0,Venezia,Italy
Bruno Ancillotti,Italy,1978,Scrum-half,4,2,2,0,0,0,Roma,Italy
Stefano Bettarello,Italy,1979,Fly-half,55,26,25,4,483,7,Rovigo,Italy
Luciano Catotti,Italy,1979,No. 8,2,1,0,1,0,0,Catania,Italy
Donato Daldoss,Italy,1979,Lock,5,3,1,1,0,0,BS,The Bahamas
Giorgio Fanton,Italy,1979,NA,1,1,0,0,0,0,Treviso,Italy
Luca Bonaiti,Italy,1979,Wing,2,1,1,0,0,0,Padova,Italy
Giancarlo Pivetta,Italy,1979,"Hooker, Prop",53,30,20,3,20,5,VE,Italy
Concetto Angelozzi,Italy,1979,Scrum-half,3,1,1,1,0,0,Catania,Italy
Franco Bargelli,Italy,1979,Flanker,14,6,7,1,8,2,RM,Italy
Louis Basei,Italy,1979,Lock,15,5,9,1,4,1,Nerac,France
Gianluca Limone,Italy,1979,Centre,10,5,3,2,8,2,Roma,Italy
Fulvio Lorigiola,Italy,1979,Scrum-half,34,14,18,2,8,2,Padova,Italy
Andrea Angrisani,Italy,1979,No. 8,7,4,3,0,4,1,Roma,Italy
Fabio Trentin,Italy,1979,Fly-half,5,2,3,0,17,0,Padova,Italy
Massimo Trippitelli,Italy,1979,Lock,9,6,3,0,0,0,L'Aquila,Italy
Claudio Torresan,Italy,1980,Fullback,21,9,11,1,21,0,VE,Italy
Stefano Annibal,Italy,1980,Lock,23,13,9,1,0,0,Treviso,Italy
Fabrizio Sintich,Italy,1980,Flanker,6,2,4,0,0,0,Nairobi,Kenya
Claudio Tinari,Italy,1980,No. 8,19,10,8,1,4,1,Roma,Italy
Renato de Bernardo,Italy,1980,Prop,24,10,13,1,8,2,BL,Italy
Mario Pavin,Italy,1980,Flanker,8,2,5,1,0,0,Treviso,Italy
Fabio Gaetaniello,Italy,1980,Centre,30,15,14,1,20,5,Livorno,Italy
Alberto Osti,Italy,1981,Wing,14,5,8,1,4,1,Rovigo,Italy
Gianni Zanon,Italy,1981,Flanker,45,22,21,2,36,9,Treviso,Italy
Mauro Gardin,Italy,1981,Lock,25,12,11,2,4,1,Padova,Italy
Claudio Jannone,Italy,1981,Flanker,3,1,1,1,0,0,Treviso,Italy
Guido Rossi,Italy,1981,Prop,45,17,25,3,0,0,Treviso,Italy
Alessandro Ghini,Italy,1981,Scrum-half,26,12,12,2,0,0,Parma,Italy
Andrea Azzali,Italy,1981,Wing,16,9,6,1,20,5,Parma,Italy
Marzio Innocenti,Italy,1981,Flanker,42,19,21,2,8,2,Livorno,Italy
Giancarlo Morelli,Italy,1981,Centre,6,4,2,0,0,0,L'Aquila,Italy
Claudio Colusso,Italy,1982,Centre,1,0,1,0,0,0,Treviso,Italy
Mario Nicolosi,Italy,1982,Lock,1,1,0,0,0,0,CT,USA
Alessandro Fusco,Italy,1982,Scrum-half,5,4,1,0,0,0,Napoli,Italy
Stefano Romagnoli,Italy,1982,Prop,15,11,4,0,0,0,Bologna,Italy
Antonio Colella,Italy,1983,Lock,41,19,21,1,8,2,Roma,Italy
Luigi de Joanni,Italy,1983,Centre,21,9,12,0,0,0,Benevento,Italy
Edgardo Venturi,Italy,1983,Wing,28,15,13,0,46,11,BO,Bolivia
Luca Pelliccione,Italy,1983,Flanker,3,2,1,0,0,0,Orthez,France
Mario Fumei,Italy,1984,No. 8,1,0,1,0,0,0,VE,Italy
Giovanni Petralia,Italy,1984,Lock,1,0,1,0,0,0,Catania,Italy
Mariano Crescenzo,Italy,1984,Scrum-half,1,1,0,0,0,0,"Paganica, L'Aquila",Italy
Mauro Quaglio,Italy,1984,Prop,3,1,2,0,0,0,Rovigo,Italy
Raffaele Dolfato,Italy,1985,Flanker,9,3,6,0,0,0,Treviso,Italy
Roberto Corvo,Italy,1985,No. 8,3,2,1,0,0,0,Roma,Italy
Franco Berni,Italy,1985,Lock,10,3,6,1,0,0,Alessandria,Italy
Stefano Barba,Italy,1985,Centre,35,17,17,1,30,7,Roma,Italy
Antonio Galeazzo,Italy,1985,Hooker,5,2,3,0,0,0,Padova,Italy
Filipo Vittadello,Italy,1985,Fullback,2,2,0,0,4,1,Padova,Italy
Francesco Salvadego,Italy,1985,Flanker,1,1,0,0,0,0,Padova,Italy
Daniele Tebaldi,Italy,1985,Fullback,15,5,10,0,7,1,Parma,Italy
Stefano Boccazzi,Italy,1985,Scrum-half,2,1,1,0,0,0,MN,USA
Sergio Appiani,Italy,1985,Flanker,4,2,2,0,4,1,BS,The Bahamas
Luigi Troiani,Italy,1985,Fullback,47,23,24,0,294,2,NA,Norge
Sergio Zorzi,Italy,1985,Centre,7,3,4,0,0,0,Treviso,Italy
Alvise Russo,Italy,1986,No. 8,1,0,0,1,0,0,Treviso,Italy
Marcello Cuttitta,Italy,1987,Wing,54,25,28,1,110,25,Latina,Italy
Piergianni Farina,Italy,1987,Flanker,3,1,2,0,0,0,V,Việt Nam
Tito Lupini,Italy,1987,Prop,11,2,9,0,0,0,Johannesburg,SouthAfrica
Rodolfo Ambrosio,Italy,1987,Centre,12,3,9,0,13,1,Cordoba,Argentina
Francesco Pietrosanti,Italy,1987,Scrum-half,25,12,13,0,20,5,L'Aquila,Italy
Pietro Reale,Italy,1987,Flanker,7,2,5,0,4,1,Rovigo,Italy
Luigi Salvati,Italy,1987,Wing,3,0,3,0,0,0,Roma,Italy
Carlo de Biase,Italy,1987,Wing,3,1,2,0,4,1,Roma,Italy
Massimo Bonomi,Italy,1988,Centre,34,16,18,0,93,6,Brescia,Italy
Corrado Covi,Italy,1988,No. 8,19,4,15,0,4,1,Belluno,Italy
Roberto Favaro,Italy,1988,Lock,42,18,24,0,5,1,Venezia,Italy
Moreno Trevisiol,Italy,1988,Hooker,8,0,8,0,0,0,Treviso,Italy
Carlo Pratichetti,Italy,1988,Hooker,2,1,1,0,0,0,Roma,Italy
Roberto Saetti,Italy,1988,Flanker,19,9,10,0,4,1,Padova,Italy
Massimo Brunello,Italy,1988,Wing,8,5,3,0,15,3,RO,România
Giulio Morelli,Italy,1988,Centre,3,0,3,0,0,0,L'Aquila,Italy
Vittorio Pesce,Italy,1988,No. 8,2,0,2,0,0,0,Treviso,Italy
Luigi Capitani,Italy,1989,Fly-half,6,2,4,0,13,1,Parma,Italy
Giovanni Grespan,Italy,1989,Prop,20,12,8,0,5,1,Treviso,Italy
Enrico Ceselin,Italy,1989,Wing,2,0,2,0,4,1,Treviso,Italy
Guido Porcellato,Italy,1989,Flanker,1,0,1,0,0,0,Treviso,Italy
Alessandro Caranci,Italy,1989,NA,1,0,1,0,0,0,Roma,Italy
Massimo Bimbati,Italy,1989,Wing,1,1,0,0,0,0,Rovigo,Italy
Mose de Stefani,Italy,1989,Hooker,1,1,0,0,0,0,Rovigo,Italy
Pierpaolo Pedroni,Italy,1989,"Lock, No. 8",25,11,14,0,10,2,Cremona,Italy
Massimo Giovanelli,Italy,1989,Flanker,60,27,32,1,19,4,Parma,Italy
Massimo Cuttitta,Italy,1990,Prop,69,32,36,1,29,6,Latina,Italy
Franco Properzi-Curti,Italy,1990,Prop,54,21,32,1,15,3,Derha Dun,
Mauro Tommasi,Italy,1990,Centre,7,5,2,0,10,2,Brindisi,Italy
Umberto Casellato,Italy,1990,Scrum-half,10,8,2,0,5,1,Treviso,Italy
Carlo Checchinato,Italy,1990,Lock,83,31,51,1,105,21,RO,România
Giambattista Croci,Italy,1990,Lock,24,14,9,1,13,3,"San Benedetto del Tronto, Ascoli",Italy
Massimo Goti,Italy,1990,Hooker,1,1,0,0,0,0,Livorno,Italy
Stefano Bordon,Italy,1990,Centre,29,13,16,0,5,1,Rovigo,Italy
Ivan Francescato,Italy,1990,Centre,38,16,21,1,77,16,Treviso,Italy
Antonio Piazza,Italy,1990,Prop,1,1,0,0,0,0,VE,Italy
Gustavo Milano,Italy,1982,Lock,33,16,15,2,24,6,Rosario,Argentina
Diego Dominguez,Italy,1989,Fly-half,76,29,46,1,1010,9,Cordoba,Argentina
Paolo Vaccari,Italy,1991,Centre,64,27,36,1,107,22,BS,The Bahamas
Alessandro Bottacchiari,Italy,1991,Flanker,6,4,2,0,9,2,"Foligno, Perugia",Italy
Walter Cristofoletto,Italy,1992,Lock,31,11,19,1,5,1,Treviso,Italy
Daniele Sesenna,Italy,1992,Lock,5,4,1,0,0,0,Piacenza,Italy
Tito Ciccio,Italy,1992,No. 8,5,3,2,0,0,0,Messina,Italy
Julian Gardner,Italy,1987,Flanker,24,12,12,0,20,4,QLD,Australia
Mark Giacheri,Italy,1992,Flanker,48,15,33,0,0,0,NSW,Australia
Ramiro Cassina,Italy,1992,Lock,2,1,1,0,0,0,Villa Elisa,Argentina
Carlo Orlandi,Italy,1992,Hooker,42,18,23,1,20,4,Piacenza,Italy
Stefano Rigo,Italy,1992,Flanker,4,2,2,0,15,3,Treviso,Italy
Piero Dotto,Italy,1993,Fullback,4,4,0,0,15,3,Treviso,Italy
Fabio Coppo,Italy,1993,No. 8,5,4,1,0,5,1,Padova,Italy
Mauro dal Sie,Italy,1993,Prop,7,2,5,0,0,0,VE,Italy
Hector de Marco,Italy,1993,"Scrum-half, Fly-half",1,1,0,0,0,0,Cordoba,Argentina
Gabriel Filizzola,Italy,1993,Centre,12,9,3,0,72,5,Mendoza,Argentina
Alessandro Moscardi,Italy,1993,Hooker,44,10,34,0,30,6,Rovigo,Italy
Leonardo Perziano,Italy,1993,Wing,1,1,0,0,5,1,Treviso,Italy
Giuliano Faltiba',Italy,1993,Scrum-half,1,1,0,0,0,0,VE,Italy
Andrea Sgorlon,Italy,1993,Flanker,37,17,19,1,10,2,VE,Italy
Massimiliano Capuzzoni,Italy,1993,Flanker,2,2,0,0,0,0,Milano,Italy
Massimo Ravazzolo,Italy,1993,"Fullback, Wing",23,10,12,1,15,3,BS,The Bahamas
Vittorio d'Anna,Italy,1993,Wing,1,1,0,0,0,0,Benevento,Italy
Orazio Arancio,Italy,1993,Flanker,34,12,22,0,10,2,Catania,Italy
Danilo Beretta,Italy,1993,Flanker,1,1,0,0,0,0,Bergamo,Italy
Roberto Crotti,Italy,1993,Wing,2,1,1,0,0,0,Milano,Italy
Nicola Aldrovandi,Italy,1994,Centre,3,3,0,0,25,5,Bologna,Italy
Claudio de Rossi,Italy,1994,Flanker,3,3,0,0,0,0,Treviso,Italy
Alessandro Troncon,Italy,1994,Scrum-half,101,33,67,1,95,19,Treviso,Italy
Javier Pertile,Italy,1994,Fullback,15,3,12,0,5,1,General San Martin,Argentina
Andrea Castellani,Italy,1994,Prop,20,9,10,1,5,1,L'Aquila,Italy
Mario Gerosa,Italy,1987,Wing,9,5,4,0,36,8,Rosario,Argentina
Diego Scaglia,Italy,1994,Lock,6,1,5,0,5,1,Cordoba,Argentina
Massimo Alfonsetti,Italy,1994,Hooker,1,0,1,0,0,0,L'Aquila,Italy
Marco Platania,Italy,1994,Centre,4,2,2,0,10,2,Cremona,Italy
Francesco Mazzariol,Italy,1995,Fly-half,33,12,21,0,78,2,Treviso,Italy
Fabio Roselli,Italy,1995,Wing,16,5,11,0,25,5,Roma,Italy
Carlo Caione,Italy,1995,Back-row,25,10,15,0,15,3,L'Aquila,Italy
Matteo Piovene,Italy,1995,Centre,1,0,1,0,0,0,Padova,Italy
Nicola Mazzucato,Italy,1995,Wing,39,12,27,0,25,5,Padova,Italy
Federico Williams,Italy,1995,Fullback,1,0,1,0,0,0,San Miguel de Tucuma,Argentina
Tommaso Visentin,Italy,1996,Centre,1,0,1,0,0,0,Treviso,Italy
Giampiero de Carli,Italy,1996,Prop,32,10,22,0,25,5,Roma,Italy
Simone Babbo,Italy,1996,Wing,1,1,0,0,10,2,San Dona di Piave,Italy
Andrea Gritti,Italy,1996,Lock,15,3,12,0,0,0,Treviso,Italy
Gianluca Guidi,Italy,1996,Scrum-half,5,3,1,1,0,0,Livorno,Italy
Piergiorgi Menapace,Italy,1996,Prop,1,1,0,0,0,0,Padova,Italy
Riccardo Piovan,Italy,1996,No. 8,4,3,1,0,0,0,Padova,Italy
Leandro Manteri,Italy,1996,Wing,4,0,4,0,0,0,Livorno,Italy
Roberto Rampazzo,Italy,1996,Back-row,2,0,2,0,0,0,Padova,Italy
Andrea Barattin,Italy,1996,Lock,2,0,2,0,0,0,Treviso,Italy
Cristian Stoica,Italy,1997,Centre,71,21,49,1,55,11,Bucuresti,Romania
Luca Martin,Italy,1997,Centre,38,9,29,0,45,9,Padova,Italy
Manuel Dallan,Italy,1997,Centre,18,8,9,1,20,4,TV,Italy
Andrea Moretti,Italy,1997,Hooker,13,6,7,0,0,0,Mantova,Italy
Corrado Pilat,Italy,1997,"Fly-half, Fullback",7,2,5,0,13,2,Belluno,Italy
Stefano Saviozzi,Italy,1998,Hooker,14,4,10,0,10,2,Pisa,Italy
Giuseppe Lanzi,Italy,1998,Lock,8,4,4,0,0,0,Viterbo,Italy
Mauro Bergamasco,Italy,1998,Flanker,106,31,75,0,75,15,Padova,Italy
Matt Pini,Italy,1994,Fullback,20,10,10,0,20,4,ACT,Australia
Simone Stocco,Italy,1998,Lock,4,1,3,0,5,1,VE,Italy
Michele Birtig,Italy,1998,Flanker,2,1,1,0,0,0,Udine,Italy
Giampiero Mazzi,Italy,1998,Scrum-half,5,3,2,0,5,1,RM,Italy
Nanni Raineri,Italy,1998,"Centre, Fly-half",22,6,16,0,13,2,RM,Italy
Marco Baroni,Italy,1999,Wing,6,0,6,0,5,1,Padova,Italy
Denis Dallan,Italy,1999,Wing,42,11,31,0,35,7,TV,Italy
Giacomo Preo,Italy,1999,"Fly-half, Centre",7,1,6,0,2,0,VE,Italy
Wim Visser,Italy,1999,Lock,22,5,17,0,5,1,Durban,SouthAfrica
Gianluca Faliva,Italy,1999,Prop,4,0,4,0,0,0,"Camposampiero, Padua",Italy
Laurent Travini,Italy,1999,Lock,5,2,3,0,0,0,Gap,France
Sandro Ceppolino,Italy,1999,Centre,5,2,3,0,5,1,Villa Ballester,Argentina
Andrea de Rossi,Italy,1999,No. 8,34,11,23,0,10,2,Genova,Italy
Andrea Scanavacca,Italy,1999,Fly-half,11,6,5,0,49,2,Rovigo,Italy
Luciano Cornella,Italy,1999,No. 8,1,1,0,0,0,0,,
Andrea Masi,Italy,1999,Centre,95,23,72,0,65,13,L'Aquila,Italy
Federico Pucciariello,Italy,1999,Prop,8,1,7,0,5,1,Rosario,Argentina
Nicolas Zisti,Italy,1999,Centre,4,0,4,0,0,0,NSW,Australia
Alejandro Moreno,Italy,1998,Prop,8,4,4,0,0,0,Buenos Aires,Argentina
Tino Paoletti,Italy,2000,Prop,15,5,10,0,0,0,Firenze,Italy
Matteo Mazzantini,Italy,2000,"Fly-half, Scrum-half",9,2,7,0,0,0,Livorno,Italy
Aaron Persico,Italy,2000,Flanker,56,15,41,0,10,2,Lower Hutt,NewZealand
Marco Rivaro,Italy,2000,Centre,4,1,3,0,0,0,Genova,Italy
Juan Francesio,Italy,2000,Wing,4,1,3,0,0,0,Rosario,Argentina
Salvatore Perugini,Italy,2000,Prop,83,20,62,1,0,0,Benevento,Italy
Andrea Lo Cicero Vaina,Italy,2000,Prop,103,32,70,1,40,8,Catania,Italy
Ramiro Pez,Italy,2000,Fly-half,40,12,27,1,260,4,Cordoba,Argentina
Juan Manuel Queirolo,Italy,2000,Scrum-half,9,3,6,0,0,0,Rosario,Argentina
David dal Maso,Italy,2000,Back-row,14,3,11,0,0,0,VR,Italy
Luca Mastrodomenico,Italy,2000,Lock,5,1,4,0,0,0,RM,Italy
Lisandro Villagra,Italy,2000,Scrum-half,2,0,2,0,0,0,Cordoba,Argentina
Maurizio Zaffiri,Italy,2000,Flanker,14,6,7,1,0,0,L'Aquila,Italy
Filippo Frati,Italy,2000,Scrum-half,4,0,4,0,0,0,"Noceto, Parma",Italy
Andrea Muraro,Italy,2000,Prop,13,4,9,0,0,0,"Conselve, Padua",Italy
Fabio Ongaro,Italy,2000,Hooker,81,25,55,1,25,5,Venezia,Italy
Massimiliano Perziano,Italy,2000,Wing,10,3,7,0,15,3,TV,Italy
Ezio Galon,Italy,2001,Utility back,19,6,12,1,5,1,Treviso,Italy
Walter Pozzebon,Italy,2001,Centre,22,8,14,0,20,4,Treviso,Italy
Giovanni Antoni,Italy,2001,Fullback,2,1,1,0,0,0,Mombasa,Kenya
Marco Bortolami,Italy,2001,Lock,112,29,82,1,35,7,Padova,Italy
Roberto Pedrazzi,Italy,2001,"Centre, Wing",8,1,7,0,0,0,Modena,Italy
Salvatore Garozzo,Italy,2001,"Lock, Back-row",3,1,2,0,0,0,Catania,Italy
Andrea Benatti,Italy,2001,Back-row,5,1,4,0,5,1,MN,USA
Samuele Pace,Italy,2001,Centre,3,1,2,0,0,0,PC,Italy
Cristian Zanoletti,Italy,2001,Centre,7,1,6,0,0,0,Brescia,Italy
Santiago Dellape,Italy,2002,Lock,64,18,45,1,15,3,La Plata,Argentina
Matthew Phillips,Italy,2002,No. 8,14,1,13,0,15,3,Kaitaia,NewZealand
Mirco Bergamasco,Italy,2002,Utility back,89,22,66,1,256,17,Padova,Italy
Gert Peens,Italy,2002,Fullback,23,5,18,0,105,0,Germiston,SouthAfrica
Carlos Nieto,Italy,2002,Prop,34,9,24,1,0,0,La Plata,Argentina
Ramiro Martinez-Frugoni,Italy,2002,Prop,10,3,7,0,0,0,Buenos Aires,Argentina
Sergio Parisse,Italy,2002,No. 8,117,31,85,1,73,14,La Plata,Argentina
Matteo Barbini,Italy,2002,Centre,15,3,12,0,5,1,Venezia,Italy
Martin Castrogiovanni,Italy,2002,Prop,118,30,87,1,60,12,Parana,Argentina
Enrico Pavanello,Italy,2002,Lock,8,4,4,0,0,0,"Montebelluna, Veneto",Italy
Scott Palmer,Italy,2002,Back-row,12,1,11,0,10,2,Palmerston North,NewZealand
Cristian Bezzi,Italy,2003,Lock,11,2,9,0,0,0,Reggio Emilia,Italy
Carlo Festuccia,Italy,2003,Hooker,54,19,34,1,15,3,L'Aquila,Italy
Gonzalo Canale,Italy,2003,Centre,86,27,58,1,35,7,Cordoba,Argentina
Diego Sacca,Italy,2003,Centre,1,0,1,0,0,0,Livorno,Italy
Rima Wakarua-Noema,Italy,2003,Fullback,11,6,5,0,99,0,North Shore,NewZealand
Paul Griffen,Italy,2004,Scrum-half,42,13,28,1,13,1,Dunedin,NewZealand
Roland de Marigny,Italy,2004,Utility back,19,7,12,0,47,1,Durban,SouthAfrica
Silvio Orlando,Italy,2004,Flanker,14,6,8,0,0,0,Venezia,Italy
Roberto Mandelli,Italy,2004,"Lock, Back-row",9,3,6,0,0,0,Brescia,Italy
Simon Picone,Italy,2004,Scrum-half,23,7,16,0,5,1,Roma,Italy
Carlo Antonio del Fava,Italy,2004,Back-row,54,13,40,1,5,1,Umtala,SouthAfrica
Salvatore Costanzo,Italy,2004,Prop,4,2,2,0,0,0,Catania,Italy
Kaine Robertson,Italy,2004,Wing,47,15,32,0,70,14,Auckland,NewZealand
Danilo Carpente,Italy,2004,Fullback,2,1,1,0,0,0,L'Aquila,Italy
Giorgio Intoppa,Italy,2004,Hooker,7,2,5,0,0,0,Milano,Italy
Mario Savi,Italy,2004,Prop,3,1,2,0,0,0,Sabbioneta,Italy
Ludovico Nitoglia,Italy,2004,Wing,17,4,12,1,0,0,Roma,Italy
Luciano Orquera,Italy,2004,Fly-half,48,10,38,0,154,3,Cordoba,Argentina
Pietro Travagli,Italy,2004,Scrum-half,9,2,7,0,5,1,Treviso,Italy
Matteo Pratichetti,Italy,2004,Centre,24,6,18,0,25,5,Roma,Italy
Valerio Bernabo,Italy,2004,Lock,30,10,20,0,0,0,Roma,Italy
Antonio Mannato,Italy,2004,Back-row,3,2,1,0,5,1,Varese,Italy
Josh Sole,Italy,2005,Flanker,47,11,35,1,15,3,Hamilton,NewZealand
Antonio Pavanello,Italy,2005,Lock,23,6,17,0,0,0,Agordo,Italy
Pablo Canavosio,Italy,2005,Scrum-half,38,10,27,1,30,6,Cordoba,Argentina
Michele Rizzo,Italy,2005,Prop,22,5,17,0,5,1,Dolo,Italy
Matias Aguero,Italy,2005,Prop,40,10,30,0,5,1,San Nicolas,Argentina
Alessandro Zanni,Italy,2005,Back-row,97,27,69,1,20,4,Udine,Italy
David Bortolussi,Italy,2006,Fullback,16,8,8,0,147,1,Auch,France
Benjamin de Jager,Italy,2006,Wing,1,1,0,0,5,1,Cape Town,SouthAfrica
Robert Barbieri,Italy,2006,Back-row,39,10,29,0,15,3,ON,Canada
Leonardo Ghiraldini,Italy,2006,Hooker,81,17,64,0,25,5,Padova,Italy
Andrea Marcato,Italy,2006,Fly-half,16,4,12,0,81,0,Padova,Italy
Michele Sepe,Italy,2006,Wing,3,1,2,0,5,1,Roma,Italy
Fabio Staibano,Italy,2006,Prop,11,3,8,0,0,0,Eboli,Italy
Marko Stanojevic,Italy,2006,Wing,7,4,3,0,45,9,Birmingham,England
Warren Spragg,Italy,2006,Wing,1,1,0,0,0,0,Manchester,England
Kris Burton,Italy,2007,Fly-half,21,7,14,0,87,1,QLD,Australia
Enrico Patrizio,Italy,2007,Centre,4,2,2,0,0,0,Camposampiero,Italy
Alessio Galante,Italy,2007,Utility back,2,1,1,0,0,0,Varese,Italy
Manoa Vosawai,Italy,2007,Back-row,17,5,12,0,5,1,Suva,Fiji
Lorenzo Cittadini,Italy,2008,Prop,47,11,36,0,10,2,Bergamo,Italy
Tommaso Reato,Italy,2008,Lock,9,1,8,0,0,0,Rovigo,Italy
Alberto Sgarbi,Italy,2008,Centre,29,7,22,0,10,2,"Montebelluna, Veneto",Italy
Paolo Buso,Italy,2008,Fly-half,1,0,1,0,0,0,Treviso,Italy
Jaco Erasmus,Italy,2008,Flanker,3,1,2,0,0,0,Humansdorp,SouthAfrica
Gonzalo Garcia,Italy,2008,Centre,42,7,35,0,16,2,Mendoza,Argentina
Luke McLean,Italy,2008,Utility back,77,16,61,0,74,7,Townsville,Australia
Ignacio Fernandez-Rouyet,Italy,2008,Prop,7,2,5,0,0,0,Buenos Aires,Argentina
Riccardo Pavan,Italy,2008,"Wing, Centre",1,0,1,0,0,0,TV,Italy
Giulio Toniolatti,Italy,2008,Wing,15,6,9,0,10,2,Roma,Italy
Jean-Francois Montauriol,Italy,2009,"Lock, Flanker",2,0,2,0,0,0,Muret,France
Andrea Bacchetti,Italy,2009,Wing,2,0,2,0,0,0,Rovigo,Italy
Guilio Rubini,Italy,2009,Utility back,4,0,4,0,0,0,RM,Italy
Franco Sbaraglini,Italy,2009,Hooker,5,0,5,0,0,0,Mar del Plata,Argentina
Roberto Quartaroli,Italy,2009,Centre,5,1,4,0,0,0,L'Aquila,Italy
Quintin Geldenhuys,Italy,2009,Lock,61,15,46,0,0,0,Krugersdorp,SouthAfrica
Craig Gower,Italy,2009,Halfback,14,2,12,0,17,0,NSW,Australia
Paul Derbyshire,Italy,2009,Flanker,24,7,17,0,0,0,"Cecina, Livorno",Italy
Tito Tebaldi,Italy,2009,Scrum-half,20,4,16,0,3,0,Parma,Italy
Simone Favaro,Italy,2009,Flanker,27,10,17,0,5,1,Treviso,Italy
Riccardo Bocchino,Italy,2010,Scrum-half,14,5,9,0,29,0,Viterbo,Italy
Tommaso Benvenuti,Italy,2010,Centre,34,13,21,0,20,4,Vittorio Veneto,Italy
Edoardo Gori,Italy,2010,Scrum-half,50,15,35,0,25,5,Prato,Italy
Fabio Semenzato,Italy,2011,Scrum-half,12,2,10,0,5,1,Treviso,Italy
Tommaso d'Apice,Italy,2011,Hooker,10,5,5,0,5,1,Benevento,Italy
Cornelius van Zyl,Italy,2011,Lock,8,3,5,0,0,0,Nelspruit,SouthAfrica
Joshua Furno,Italy,2011,Lock,36,10,26,0,10,2,VIC,Australia
Giovanbattista Venditti,Italy,2012,Wing,33,9,24,0,30,6,Avezzano,Italy
Tobie Botes,Italy,2012,Scrum-half,22,5,17,0,8,0,Worcester,England
Luca Morisi,Italy,2012,Centre,16,4,12,0,10,2,Milano,Italy
Alberto de Marchi,Italy,2012,Prop,29,7,22,0,0,0,Jesolo,Italy
Davide Giazzon,Italy,2012,Hooker,27,7,20,0,0,0,Venice,Italy
Lorenzo Romano,Italy,2012,Prop,2,1,1,0,0,0,Bagno a Ripoli,Italy
Alberto Benettin,Italy,2012,"Centre, Fly-half",1,1,0,0,0,0,Padova,Italy
Andrea Pratichetti,Italy,2012,Centre,3,1,2,0,0,0,Roma,Italy
Marco Fuser,Italy,2012,Lock,9,3,6,0,5,1,Villorba,Italy
Tommaso Iannone,Italy,2012,Utility back,10,2,8,0,5,1,Treviso,Italy
Francesco Minto,Italy,2012,Back-row,26,5,21,0,0,0,VE,Italy
Alberto di Bernardo,Italy,2013,Fly-half,4,0,4,0,31,0,Rosario,Argentina
Andrea Manici,Italy,2013,Hooker,16,3,13,0,0,0,Parma,Italy
Leandro Cedaro,Italy,2013,Lock,1,0,1,0,0,0,Resistencia,Argentina
Leonardo Sarto,Italy,2013,Wing,26,3,23,0,30,6,VR,Italy
Alberto Chillon,Italy,2013,Scrum-half,1,0,1,0,0,0,Venezia,Italy
Tommaso Allan,Italy,2013,Fly-half,21,4,17,0,104,3,Vicenza,Italy
Michele Campagnaro,Italy,2013,"Fullback, Centre",21,4,17,0,20,4,VE,Italy
Angelo Esposito,Italy,2014,Wing,6,0,6,0,0,0,Napoli,Italy
George Fabio Biagi,Italy,2014,Lock,10,1,9,0,0,0,Irvine,Scotland
Guglielmo Palazzani,Italy,2014,Scrum-half,18,2,16,0,5,1,Gardone val Trompia,Italy
Andrea de Marchi,Italy,2014,Prop,2,0,2,0,0,0,"Montebelluna, Veneto",Italy
Dario Chistolini,Italy,2014,Prop,13,3,10,0,0,0,Kempton Park,SouthAfrica
Kelly Haimona,Italy,2014,Fly-half,9,2,7,0,59,0,Rotorua,NewZealand
Samuela Vunisa,Italy,2014,Back-row,11,3,8,0,0,0,Suva,Fiji
Marco Barbini,Italy,2015,Back-row,2,0,2,0,0,0,Padova,Italy
Giulio Bisegni,Italy,2015,Centre,2,1,1,0,0,0,RM,Italy
Enrico Bacchin,Italy,2015,Centre,5,2,3,0,0,0,VE,Italy
Michele Visentin,Italy,2015,Wing,1,1,0,0,0,0,Paese,Italy
Carlo Canna,Italy,2015,Fly-half,9,2,7,0,25,1,Benevento,Italy
Marcello Violi,Italy,2015,Scrum-half,2,0,2,0,0,0,Parma,Italy
Mattia Bellini,Italy,2016,"Fullback, Wing",3,0,3,0,0,0,Padova,Italy
Ornel Gega,Italy,2016,Hooker,2,0,2,0,0,0,Lazhe,Albania
Andrea Lovotti,Italy,2016,Prop,3,0,3,0,0,0,Piacenza,Italy
David Odiete,Italy,2016,Wing,2,0,2,0,0,0,Reggio Emilia,Italy
Dries van Schalkwyk,Italy,2016,No. 8,2,0,2,0,0,0,Bloemfontein,SouthAfrica
Matteo Zanusso,Italy,2016,Prop,3,0,3,0,0,0,VE,Italy
Edoardo Padovani,Italy,2016,Fly-half,2,0,2,0,0,0,Venezia,Italy
Braam Steyn,Italy,2016,Back-row,1,0,1,0,0,0,Cradock,SouthAfrica
