John Arthur,1871,Halfback,Glasgow,2,1,0,United Kingdom,G,Scotland
William Brown,1871,Fullback,Glasgow,5,1,0,United Kingdom,G,Scotland
Angus Buchanan,1871,Forward,Inverary,1,1,1,Canada,Ontario,Inverary
Tom Chalmers,1871,Fullback,Glasgow,6,1,0,United Kingdom,G,Scotland
Alfred Clunies-Ross,1871,Fullback,Cocos Islands,1,1,0,124,07157,Illes Balears
Andrew Colville,1871,Forward,Edinburgh,2,1,0,United Kingdom,Scotland,City of Edinburgh
William Cross,1871,Halfback,Glasgow,2,1,1,United Kingdom,G,Scotland
Daniel Drew,1871,Forward,Dunoon,2,1,0,United Kingdom,Scotland,Argyll and Bute
Jim Finlay,1871,Forward,Edinburgh,4,1,1,United Kingdom,Scotland,City of Edinburgh
William Forsyth,1871,Forward,Ross,1,1,0,United States of America,Ohio,Ross County
Bulldog Irvine,1871,Forward,Blair Atholl,13,5,1,United Kingdom,Scotland,Perth and Kinross
William Lyall,1871,Forward,St Cuthbert's,1,1,0,United Kingdom,England,North West England
John MacFarlane,1871,Forward,Montego Bay,3,1,0,Jamaica,Cornwall County,Saint James
Thomas Marshall,1871,Three-quarters,NHumb,4,1,0,g,n,i
James Mein,1871,Forward,Jedburgh,5,1,0,United Kingdom,Scotland,Scottish Borders
Francis Moncreiff,1871,Forward,Midlothian,3,1,0,United Kingdom,Scotland,Midlothian
Robert Munro,1871,Forward,?,1,1,0,g,n,i
George Ritchie,1871,Forward,Edinburgh,1,1,0,United Kingdom,Scotland,City of Edinburgh
Alexander Robertson,1871,Forward,Ayr,1,1,0,United Kingdom,Scotland,South Ayrshire
John Thomson,1871,Forward,?,1,1,0,g,n,i
John Anderson,1872,Forward,Edinburgh,1,0,0,United Kingdom,Scotland,City of Edinburgh
Leslie Balfour-Melville,1872,Fullback,Edinburgh,1,0,0,United Kingdom,Scotland,City of Edinburgh
Edward Bannerman,1872,Forward,Aberdeenshire,2,0,0,United Kingdom,Scotland,Aberdeenshire
Charles Cathcart,1872,Forward,Edinburgh,3,0,0,United Kingdom,Scotland,City of Edinburgh
James McClure,1872,Forward,Glasgow,1,0,0,United Kingdom,G,Scotland
Reginald Maitland,1872,Three-quarters,Hants,1,0,0,Canada,Nova Scotia,Hants County
William Marshall,1872,Forward,?,1,0,0,g,n,i
Frederick Maxwell,1872,Forward,Devonport,1,0,0,Australia,7310,Tasmania
Henry Renny-Tailyour,1872,Forward,Mussorrie,1,0,0,g,n,i
Henry Allan,1873,Forward,Glasgow,1,0,0,United Kingdom,G,Scotland
Peter Anton,1873,Forward,Errol,1,0,0,United States of America,New Hampshire,Coös County
Charles Bryce,1873,Forward,Glasgow,2,0,0,United Kingdom,G,Scotland
John Davidson,1873,Forward,Banchory,2,0,0,United Kingdom,Scotland,Aberdeenshire
William Grant,1873,Halfback,Bengal,2,0,0,United States of America,Minnesota,Itasca
George McClure,1873,Three-quarters,Glasgow,1,0,0,United Kingdom,G,Scotland
Alexander Petrie,1873,Forward,Birkenhead,11,4,0,United Kingdom,England,North West England
James Sanderson,1873,Fullback,Madras,1,0,0,India,600001,Tamil Nadu
Tom Whittington,1873,Forward,Neath,1,0,0,United Kingdom,Wales,West Glamorgan
Robert Wilson,1873,Forward,?,2,0,0,g,n,i
Alexander Wood,1873,Forward,Kincardin,3,0,0,Sierra Leone,Western Area,Western Area Urban
Hugh Hamilton,1874,Three-quarters,New South Wales,2,0,0,Australia,New South Wales,Missing
Gilbert Heron,1874,Forward,?,2,0,0,g,n,i
William Kidston,1874,Three-quarters,Glasgow,1,0,0,United Kingdom,G,Scotland
Tom Neilson,1874,Forward,?,1,0,0,g,n,i
James Reid,1874,Forward,?,5,2,1,g,n,i
Alexander Stewart,1874,Halfback,Bombay,2,0,0,India,Maharashtra,Greater Bombay
John Tod,1874,Forward,Glasgow,2,0,0,United Kingdom,G,Scotland
Arthur Young,1874,Forward,1855,1,0,0,Danmark,1855,Region Hovedstaden
Allan Arthur,1875,Forward,?,2,0,0,g,n,i
Malcolm Cross,1875,Three-quarters,Glasgow,9,4,0,United Kingdom,G,Scotland
James Dunlop,1875,Forward,?,1,0,0,g,n,i
Alec Finlay,1875,Forward,?,1,0,0,g,n,i
Ninian Finlay,1875,Three-quarters,Edinburgh,9,2,0,United Kingdom,Scotland,City of Edinburgh
George Fleming,1875,Forward,Renfrew,2,0,0,United Kingdom,Scotland,Renfrewshire
John Gordon,1875,Halfback,Clerkenwell,3,2,0,United Kingdom,England,Greater London
Arthur Marshall,1875,Forward,?,1,0,0,g,n,i
Duncan Robertson,1875,Forward,?,1,0,0,g,n,i
William Bolton,1876,Forward,Stirling,1,0,0,United Kingdom,Scotland,Stirlingshire
Nat Brewis,1876,Forward,Nthb,6,2,0,g,n,i
James Carrick,1876,Fullback,Glasgow,2,1,0,United Kingdom,G,Scotland
Gussie Graham,1876,Forward,Middlebie,10,4,1,United Kingdom,Scotland,Dumfries and Galloway
John Junor,1876,Forward,Glasgow,6,2,0,United Kingdom,G,Scotland
David Lang,1876,Forward,Paisley,2,1,0,United Kingdom,Scotland,Renfrewshire
George Paterson,1876,Halfback,Bangalore,1,0,0,India,560001,Karnataka
Charles Villar,1876,Forward,Cheltenham,3,2,0,United Kingdom,England,South West England
David Watson,1876,Forward,Glasgow,3,2,0,United Kingdom,G,Scotland
Henry Johnston,1877,Fullback,Kirkwall,2,2,0,United Kingdom,Scotland,Orkney
Robert Mackenzie,1877,Three-quarters,Glasgow,4,2,3,United Kingdom,G,Scotland
Henry Napier,1877,Forward,Glasgow,5,3,0,United Kingdom,G,Scotland
Edward Pocock,1877,Three-quarters,Clifton,2,2,1,United Kingdom,England,South West England
Stewart Smith,1877,Forward,Glasgow,2,1,0,United Kingdom,G,Scotland
Thomas Torrie,1877,Forward,Edinburgh,1,1,0,United Kingdom,Scotland,City of Edinburgh
Louis Auldjo,1878,Forward,Cawnpore,1,0,0,Australia,Queensland,Cawnpore
James Campbell,1878,Halfback,Lake Athabasca,5,1,0,Canada,Saskatchewan,Lake Athabasca
Duncan Irvine,1878,Forward,Perthshire,3,1,0,United States of America,Mississippi,Bolivar
Bill Maclagan,1878,Three-quarters,Edinburgh,29,18,4,2,United Kingdom,Scotland,City of Edinburgh
George MacLeod,1878,Forward,Midlothian,2,1,0,United Kingdom,Scotland,Midlothian
John Neilson,1878,Halfback,Glasgow,2,0,0,United Kingdom,G,Scotland
Bob Ainslie,1879,Forward,Lasswade,7,4,3,United Kingdom,Scotland,Midlothian
John Brown,1879,Forward,Glasgow,19,12,2,United Kingdom,G,Scotland
William Masters,1879,Halfback,Edinburgh,3,2,1,United Kingdom,Scotland,City of Edinburgh
Errol Smith,1879,Forward,Edinburgh,1,1,0,United Kingdom,Scotland,City of Edinburgh
D. Somerville,1879,Forward,?,6,5,2,g,n,i
Edward Ewart,1879,Forward,Moffat,3,1,2,United States of America,Colorado,Moffat County
William Brown,1880,Halfback,Glasgow,6,4,2,United Kingdom,G,Scotland
David McCowan,1880,Forward,Ayr,10,5,1,United Kingdom,Scotland,South Ayrshire
Charles Stewart,1880,Forward,Glasgow,2,1,0,United Kingdom,G,Scotland
Jack Tait,1880,Forward,Edinburgh,2,2,0,United Kingdom,Scotland,City of Edinburgh
David Cassels,1880,Forward,Shettleston,7,4,0,United Kingdom,G,Scotland
Bryce Allan,1881,Forward,Glasgow,1,0,0,United Kingdom,G,Scotland
Thomas Begbie,1881,Fullback,E Lothian,2,0,0,United Kingdom,Scotland,East Lothian
Charlie Reid,1881,Forward,Lochwinnoch,21,13,4,United Kingdom,Scotland,Renfrewshire
George Robb,1881,Forward,Glasgow,2,0,0,United Kingdom,G,Scotland
Pat Smeaton,1881,Halfback,Kincardine,3,1,0,Canada,Ontario,Kincardine
Archibald Walker,1881,Forward,Glasgow,5,3,0,United Kingdom,G,Scotland
Tom Ainslie,1881,Forward,Lasswade,12,8,1,United Kingdom,Scotland,Midlothian
James Fraser,1881,Forward,Hull,1,0,0,United Kingdom,England,Yorkshire and the Humber
Robert Maitland,1881,Forward,Alloa,5,3,0,United Kingdom,Scotland,Clackmannanshire
William Peterkin,1881,Forward,Edinburgh,8,5,2,United Kingdom,Scotland,City of Edinburgh
Bunny Wauchope,1881,Halfback,Glasgow,13,9,6,United Kingdom,G,Scotland
Tom Anderson,1882,Fullback,Ledcamerock,1,1,0,g,n,i
Fraser Gore,1882,Forward,?,1,1,0,g,n,i
Augustus Grant-Asher,1882,Halfback,Poona,7,4,1,Australia,Queensland,Poona
Frank Hunter,1882,Three-quarters,?,1,1,0,g,n,i
Andrew Philp,1882,Three-quarters,?,1,1,0,g,n,i
James Veitch,1882,Fullback,Penicuik,8,6,0,United Kingdom,Scotland,Midlothian
James Walker,1882,Forward,Glasgow,2,2,0,United Kingdom,G,Scotland
Andrew Walls,1882,Forward,Glasgow,10,7,0,United Kingdom,G,Scotland
John Jamieson,1883,Forward,?,9,6,2,g,n,i
David Kidston,1883,Fullback,Glasgow,2,1,0,United Kingdom,G,Scotland
David McFarlan,1883,Three-quarters,Meerut,8,7,4,India,Uttar Pradesh,Meerut
John Mowat,1883,Forward,Glasgow,2,1,0,United Kingdom,G,Scotland
George Aitchison,1883,Halfback,Edinburgh,1,1,0,United Kingdom,Scotland,City of Edinburgh
Marshall Reid,1883,Three-quarters,Partick,2,1,0,United Kingdom,G,Scotland
George Lindsay,1884,Three-quarters,1863,4,3,5,Sverige,Svealand,Örebro län
John Tod,1884,Forward,Perth,9,6,2,Australia,Western Australia,Perth
Charles Berry,1884,Forward,Fife,9,5,0,United Kingdom,Scotland,Fife
Ernest Roland,1884,Three-quarters,Edinburgh,2,1,0,United Kingdom,Scotland,City of Edinburgh
Pat Harrower,1885,Fullback,Broughty Ferry,1,0,0,United Kingdom,Scotland,Dundee City
Gardyne Maitland,1885,Three-quarters,Alloa,2,1,0,United Kingdom,Scotland,Clackmannanshire
Gordon Mitchell,1885,Forward,Hamilton,3,2,0,Canada,Ontario,Hamilton
Alexander Stephen,1885,Three-quarters,Glasgow,2,1,0,United Kingdom,G,Scotland
Henry Evans,1885,Three-quarters,Clifton,2,2,0,United Kingdom,England,South West England
Walter Irvine,1885,Forward,Aberdeenshre,11,8,0,g,n,i
Patrick Wauchope,1885,Halfback,Midlothian,6,5,1,United Kingdom,Scotland,Midlothian
Alexander Clay,1886,Forward,Kelso,7,4,1,United States of America,Washington,Cowlitz County
J. French,1886,Forward,?,4,3,0,g,n,i
William Holms,1886,Three-quarters,Thox,6,4,0,United States of America,Missouri,Phelps County
Flowerdew McIndoe,1886,Fullback,Hamilton,2,2,0,Canada,Ontario,Hamilton
William MacLeod,1886,Forward,Glasgow,2,2,0,United Kingdom,G,Scotland
Charles Milne,1886,Forward,Kingston,3,2,0,Jamaica,Surrey County,Kingston and St. Andrew Corporation
Reggie Morrison,1886,Three-quarters,Vic,3,2,2,Australia,Victoria,Missing
Duncan MacLeod,1886,Forward,Berwick,2,1,0,United Kingdom,England,North East England
Matthew McEwan,1886,Forward,Ayr,15,10,2,7,United Kingdom,Scotland,South Ayrshire
George Wilson,1886,Three-quarters,?,5,3,0,0,g,n,i
Hugh Ker,1887,Forward,Partick,7,5,1,0,United Kingdom,G,Scotland
Judy MacMillan,1887,Forward,Edinburgh,24,17,1,0,United Kingdom,Scotland,City of Edinburgh
David Morton,1887,Forward,Glasgow,9,6,3,0,United Kingdom,G,Scotland
Charles Orr,1887,Halfback,Neilston,16,12,3,1,United Kingdom,Scotland,East Renfrewshire
Alexander Woodrow,1887,Three-quarters,Glasgow,3,2,0,United Kingdom,G,Scotland
Alec Cameron,1887,Fullback,Oban,3,1,0,0,United Kingdom,Scotland,Argyll and Bute
Henry Chambers,1888,Fullback,Victoria,4,3,0,Australia,Victoria,Missing
Alfred Duke,1888,Forward,Forfar,6,5,0,0,United Kingdom,Scotland,Angus
Macbeth Duncan,1888,Three-quarters,Aberdeen,1,0,0,United Kingdom,Scotland,Aberdeenshire
Charles Fraser,1888,Halfback,Paisley,2,1,0,United Kingdom,Scotland,Renfrewshire
Harry Stevenson,1888,Fullback,Edinburgh,15,11,0,3,United Kingdom,Scotland,City of Edinburgh
Louis Stevenson,1888,Forward,Jedburgh,1,0,0,United Kingdom,Scotland,Scottish Borders
Tom White,1888,Forward,Cumnock,3,2,0,United Kingdom,Scotland,East Ayrshire
Alexander Malcolm,1888,Forward,Glasgow,1,1,0,United Kingdom,G,Scotland
Bill Auld,1889,Forward,?,2,2,0,0,g,n,i
John Boswell,1889,Forward,Garallan,15,11,5,26,g,n,i
William Macdonald,1889,Forward,Inverness,3,2,0,0,United Kingdom,Scotland,Highland
James Marsh,1889,Three-quarters,?,3,3,0,0,g,n,i
Alfred Methuen,1889,Forward,1868,2,2,0,Norge,Nordland,Øksnes
Alexander Aitken,1889,Forward,Edinburgh,1,1,0,United Kingdom,Scotland,City of Edinburgh
Darsie Anderson,1889,Halfback,Kent,8,6,1,1,United Kingdom,England,South East
J.G. McKendrick,1889,Forward,?,1,1,0,g,n,i
Jack Orr,1889,Forward,Neilston,12,9,3,4,United Kingdom,Scotland,East Renfrewshire
Adam Dalgleish,1890,Forward,Bellingham,8,4,0,0,United States of America,Washington,Whatcom County
Frederick Goodhue,1890,Forward,ON,9,7,1,1,Canada,Ontario,Missing
Gregor MacGregor,1890,Three-quarters,Edinburgh,13,8,1,5,United Kingdom,Scotland,City of Edinburgh
Ian MacIntyre,1890,Forward,?,6,5,0,0,g,n,i
Paul Clauss,1891,Three-quarters,Munich,9,8,3,6,Deutschland,Bayern,OB
Herbert Leggatt,1891,Forward,East Indie,9,7,1,1,India,600051,Tamil Nadu
George Neilson,1891,Forward,Glasgow,14,8,1,6,United Kingdom,G,Scotland
William Neilson,1891,Three-quarters,Bothwell,14,10,1,4,United Kingdom,Scotland,South Lanarkshire
William Gibson,1891,Forward,Edinburgh,14,9,0,0,United Kingdom,Scotland,City of Edinburgh
William Wotherspoon,1891,Halfback,Fife,8,5,3,3,United Kingdom,Scotland,Fife
George Campbell,1892,Centre,Sussex,17,9,2,9,United States of America,Virginia,Sussex
John Millar,1892,Forward,?,6,4,1,2,g,n,i
Nelson Henderson,1892,Forward,London,1,1,0,0,United Kingdom,England,Greater London
James Woodburn,1892,Three-quarters,Glasgow,1,1,0,0,United Kingdom,G,Scotland
William Cownie,1893,Forward,Edinburgh,9,5,0,0,United Kingdom,Scotland,City of Edinburgh
James Gowans,1893,Wing,Durham,8,5,2,6,United Kingdom,England,North East England
Robert Greig,1893,Halfback,Glasgow,2,1,0,0,United Kingdom,G,Scotland
Thomas Hendry,1893,Forward,Glasgow,4,2,0,0,United Kingdom,G,Scotland
Henry Menzies,1893,Forward,ON,4,1,0,0,Canada,Ontario,Missing
David Robertson,1893,Three-quarters,Glasgow,1,0,0,0,United Kingdom,G,Scotland
James Bishop,1893,Forward,Glasgow,1,0,0,0,United Kingdom,G,Scotland
William Donaldson,1893,Halfback,Glasgow,6,2,0,3,United Kingdom,G,Scotland
D. Fisher,1893,Forward,?,1,0,0,0,g,n,i
Jim Ford,1893,Forward,?,1,0,0,0,g,n,i
John Simpson,1893,Halfback,?,13,7,0,0,g,n,i
Roger Davidson,1893,Forward,Kinfauns,1,1,0,0,United Kingdom,Scotland,Perth and Kinross
Tom Scott,1893,Forward,Melrose,12,7,0,9,United States of America,Massachusetts,Middlesex County
Henry Gedge,1894,Wing,London,6,4,2,10,United Kingdom,England,Greater London
Willie McEwan,1894,Forward,Edinburgh,18,9,1,3,United Kingdom,Scotland,City of Edinburgh
John Rogerson,1894,Fullback,?,1,0,0,0,g,n,i
Hugh Wright,1894,Forward,Inverary,1,0,0,0,Canada,Ontario,Inverary
Alexander Anderson,1894,Forward,?,1,0,0,0,g,n,i
Gordon Neilson,1894,Forward,Bothwell,1,1,0,0,United Kingdom,Scotland,South Lanarkshire
Harry Dods,1895,Forward,Glasgow,8,5,0,0,United Kingdom,G,Scotland
Mattha Elliot,1895,Halfback,Hawick,6,4,0,0,United Kingdom,Scotland,Scottish Borders
Allan Smith,1895,Fullback,?,11,5,0,2,g,n,i
Harry Smith,1895,Forward,N Berwick,11,5,1,3,United Kingdom,Scotland,East Lothian
Robin Welsh,1895,Wing,Edinburgh,4,3,1,3,United Kingdom,Scotland,City of Edinburgh
Andrew Balfour,1896,Forward,Edinburgh,4,1,0,0,United Kingdom,Scotland,City of Edinburgh
James Couper,1896,Forward,Glasgow,3,0,0,0,United Kingdom,G,Scotland
Mark Morrison,1896,Forward,Dalmeny,26,12,0,0,United Kingdom,Scotland,City of Edinburgh
Davie Patterson,1896,Halfback,Hawick,1,0,0,0,United Kingdom,Scotland,Scottish Borders
Tom Scott,1896,Wing,?,11,4,2,6,g,n,i
Alec Timms,1896,Centre,Vic,17,11,4,19,Australia,Victoria,Missing
Charles Fleming,1896,Centre,1868,3,2,1,3,Norge,Nordland,Øksnes
George Turnbull,1896,Forward,?,5,2,1,3,g,n,i
Alec Laidlaw,1897,Forward,Edinburgh,1,1,0,0,United Kingdom,Scotland,City of Edinburgh
Ronald Stevenson,1897,Forward,South Shields,6,3,0,0,United Kingdom,England,North East England
Alfred Bucher,1897,Wing,Edinburgh,4,2,4,12,United Kingdom,Scotland,City of Edinburgh
Alec Robertson,1897,Centre,Edinburgh,1,0,0,0,United Kingdom,Scotland,City of Edinburgh
John Dykes,1898,Forward,Glasgow,10,6,1,3,United Kingdom,G,Scotland
Graham Kerr,1898,Forward,Aberdeen,8,3,0,0,United Kingdom,Scotland,Aberdeenshire
Joe Mabon,1898,Halfback,Jedburgh,4,1,0,0,United Kingdom,Scotland,Scottish Borders
Andrew MacKinnon,1898,Forward,Glasgow,6,3,0,0,United Kingdom,G,Scotland
Robbie Neilson,1898,Halfback,Bothwell,6,2,0,0,United Kingdom,Scotland,South Lanarkshire
James Reid,1898,Fullback,?,3,1,0,0,g,n,i
Robert Scott,1898,Forward,?,3,1,0,0,g,n,i
Edward Spencer,1898,Centre,?,1,1,0,0,g,n,i
Tommy Nelson,1898,Centre,Edinburgh,1,0,0,0,United Kingdom,Scotland,City of Edinburgh
Lawrence Harvey,1899,Forward,Glasgow,1,0,0,0,United Kingdom,G,Scotland
Douglas Monypenny,1899,Centre,Fife,3,2,1,3,United Kingdom,Scotland,Fife
George Lamond,1899,Centre,Glasgow,3,3,0,4,United Kingdom,G,Scotland
Harry Rottenburg,1899,Fullback,Glasgow,5,2,0,0,United Kingdom,G,Scotland
William Thomson,1899,Forward,Glasgow,3,2,0,6,United Kingdom,G,Scotland
John Gillespie,1899,Halfback,Edinburgh,13,6,5,31,United Kingdom,Scotland,City of Edinburgh
David Bedell-Sivright,1900,Forward,Edinburgh,23,13,3,9,United Kingdom,Scotland,City of Edinburgh
Jack Crabbie,1900,Wing,Edinburgh,6,3,2,6,United Kingdom,Scotland,City of Edinburgh
Frank Fasson,1900,Halfback,Peebles,5,2,0,0,United Kingdom,Scotland,Scottish Borders
Frederick Henderson,1900,Forward,Dundee,2,0,0,0,United Kingdom,Scotland,Dundee City
William Morrison,1900,Centre,Edinburgh,1,0,0,0,United Kingdom,Scotland,City of Edinburgh
John Campbell,1900,Forward,Las Flores,1,0,0,0,Uruguay,Salto,Las Flores
James Greenlees,1900,Forward,Glasgow,7,3,0,0,United Kingdom,G,Scotland
Bill Scott,1900,Forward,Wishaw,24,11,0,2,United Kingdom,ML2,Scotland
William Welsh,1900,Wing,Edinburgh,8,3,4,12,United Kingdom,Scotland,City of Edinburgh
Lewis Bell,1900,Forward,Edinburgh,3,1,0,0,United Kingdom,Scotland,City of Edinburgh
John Bell,1901,Forward,Airdrie,6,3,0,0,Canada,Alberta,Airdrie
Alexander Duncan,1901,Fullback,Midlothian,6,3,0,0,United Kingdom,Scotland,Midlothian
Nolan Fell,1901,Wing,Nelson,7,5,2,6,New Zealand/Aotearoa,Nelson,Missing
Andrew Flett,1901,Forward,Edinburgh,5,3,1,5,United Kingdom,Scotland,City of Edinburgh
Alex Frew,1901,Forward,Ayrshire,4,3,1,3,United Kingdom,Scotland,Ayrshire
Jimmy Ross,1901,Forward,Roxburgh,5,4,0,0,United Kingdom,Scotland,Scottish Borders
Robert Stronach,1901,Forward,Partick,5,3,1,3,United Kingdom,G,Scotland
Phipps Turnbull,1901,Centre,?,6,3,1,3,g,n,i
Francis Dods,1901,Forward,Glasgow,1,1,0,0,United Kingdom,G,Scotland
Robert Neill,1901,Fullback,Edinburgh,4,1,0,0,United Kingdom,Scotland,City of Edinburgh
John Bedell-Sivright,1902,Forward,Inverkeithing,1,0,0,0,United Kingdom,Scotland,Fife
Bill Kyle,1902,Forward,Hawick,21,10,2,6,United Kingdom,Scotland,Scottish Borders
Herbert Bullmore,1902,Forward,Qld,1,0,0,0,Australia,Queensland,Missing
Andrew Drybrough,1902,Centre,Edinburgh,2,1,0,0,United Kingdom,Scotland,City of Edinburgh
Ernest Simson,1902,Halfback,Edinburgh,17,10,4,16,United Kingdom,Scotland,City of Edinburgh
Fatty Cairns,1903,Forward,Hamilton,12,7,0,0,Canada,Ontario,Hamilton
Walter Forrest,1903,Fullback,Kelso,8,5,0,2,United States of America,Washington,Cowlitz County
Norman Kennedy,1903,Lock,Ayr,3,3,0,0,United Kingdom,Scotland,South Ayrshire
John Knox,1903,Scrum-half,?,3,3,0,0,g,n,i
Hugh Orr,1903,Centre,Dineliquin,5,4,1,3,g,n,i
Leonard West,1903,Forward,?,9,5,0,0,g,n,i
Charles France,1903,Wing,?,1,1,0,0,g,n,i
Jack Dallas,1903,Forward,Edinburgh,1,1,1,3,United Kingdom,Scotland,City of Edinburgh
Jimmy Macdonald,1903,Wing,Stellenbosch,5,3,2,10,South Africa,Western Cape,Cape Winelands District Municipality
Alexander Bisset,1904,Halfback,Duns,1,0,0,0,United Kingdom,Scotland,Scottish Borders
George Crabbie,1904,Wing,Edinburgh,1,0,0,0,United Kingdom,Scotland,City of Edinburgh
Lewis MacLeod,1904,Centre,?,6,2,0,0,g,n,i
Edward Ross,1904,Forward,?,1,0,0,0,g,n,i
William Milne,1904,Forward,Glasgow,4,2,0,0,United Kingdom,G,Scotland
Joseph Waters,1904,Forward,Dunoon,2,2,0,0,United Kingdom,Scotland,Argyll and Bute
Hugh Fletcher,1904,Forward,Norwich,2,1,0,0,United Kingdom,England,East of England
John Forbes,1905,Centre,Edinburgh,3,1,0,0,United Kingdom,Scotland,City of Edinburgh
Ned Little,1905,Forward,Hawick,1,0,1,3,United Kingdom,Scotland,Scottish Borders
Pat Munro,1905,Halfback,Leeds,13,5,2,14,United Kingdom,England,Yorkshire and the Humber
Andrew Ross,1905,Forward,Edinburgh,5,2,0,0,United Kingdom,Scotland,City of Edinburgh
Maurice Dickson,1905,Forward,Angus,1,0,0,0,United Kingdom,Scotland,Angus
Harold McCowat,1905,Wing,Durban,1,0,0,0,South Africa,KwaZulu-Natal,eThekwini Metropolitan Municipality
William Ritchie,1905,Wing,Dunedin,2,1,0,0,New Zealand/Aotearoa,Otago,Dunedin City
Tom Elliot,1905,Wing,?,1,1,0,0,g,n,i
John MacCallum,1905,Forward,?,26,13,2,24,g,n,i
Hugh Monteith,1905,Forward,Dumfriesshi,8,6,1,3,g,n,i
Douglas Schulze,1905,Fullback,Glasgow,13,7,0,4,United Kingdom,G,Scotland
Louis Greig,1903,Halfback,Glasgow,8,2,0,0,United Kingdom,G,Scotland
James Mackenzie,1905,Forward,Sunderland,9,3,0,0,United Kingdom,England,North East England
Ken MacLeod,1905,Wing,Dumba,10,6,4,25,Nigeria,Bauchi,Gamawa
William Russell,1905,Flanker,?,4,1,0,0,g,n,i
John Scoular,1905,Fullback,Whitehaven,5,2,0,0,United Kingdom,CA28 7XY,England
John Simson,1905,Wing,?,7,3,2,6,g,n,i
Tennant Sloan,1905,Centre,Glasgow,7,4,0,0,United Kingdom,G,Scotland
Bill Church,1906,Centre,Glasgow,1,0,0,0,United Kingdom,G,Scotland
Alec Purves,1906,Wing,Kingston-upon-Thames,10,6,6,22,United Kingdom,KT2 5EB,England
Maurie Walter,1906,Centre,Yokohama,8,5,2,6,日本,関東地方,神奈川県
George Frew,1906,Forward,Larkhall,15,9,1,3,United Kingdom,ML9,Scotland
Campbell Geddes,1906,Forward,Hampstead,6,5,0,10,United Kingdom,England,Greater London
Louis Speirs,1906,Forward,Edinburgh,10,6,0,0,United Kingdom,Scotland,City of Edinburgh
William Thomson,1906,Forward,Lancs,1,1,0,0,United Kingdom,S6 3TB,England
Duncan MacGregor,1907,Centre,Pontypridd,3,3,0,0,United Kingdom,CF37; CF38,Wales
George Sanderson,1907,Forward,Edinburgh,4,3,1,3,United Kingdom,Scotland,City of Edinburgh
Jock Scott,1907,Flanker,Edinburgh,21,8,1,3,United Kingdom,Scotland,City of Edinburgh
J.A. Brown,1908,Hooker,date unknown,2,0,0,0,g,n,i
George Cunningham,1908,Halfback,Broughty Ferry,8,3,0,11,United Kingdom,Scotland,Dundee City
Geoffrey Gowlland,1908,Forward,Ealing,7,3,1,3,United Kingdom,England,Greater London
Hugh Martin,1908,Wing,Edinburgh,5,2,1,3,United Kingdom,Scotland,City of Edinburgh
John Wilson,1908,Forward,Trinidad,2,0,0,0,United States of America,Colorado,Las Animas County
Colin Gilray,1905,Wing,Broughty Ferry,5,3,1,3,United Kingdom,Scotland,Dundee City
James Robertson,1908,Fly-half,?,1,1,0,0,g,n,i
Lewis Robertson,1908,Forward,Hawthornden,9,3,0,0,United Kingdom,LS21 3LE,England
Albert Wade,1908,Scrum-half,Glasgow,1,1,0,0,United Kingdom,G,Scotland
Gus Angus,1909,Centre,NSW,18,7,3,9,Australia,New South Wales,Missing
Jim Tennent,1909,Halfback,Glasgow,6,3,5,15,United Kingdom,G,Scotland
William Lely,1909,Prop,London,1,1,0,0,United Kingdom,England,Greater London
Robert Lindsay-Watson,1909,Wing,Hawick,1,1,1,3,United Kingdom,Scotland,Scottish Borders
John MacGregor,1909,Fly-half,Pontypridd,1,1,1,3,United Kingdom,CF37; CF38,Wales
Jimmy Pearson,1909,Centre,Edinburgh,12,6,1,10,United Kingdom,Scotland,City of Edinburgh
Charles Stuart,1909,Forward,Glasgow,7,3,1,3,United Kingdom,G,Scotland
Alexander Moodie,1909,Forward,Dundee,3,2,0,0,United Kingdom,Scotland,Dundee City
James Reid-Kerr,1909,Forward,Greenock,1,1,0,0,United Kingdom,Scotland,Inverclyde
Fletcher Buchanan,1910,Centre,Glasgow,3,1,0,0,United Kingdom,G,Scotland
Ian Robertson,1910,Wing,?,1,1,2,6,g,n,i
Robert Stevenson,1910,Forward,Perth,9,3,0,0,Australia,Western Australia,Perth
Puss Milroy,1910,Scrum-half,Edinburgh,12,3,1,3,United Kingdom,Scotland,City of Edinburgh
Walter Sutherland,1910,Wing,Hawick,13,4,4,12,United Kingdom,Scotland,Scottish Borders
Cecil Abercrombie,1910,Forward,Mozufferpore,6,2,1,3,g,n,i
Jimmy Dobson,1910,Wing,Glasgow,1,1,1,3,United Kingdom,G,Scotland
Andrew Lindsay,1910,Scrum-half,Otepopo,2,1,0,0,g,n,i
Donald Macpherson,1905,Wing,Waimate,3,2,1,3,New Zealand/Aotearoa,Canterbury,Waimate District
Rowland Fraser,1911,Prop,Perth,4,0,0,0,Australia,Western Australia,Perth
Frank Osler,1911,Scrum-half,Riversdale,2,0,0,0,Canada,S7M0X2,Saskatchewan
Alexander Stevenson,1911,Forward,Glasgow,1,0,0,0,United Kingdom,G,Scotland
Borth Todd,1911,Fullback,Peebles,1,0,0,0,United Kingdom,Scotland,Scottish Borders
Freddie Turner,1911,Flanker,Liverpool,15,4,3,37,United Kingdom,England,North West England
Thomas Young,1911,Centre,Hartlepool,1,0,0,0,United Kingdom,England,North East England
Donald Grant,1911,Wing,Burma,2,0,0,0,ပြည်ထောင်စုမြန်မာနိုင်ငံတော်‌,Missing,Missing
John Macdonald,1911,Wing,?,1,0,0,0,g,n,i
Andrew Ross,1911,Lock,Edinbu,4,0,0,0,g,n,i
Andrew Greig,1911,Fullback,Glasgow,1,0,0,0,United Kingdom,G,Scotland
Carl Ogilvy,1911,Fullback,?,3,0,0,0,g,n,i
David Bain,1911,Prop,Edinburgh,11,4,0,0,United Kingdom,Scotland,City of Edinburgh
John Dobson,1911,Hooker,?,6,2,0,0,g,n,i
JY Henderson,1911,Fly-half,Edinburgh,1,0,0,0,United Kingdom,Scotland,City of Edinburgh
William Hutchison,1911,Lock,Glasgow,1,0,0,0,United Kingdom,G,Scotland
Ronald Simson,1911,Centre,Edinburgh,1,0,1,3,United Kingdom,Scotland,City of Edinburgh
Stephen Steyn,1911,Wing,Moorreesburg,2,0,0,0,South Africa,Western Cape,West Coast District Municipality
Mike Dickson,1912,Fullback,1884,7,4,0,0,Sverige,Svealand,Örebro län
Sandy Gunn,1912,Fly-half,Pontypool,5,2,1,3,United Kingdom,NP4,Wales
Colin Hill,1912,Forward,Fife,2,1,0,0,United Kingdom,Scotland,Fife
Dave Howie,1912,Lock,Mid,7,3,0,0,Isle of Man,Middle,Missing
Jenny Hume,1912,Scrum-half,Edinburgh,7,3,1,3,United Kingdom,Scotland,City of Edinburgh
William Purves,1912,Lock,Wimbledon,6,2,1,3,United Kingdom,England,Greater London
Robert Robertson,1912,Forward,?,1,1,0,0,g,n,i
George Will,1912,Wing,Croydon,7,2,5,15,United Kingdom,England,Greater London
James Boyd,1912,Fly-half,Amoy,2,1,0,0,United States of America,Ohio,Richland County
Billy Burnet,1912,Centre,?,1,1,0,0,g,n,i
Charlie Usher,1912,No. 8,?,16,8,2,6,g,n,i
Patrick Blair,1912,Prop,Wanlockhead,5,2,0,0,United Kingdom,Scotland,Dumfries and Galloway
Roland Gordon,1913,Centre,Malaya,3,2,2,6,Philippines,Metro Manila,Quezon City
George Ledingham,1913,Forward,Aberdeen,1,1,0,0,United Kingdom,Scotland,Aberdeenshire
John Macdougall,1913,Lock,Greenock,5,1,0,0,United Kingdom,Scotland,Inverclyde
Bill Stewart,1913,Wing,Tas,4,2,8,24,Australia,Tasmania,Missing
Rufus Bruce-Lockhart,1913,Centre,Ayrshire,2,0,0,4,United Kingdom,Scotland,Ayrshire
Thomas Bowie,1913,Fly-half,Edinburgh,4,1,1,7,United Kingdom,Scotland,City of Edinburgh
George Maxwell,1913,Flanker,Edinburgh,13,3,0,7,United Kingdom,Scotland,City of Edinburgh
Eric Loudoun-Shand,1913,Centre,Lambeth,1,0,0,0,United Kingdom,England,Greater London
John Sweet,1913,Wing,?,2,0,0,0,g,n,i
Willie Wallace,1913,Fullback,Edinburgh,4,0,0,0,United Kingdom,Scotland,City of Edinburgh
David Donald,1914,Prop,?,2,0,0,0,g,n,i
Andrew Hamilton,1914,Fly-half,Hamilton,2,1,0,0,Canada,Ontario,Hamilton
Podger Laing,1914,Lock,?,7,3,0,4,g,n,i
Ronald Scobie,1914,Centre,?,3,0,0,0,g,n,i
Allen Sloan,1914,Wing,Edinburgh,9,4,3,9,United Kingdom,Scotland,City of Edinburgh
Archibald Stewart,1914,Forward,Leith,1,0,0,0,United Kingdom,Scotland,City of Edinburgh
Archibald Symington,1914,Lock,Calcutta,2,0,0,0,India,West Bengal,Kolkata
Jock Wemyss,1914,Prop,Galashiels,7,2,0,0,United Kingdom,Scotland,Scottish Borders
Jack Warren,1914,Centre,Glasgow,1,0,0,0,United Kingdom,G,Scotland
James Huggan,1914,Wing,Jedburgh,1,0,1,3,United Kingdom,Scotland,Scottish Borders
Ian Moffat-Pender,1914,Prop,?,1,0,0,0,g,n,i
Eric Young,1914,Flanker,?,1,0,0,0,g,n,i
Gerard Crole,1920,Wing,Edinburgh,4,3,3,9,United Kingdom,Scotland,City of Edinburgh
Denoon Duncan,1920,Prop,1893,4,3,0,0,Österreich,8160,Steiermark
Ernest Fahmy,1920,Centre,Amoy,4,3,0,0,United States of America,Ohio,Richland County
Bob Gallie,1920,Hooker,?,8,4,0,0,g,n,i
Finlay Kennedy,1920,Prop,?,5,3,0,13,g,n,i
Monty Murray,1920,Flanker,Glasgow,3,2,0,0,United Kingdom,G,Scotland
George Pattullo,1920,Fullback,Ceylon,4,3,0,0,United States of America,penna,Greene County
George Thom,1920,Flanker,Fife,4,3,0,0,United Kingdom,Scotland,Fife
Eric MacKay,1920,Wing,Glasgow,2,1,0,0,United Kingdom,G,Scotland
Neil Macpherson,1920,Forward,Cardiff,11,3,0,0,United Kingdom,Wales,Cardiff
Jake Selby,1920,Scrum-half,Port William,2,2,0,0,United States of America,Alaska,Kodiak Island
Arthur Browning,1920,Wing,Renfrew,7,4,5,22,United Kingdom,Scotland,Renfrewshire
Charles Nimmo,1920,Scrum-half,Edinburgh,1,0,0,0,United Kingdom,Scotland,City of Edinburgh
John Bannerman,1921,Lock,Glasgow,37,22,2,6,United Kingdom,G,Scotland
Jimmy Carmichael,1921,Wing,Edinburgh,3,1,0,0,United Kingdom,Scotland,City of Edinburgh
Ronald Cumming,1921,Prop,Speyside,2,1,0,0,Trinidad and Tobago,Speyside,Missing
Hector Forsayth,1921,Fullback,NSW,7,2,0,0,Australia,New South Wales,Missing
Leslie Gracie,1921,Centre,Ceylon,13,5,2,6,United States of America,penna,Greene County
Ian Kilgour,1921,Wing,?,1,0,0,0,g,n,i
Alpin Thomson,1921,Centre,WA,3,1,1,3,United States of America,Washington,Missing
Rankin Buchanan,1921,Hooker,1896,16,9,1,3,Россия,СКФО,Карачаево-Черкесия
Russell Donald,1921,Fly-half,Glasgow,3,1,0,0,United Kingdom,G,Scotland
George Douglas,1921,Lock,?,1,1,0,0,g,n,i
Hamish Shaw,1921,No. 8,?,2,1,0,0,g,n,i
John McCrow,1921,Wing,Chirnside,1,0,0,0,United Kingdom,Scotland,Scottish Borders
George Murray,1921,Prop,Glasgow,2,1,0,0,United Kingdom,G,Scotland
Jock Stewart,1921,Flanker,?,1,0,0,0,g,n,i
Cecil Mackenzie,1921,Centre,1889,1,0,0,0,United States of America,North Carolina,Haywood County
David Bertram,1922,Hooker,Edinburgh,11,6,2,8,United Kingdom,Scotland,City of Edinburgh
Doug Davies,1922,No. 8,Ashkirk,24,12,0,3,United Kingdom,Scotland,Scottish Borders
Jimmy Dykes,1922,Centre,Glasgow,20,14,3,20,United Kingdom,G,Scotland
Bill Johnston,1922,Fullback,1896,1,0,0,0,Россия,СКФО,Карачаево-Черкесия
Jock Lawrie,1922,Flanker,Melrose,11,6,0,0,United States of America,Massachusetts,Middlesex County
Eric Liddell,1922,Wing,Tientsin,7,4,4,12,中华人民共和国,天津市,和平区 (Heping)
Phil Macpherson,1922,Centre,Newtonmore,26,13,4,12,United Kingdom,Scotland,Highland
Andrew Stevenson,1922,Prop,Glasgow,4,2,0,0,United Kingdom,G,Scotland
Willie Bryce,1922,Scrum-half,Lancs,11,6,3,9,United Kingdom,S6 3TB,England
William Dobson,1922,Prop,?,3,1,0,0,g,n,i
Ronald Warren,1922,Fullback,Glasgow,5,2,0,0,United Kingdom,G,Scotland
Jimmy Tolmie,1922,Wing,United States,1,0,0,0,United States of America,Missing,Missing
Dan Drysdale,1923,Fullback,Stirlingshire,30,18,0,45,United Kingdom,Scotland,Stirlingshire
David Kerr,1923,Prop,?,10,5,2,6,g,n,i
Teddy McLaren,1923,Centre,?,5,3,3,9,g,n,i
Samuel McQueen,1923,Fly-half,Liverpool,4,3,1,3,United Kingdom,England,North West England
Ludo Stuart,1923,Lock,?,8,3,1,3,g,n,i
Johnny Wallace,1921,Wing,NSW,17,11,16,48,Australia,New South Wales,Missing
Robert Simpson,1923,Flanker,Glasgow,1,1,0,0,United Kingdom,G,Scotland
Kelvin Hendrie,1924,No. 8,1898,4,2,0,0,Luxembourg,1898,District Luxembourg
Bob Howie,1924,Prop,Gorebridge,11,5,0,0,United Kingdom,Scotland,Midlothian
Chris Mackintosh,1924,Wing,Charville,1,0,0,0,France,91910,France métropolitaine
Andrew Ross,1924,Hooker,1904,2,1,0,0,Sverige,Svealand,Västmanlands län
Herbert Waddell,1924,Fly-half,Glasgow,18,11,7,45,United Kingdom,G,Scotland
George Aitken,1921,Centre,Westport,10,8,0,0,United States of America,Connecticut,Fairfield County
Sandy Gillies,1924,No. 8,Argyll,12,10,1,26,Australia,Queensland,Argyll
Ian Smith,1924,Wing,VIC,34,20,24,72,Australia,Victoria,Missing
Robert Henderson,1924,Forward,Coldstream,4,1,0,0,United States of America,Kentucky,Jefferson County
Robert Millar,1924,Wing,?,1,1,0,0,g,n,i
James Gilchrist,1925,Hooker,?,1,1,0,0,g,n,i
David MacMyn,1925,Lock,Kirkcudbright,11,10,2,6,United Kingdom,Scotland,Dumfries and Galloway
Jimmy Nelson,1925,Scrum-half,Glasgow,25,15,2,6,United Kingdom,G,Scotland
John Paterson,1925,Flanker,?,21,15,2,6,g,n,i
James Scott,1925,Lock,?,18,13,2,6,g,n,i
William Stevenson,1925,Prop,?,1,1,0,0,g,n,i
Jimmie Ireland,1925,Hooker,Glasgow,11,9,0,0,United Kingdom,G,Scotland
William Berkley,1926,Prop,?,4,3,0,0,g,n,i
Roy Kinnear,1924,Centre,Edinburgh,7,2,0,0,United Kingdom,Scotland,City of Edinburgh
Max Simmers,1926,Wing,Glasgow,28,13,6,18,United Kingdom,G,Scotland
Jimmie Graham,1926,Flanker,Selkirk,15,6,1,3,Canada,Manitoba,Selkirk
Gordon Boyd,1926,Wing,Lanarkshire,1,1,0,0,United Kingdom,Scotland,Lanarkshire
Jock Allan,1927,Prop,?,17,7,0,27,g,n,i
Edward Taylor,1927,Wing,1907,2,2,0,0,Algérie الجزائر,Sétif - سطيف‎,Draa Kebila
Peter Douty,1927,Scrum-half,Leeds,3,2,1,3,United Kingdom,England,Yorkshire and the Humber
William Ferguson,1927,Prop,?,5,2,0,0,g,n,i
Harry Greenlees,1927,Fly-half,Pollockshields,6,4,0,0,g,n,i
Robert Kelly,1927,Centre,Edinburgh,4,2,0,0,United Kingdom,Scotland,City of Edinburgh
William Roughead,1927,Hooker,?,12,4,0,0,g,n,i
Willie Welsh,1927,Flanker,Hawick,22,10,1,3,United Kingdom,Scotland,Scottish Borders
Jimmy Ferguson,1928,Prop,?,1,0,0,0,g,n,i
John Goodfellow,1928,Wing,?,3,0,0,0,g,n,i
Jo Hume,1928,Centre,Mx,2,0,0,0,Estados Unidos Mexicanos,Missing,Missing
Harry Lind,1928,Centre,Fifeshire,16,6,1,7,New Zealand/Aotearoa,Nelson,Fifeshire Rock
Alex Brown,1928,Fly-half,Edinburgh,3,1,0,7,United Kingdom,Scotland,City of Edinburgh
Jock Beattie,1929,Lock,Hawick,23,9,0,0,United Kingdom,Scotland,Scottish Borders
Hugh Mackintosh,1929,Hooker,Helmsdale,16,6,3,9,United Kingdom,Scotland,Highland
Bob Smith,1929,Prop,?,7,4,0,0,g,n,i
Kenneth Wright,1929,Flanker,?,4,3,0,0,g,n,i
Tom Aitchison,1929,Fullback,Galashiels,3,2,0,0,United Kingdom,Scotland,Scottish Borders
Thomas Brown,1929,Centre,Edinburg,1,0,0,0,United Kingdom,Scotland,City of Edinburgh
Charlie Brown,1929,Wing,nr Falkirk,1,1,1,3,g,n,i
William Emslie,1930,Fly-half,United States,2,0,0,0,United States of America,Missing,Missing
Reginald Langrish,1930,Fullback,?,4,1,0,0,g,n,i
Bobby Rowand,1930,Flanker,?,7,4,0,0,g,n,i
Jack Stewart,1930,Lock,?,1,0,0,0,g,n,i
Frank Waters,1930,Flanker,Middx,7,1,1,7,g,n,i
Bill Agnew,1930,Lock,Glasgow,2,1,0,0,United Kingdom,G,Scotland
Jerry Foster,1930,Prop,Hallrule Hobkirk,4,1,0,0,g,n,i
Thomas Hart,1930,Centre,Glasgow,2,1,0,0,United Kingdom,G,Scotland
Sammy Ford,1930,Centre,Hants,5,1,2,6,Canada,Nova Scotia,Hants County
James Hutton,1930,Centre,Tsientsin,2,1,0,0,g,n,i
Henry Polson,1930,Flanker,Gala,1,0,0,0,Nigeria,Kano,Sumaila
David McLaren,1931,Lock,?,1,1,0,0,g,n,i
Alexander Walker,1931,Lock,Ayrshire,5,2,0,0,United Kingdom,Scotland,Ayrshire
Alfred Wilson,1931,Centre,?,3,2,0,0,g,n,i
James Wilson,1931,No. 8,Dundee,5,2,0,0,United Kingdom,Scotland,Dundee City
Donald Crichton-Miller,1931,Flanker,San Resno,3,1,2,6,España,Castilla-La Mancha,Cuenca
Dod Wood,1931,Wing,Galashiels,5,0,1,3,United Kingdom,Scotland,Scottish Borders
Ross Logan,1931,Scrum-half,Edinburgh,20,7,2,6,United Kingdom,Scotland,City of Edinburgh
James Forrest,1932,Wing,?,3,1,0,0,g,n,i
Thomas Lawther,1932,Fullback,Bute,2,0,0,0,United Kingdom,Scotland,Argyll and Bute
Mark Stewart,1932,Lock,Musselburgh,9,4,0,0,United Kingdom,Scotland,East Lothian
Harry Hutton,1932,Fullback,?,1,0,0,0,g,n,i
Andrew Dykes,1932,Fullback,Bearsden,1,0,0,0,United Kingdom,G61,Scotland
John Macarthur,1932,Scrum-half,West Derby,1,0,0,0,United Kingdom,England,North West England
George Ritchie,1932,No. 8,Dundee,1,0,0,0,United Kingdom,Scotland,Dundee City
Francis Wright,1932,Lock,?,1,0,0,0,g,n,i
David Brown,1933,Fullback,Dunscore.Dumfries,3,3,0,0,United Kingdom,Scotland,Dumfries and Galloway
Ken Fyfe,1933,Wing,Karachi,10,3,3,25,‏پاکستان‎,سنڌ,Karāchi District
Mac Henderson,1933,No. 8,Tranent,3,3,0,0,United Kingdom,Scotland,East Lothian
Ken Jackson,1933,Fly-half,Shanghai,4,3,1,7,中华人民共和国,上海,黄浦区 (Huangpu)
Bertie Lorraine,1933,Centre,?,3,3,0,0,g,n,i
Jim Ritchie,1933,Prop,?,6,4,0,3,g,n,i
James Thom,1933,Prop,Kirkcaldy,3,3,0,0,United Kingdom,Scotland,Fife
Jack Waters,1933,No. 8,Musselburgh,17,7,0,0,United Kingdom,Scotland,East Lothian
Peter Gedge,1933,Wing,York,1,1,0,0,United Kingdom,England,Yorkshire and the Humber
Bill Burnet,1934,Lock,Glasgo,8,1,0,0,United States of America,Connecticut,New London County
Charles Dick,1934,Centre,Sevenoaks,14,6,6,18,United Kingdom,England,South East
Lindsay Lambie,1934,Flanker,Lanark,7,2,1,3,United Kingdom,ML11,Scotland
Douglas Lowe,1934,Lock,?,1,0,0,0,g,n,i
Kenneth Marshall,1934,Fullback,Kimberley,8,2,0,0,South Africa,Northern Cape,Frances Baard District Municipality
Jack Park,1934,Wing,Edinburgh,1,0,0,0,United Kingdom,Scotland,City of Edinburgh
Wilson Shaw,1934,Fly-half,1913,19,6,8,28,Norge,Troms,Skånland
David Thom,1934,Flanker,Hawick,5,1,1,3,United Kingdom,Scotland,Scottish Borders
James Cotter,1934,Fly-half,Motherwell,2,1,0,0,United Kingdom,ML1,Scotland
Gordon Cottington,1934,Hooker,?,5,1,0,0,g,n,i
John Crawford,1934,Wing,Kensington,1,1,1,3,United Kingdom,England,Greater London
Jack Watherston,1934,Flanker,Edinburgh,2,1,0,0,United Kingdom,Scotland,City of Edinburgh
Charlie Grieve,1935,Fullback,Philippine,4,1,0,4,Nederland,4553,Nederland
Bob Grieve,1935,Prop,St Boswells,7,1,0,0,United Kingdom,Scotland,Scottish Borders
Johnny Johnston,1935,Wing,Croydon,5,1,0,0,United Kingdom,England,Greater London
Ronald Murray,1935,Prop,Glasgow,2,1,0,0,United Kingdom,G,Scotland
Alastair McNeil,1935,Prop,Edinburgh,1,0,0,0,United Kingdom,Scotland,City of Edinburgh
William Murdoch,1935,Fullback,Old Kilpatrick,9,3,1,15,Canada,Ontario,Kilpatrick Creek
Peter Tait,1935,Hooker,?,1,1,0,0,g,n,i
Dod Gray,1935,Hooker,?,4,1,0,0,g,n,i
Jimmy Kerr,1935,Fullback,Edinburgh,5,1,0,0,United Kingdom,Scotland,City of Edinburgh
Duncan Shaw,1935,Flanker,Galashiels,6,1,0,7,United Kingdom,Scotland,Scottish Borders
Malcolm Cooper,1936,Flanker,Napier,2,0,0,0,New Zealand/Aotearoa,Hawke's Bay,Napier City
Harvey Druitt,1936,Hooker,?,3,0,0,0,g,n,i
Laurie Duff,1936,No. 8,Lanark,8,4,2,6,United Kingdom,ML11,Scotland
Hugh Murray,1936,Centre,Coatbridge,2,0,1,3,United Kingdom,ML5,Scotland
Vivian Weston,1936,Flanker,Glasgow,2,0,0,0,United Kingdom,G,Scotland
Robert Whitworth,1936,Wing,United States,1,0,0,0,United States of America,Missing,Missing
Rob Barrie,1936,Flanker,Hawick,1,0,0,0,United Kingdom,Scotland,Scottish Borders
Maurice Henderson,1937,Prop,?,3,1,0,0,g,n,i
George Horsburgh,1937,Lock,Stirling,9,4,0,0,United Kingdom,Scotland,Stirlingshire
Joe Inglis,1937,Prop,Berwick,6,4,0,0,United Kingdom,England,North East England
Duncan Macrae,1937,Centre,Balmacara,10,4,1,3,United Kingdom,Scotland,Highland
Christian Melville,1937,Lock,?,3,1,0,0,g,n,i
Bill Ross,1937,Fly-half,?,2,1,0,0,g,n,i
Bill Young,1937,Flanker,Ardrossan,10,5,1,3,United Kingdom,Scotland,North Ayrshire
Rab Bruce-Lockhart,1937,Fly-half,Rugby,3,0,0,0,United Kingdom,England,West Midlands
Ian Shaw,1937,Centre,Glasgow,1,0,0,4,United Kingdom,G,Scotland
Robert Dryden,1937,Wing,Edinburgh,1,0,0,0,United Kingdom,Scotland,City of Edinburgh
Jake Borthwick,1938,Prop,Edinburgh,2,2,0,0,United Kingdom,Scotland,City of Edinburgh
Wilf Crawford,1938,Flanker,Rochester,5,3,1,21,United States of America,New York,Monroe County
Tommy Dorward,1938,Scrum-half,Galashiels,5,3,0,4,United Kingdom,Scotland,Scottish Borders
Archibald Drummond,1938,Wing,Glasgow,2,2,1,6,United Kingdom,G,Scotland
John Forrest,1938,Wing,Rhodesia,3,3,2,6,United Kingdom,England,East Midlands
John Hastie,1938,Hooker,Peebles,3,3,0,0,United Kingdom,Scotland,Scottish Borders
George Roberts,1938,Fullback,Edinburgh,5,3,0,0,United Kingdom,Scotland,City of Edinburgh
Allan Roy,1938,Lock,Southport,6,3,0,0,United Kingdom,England,North West England
William Blackadder,1938,Prop,Edinburgh,1,1,0,0,United Kingdom,Scotland,City of Edinburgh
William Renwick,1938,Wing,Edinburgh,2,1,2,6,United Kingdom,Scotland,City of Edinburgh
Willie Brydon,1939,Scrum-half,?,1,0,0,0,g,n,i
John Craig,1939,Wing,Calcutta,1,0,0,0,India,West Bengal,Kolkata
George Gallie,1939,Prop,Edinburgh,1,0,0,0,United Kingdom,Scotland,City of Edinburgh
Donny Innes,1939,Centre,Aberdeen,8,2,1,3,United Kingdom,Scotland,Aberdeenshire
Bill Purdie,1939,Prop,Jedburgh,3,0,0,0,United Kingdom,Scotland,Scottish Borders
Sammy Sampson,1939,Hooker,South America,2,0,0,0,South America,Missing,Missing
Ian Graham,1939,Hooker,Forfar,2,0,0,0,United Kingdom,Scotland,Angus
Ian Henderson,1939,Prop,Tranent,8,1,0,0,United Kingdom,Scotland,East Lothian
Donald Mackenzie,1939,No. 8,Edinburgh,2,0,0,0,United Kingdom,Scotland,City of Edinburgh
Bill Penman,1939,Fullback,London,1,0,0,0,United Kingdom,England,Greater London
Gus Black,1947,Scrum-half,Dunfermline,8,2,0,0,United Kingdom,Scotland,Fife
Russell Bruce,1947,Fly-half,?,8,2,0,0,g,n,i
George Cawkwell,1947,Lock,Auckland,1,0,0,0,New Zealand/Aotearoa,Auckland,Missing
David Deas,1947,No. 8,?,2,0,0,0,g,n,i
Charlie Drummond,1947,Centre,St Boswells,11,4,1,3,United Kingdom,Scotland,Scottish Borders
Doug Elliot,1947,Flanker,Midlothian,29,7,2,6,United Kingdom,Scotland,Midlothian
Keith Geddes,1947,Fullback,Woking,4,0,0,10,Canada,Alberta,Woking
John Hunter,1947,Lock,Kirkcaldy,1,0,0,0,United Kingdom,Scotland,Fife
Graeme Jackson,1947,Wing,Sidcup,12,4,2,6,United Kingdom,England,Greater London
Ian Lumsden,1947,Fullback,Edinbur,7,2,0,0,g,n,i
Thomas McGlashan,1947,Prop,Edinburgh,8,0,0,0,United Kingdom,Scotland,City of Edinburgh
Bill MacLennan,1947,Wing,Edinburgh,2,0,0,0,United Kingdom,Scotland,City of Edinburgh
John Orr,1947,Flanker,Edinburgh,2,0,0,0,United Kingdom,Scotland,City of Edinburgh
Alexander Watt,1947,No. 8,?,6,1,0,0,g,n,i
Richard Aitken,1947,Prop,Dunbar,1,0,0,0,United Kingdom,Scotland,East Lothian
Frank Coutts,1947,Lock,Glasgow,3,0,0,0,United Kingdom,G,Scotland
David Mackenzie,1947,Wing,Wallsend-on-Tyne,6,1,0,0,United Kingdom,NE10 0QX,England
Ernie Anderson,1947,Scrum-half,?,2,0,0,0,g,n,i
Howard Campbell,1947,Prop,Nairobi,4,1,0,0,Kenya,Nairobi,Missing
Alastair Fisher,1947,Hooker,Edinburgh,2,0,0,0,United Kingdom,Scotland,City of Edinburgh
Jimmy Lees,1947,Flanker,Selkirk,5,2,0,0,Canada,Manitoba,Selkirk
Duncan McLean,1947,No. 8,?,2,0,0,0,g,n,i
Billy Munro,1947,Centre,?,2,0,0,0,g,n,i
Dave Valentine,1947,Flanker,Hawick,2,0,0,0,United Kingdom,Scotland,Scottish Borders
Dallas Allardice,1947,Scrum-half,Glasgow,8,3,0,5,United Kingdom,G,Scotland
Robert Bruce,1947,Prop,Aberdeen,4,1,0,0,United Kingdom,Scotland,Aberdeenshire
Leslie Currie,1947,Lock,?,8,3,0,0,g,n,i
Hamish Dawson,1947,Prop,?,20,6,1,3,g,n,i
Peter Hepburn,1947,Fly-half,?,9,4,0,4,g,n,i
Doddie Lyall,1947,Hooker,?,5,2,0,0,g,n,i
Charlie McDonald,1947,Wing,Jedburgh,1,0,0,3,United Kingdom,Scotland,Scottish Borders
Tommy Wright,1947,Centre,Hawick,1,0,0,0,United Kingdom,Scotland,Scottish Borders
Bill Black,1948,Prop,United States,5,2,0,0,United States of America,Missing,Missing
Angus Cameron,1948,Fly-half,Glasgow,19,6,2,29,United Kingdom,G,Scotland
Stewart Coltman,1948,Prop,Hawick,5,2,0,0,United Kingdom,Scotland,Scottish Borders
Logie Bruce-Lockhart,1948,Fly-half,Rugby,5,2,0,2,United Kingdom,England,West Midlands
Robert Finlay,1948,Lock,Edinburgh,1,1,0,0,United Kingdom,Scotland,City of Edinburgh
Gibbie Abercrombie,1949,Hooker,1928,7,4,1,3,Norge,Troms,Torsken
Laurie Gloag,1949,Centre,Stokesley,4,2,1,3,United Kingdom,England,Yorkshire and the Humber
Doug Keller,1947,Flanker,NSW,13,6,0,0,Australia,New South Wales,Missing
Peter Kininmonth,1949,No. 8,Cheshire,24,5,1,6,United States of America,Connecticut,New Haven County
Doug Smith,1949,Wing,Aberdeen,9,4,1,3,United Kingdom,Scotland,Aberdeenshire
Gullie Wilson,1949,Lock,?,3,2,0,3,g,n,i
Alex Thomson,1949,Lock,?,1,0,0,0,g,n,i
John Macphail,1949,Hooker,?,2,0,0,0,g,n,i
Steven Wright,1949,Prop,Tsengchow,1,0,0,0,g,n,i
Grahame Budge,1950,Prop,Manitoba,5,2,1,3,Canada,Manitoba,Missing
Dod Burrell,1950,Fullback,Galashiels,4,1,0,0,United Kingdom,Scotland,Scottish Borders
Arthur Dorward,1950,Scrum-half,Galashiels,15,3,0,3,United Kingdom,Scotland,Scottish Borders
Bob Gemmill,1950,Lock,Glasgow,7,3,0,0,United Kingdom,G,Scotland
Ranald Macdonald,1950,Centre,Consett,6,3,2,6,United Kingdom,England,North East England
Douglas Muir,1950,Lock,Edinburgh,7,2,0,0,United Kingdom,Scotland,City of Edinburgh
Donald Sloan,1950,Centre,Edinburgh,7,3,3,9,United Kingdom,Scotland,City of Edinburgh
Donald Scott,1950,Centre,Langholm,10,2,0,0,United Kingdom,Scotland,Dumfries and Galloway
Tommy Gray,1950,Fullback,?,3,1,0,10,g,n,i
Hamish Scott,1950,Flanker,Edinburgh,1,1,0,0,United Kingdom,Scotland,City of Edinburgh
Allan Cameron,1951,Centre,Glasgow,3,0,0,0,United Kingdom,G,Scotland
Ian Coutts,1951,Centre,Herne Hill,2,0,0,0,United Kingdom,England,Greater London
Jack Hegarty,1951,Lock,Hawick,6,0,0,0,United Kingdom,Scotland,Scottish Borders
Hamish Inglis,1951,Lock,Calcutta,7,1,0,2,India,West Bengal,Kolkata
Norman Mair,1951,Hooker,Edinburgh,4,1,0,0,United Kingdom,Scotland,City of Edinburgh
David Rose,1951,Wing,Jedburgh,7,1,3,9,United Kingdom,Scotland,Scottish Borders
Iain Ross,1951,Scrum-half,?,4,1,0,0,g,n,i
Oliver Turnbull,1951,Centre,Melrose,2,0,0,0,United States of America,Massachusetts,Middlesex County
Bob Wilson,1951,Prop,Galashiels,8,1,0,0,United Kingdom,Scotland,Scottish Borders
Bob Gordon,1951,Wing,?,6,1,2,6,g,n,i
Robert Taylor,1951,Flanker,?,4,1,0,0,g,n,i
Ian Thomson,1951,Fullback,Edinburgh,7,1,0,27,United Kingdom,Scotland,City of Edinburgh
Ken Dalgleish,1951,Wing,Burma,4,0,0,0,ပြည်ထောင်စုမြန်မာနိုင်ငံတော်‌,Missing,Missing
John Hart,1951,Wing,Stirling,1,0,0,0,United Kingdom,Scotland,Stirlingshire
Jimmy Johnston,1951,Lock,St Boswells,5,0,1,3,United Kingdom,Scotland,Scottish Borders
Les Allan,1952,Centre,Melrose,4,0,0,0,United States of America,Massachusetts,Middlesex County
Ian Cordial,1952,Centre,?,4,0,1,3,g,n,i
Norman Davidson,1952,Fly-half,Hawick,7,0,1,3,United Kingdom,Scotland,Scottish Borders
John Fox,1952,Prop,1921,4,0,0,0,Algérie الجزائر,Sétif - سطيف‎,Daïra Djemila
Kelso Fulton,1952,Scrum-half,Edinburgh,2,0,0,0,United Kingdom,Scotland,City of Edinburgh
Jim Greenwood,1952,No. 8,Dunfermline,24,10,2,6,United Kingdom,Scotland,Fife
Norman Munnoch,1952,Hooker,nr Falkirk,3,0,0,0,g,n,i
Mike Walker,1952,Lock,London,1,0,0,0,United Kingdom,England,Greater London
Neil Cameron,1952,Fullback,Carlisle,3,0,0,2,United Kingdom,England,North West England
Percy Friebe,1952,No. 8,?,1,0,0,0,g,n,i
David Gilbert-Smith,1952,Flanker,Poona,1,0,0,0,Australia,Queensland,Poona
James Inglis,1952,Prop,?,1,0,0,0,g,n,i
Grant Weatherstone,1952,Wing,1931,16,2,3,9,Norge,Troms,Lenvik
Chick Henderson,1953,"Lock, Flanker",Johannesburg,9,0,3,9,South Africa,2001,Gauteng
Jock King,1953,Hooker,?,4,0,0,0,g,n,i
Donald Macdonald,1953,No. 8,Banff,4,0,0,0,Canada,Alberta,Banff
Keith McMillan,1953,Flanker,South Africa?,4,0,0,0,South Africa,Missing,Missing
Bruce Thomson,1953,Prop,1930,3,0,0,0,België - Belgique - Belgien,1930,Vlaanderen
Alec Valentine,1953,Flanker,Hawick,3,0,0,0,United Kingdom,Scotland,Scottish Borders
Donald Cameron,1953,Centre,Glasgow,6,0,0,0,United Kingdom,G,Scotland
Edwin Henriksen,1953,No. 8,?,1,0,0,0,g,n,i
Gurth Hoyer-Millar,1953,Hooker,London,1,0,0,0,United Kingdom,England,Greater London
Ken Spence,1953,Scrum-half,?,1,0,0,0,g,n,i
John Wilson,1953,Prop,Edinburgh,1,0,0,0,United Kingdom,Scotland,City of Edinburgh
William Cowie,1953,No. 8,Glasgow,1,0,0,0,United Kingdom,G,Scotland
Walter Kerr,1953,Flanker,Purley,1,0,0,0,United Kingdom,England,Greater London
Ian Swan,1953,Wing,St Andrew's,17,6,1,3,United Kingdom,Scotland,Fife
Ewen Fergusson,1954,Lock,1932,5,0,0,0,Algérie الجزائر,Sétif - سطيف‎,Daïra Hammam Sokhna
Bob MacEwen,1954,Hooker,Oxford,13,3,0,0,United Kingdom,England,South East
Hugh McLeod,1954,Prop,Hawick,46,16,0,0,United Kingdom,Scotland,Scottish Borders
John Marshall,1954,Fullback,Sheffield,5,0,0,0,United Kingdom,England,Yorkshire and the Humber
Ernie Michie,1954,Lock,Aberdeen,15,5,1,3,United Kingdom,Scotland,Aberdeenshire
Adam Robson,1954,Flanker,Hawick,22,7,0,0,United Kingdom,Scotland,Scottish Borders
Kim Elgie,1954,Centre,Durban,8,2,1,14,South Africa,KwaZulu-Natal,eThekwini Metropolitan Municipality
Pat MacLachlan,1954,Scrum-half,South Rhodesia,4,0,0,0,United States of America,Washington,Pacific County
Graham Ross,1954,Fly-half,Edinburgh,4,0,0,0,United Kingdom,Scotland,City of Edinburgh
Hamish Kemp,1954,Lock,Glasgow,27,9,2,6,United Kingdom,G,Scotland
Jimmy Docherty,1955,Centre,Glasgow,8,3,0,3,United Kingdom,G,Scotland
Hugh Duffy,1955,Flanker,Shotts,1,0,0,0,United Kingdom,Scotland,North Lanarkshire
Micky Grant,1955,Fly-half,Norwich,4,2,0,0,United Kingdom,England,East of England
Ian Hastie,1955,Prop,Kelso,6,2,1,3,United States of America,Washington,Cowlitz County
William Relph,1955,Hooker,?,4,2,0,0,g,n,i
Robin Charters,1955,Centre,Hawick,3,2,0,0,United Kingdom,Scotland,Scottish Borders
Tom Elliot,1955,Prop,nr Gala,14,6,0,0,Italia,97100,SIC
William Glen,1955,Flanker,?,1,1,0,0,g,n,i
James Nichol,1955,Scrum-half,Edinburgh,3,2,1,3,United Kingdom,Scotland,City of Edinburgh
Arthur Smith,1955,Wing,Castle Douglas,36,13,12,58,United Kingdom,Scotland,Kirkcudbrightshire
Robin Chisholm,1955,Fullback,St Boswells,11,4,0,5,United Kingdom,Scotland,Scottish Borders
Ian MacGregor,1955,Flanker,Glasgow,9,4,0,0,United Kingdom,G,Scotland
Nim Campbell,1956,Scrum-half,Rhondda,2,1,0,0,United Kingdom,Wales,Rhondda Cynon Taf
Keith Macdonald,1956,Centre,Dundee,6,2,0,0,United Kingdom,Scotland,Dundee City
Tommy McClung,1956,Centre,?,9,2,0,4,g,n,i
George Stevenson,1956,Centre,Hawick,24,10,3,9,United Kingdom,Scotland,Scottish Borders
Edward McKeating,1957,Centre,Edinburgh,6,4,0,0,United Kingdom,Scotland,City of Edinburgh
Ken Scotland,1957,Fullback,Edinburgh,32,13,0,79,United Kingdom,Scotland,City of Edinburgh
John Allan,1957,Wing,?,2,0,0,0,g,n,i
Jimmy Maxwell,1957,Fly-half,?,1,0,0,0,g,n,i
Ken Smith,1957,Flanker,Edinburgh,22,8,1,3,United Kingdom,Scotland,City of Edinburgh
Gordon Waddell,1957,Fly-half,Glasgow,20,6,0,0,United Kingdom,G,Scotland
Norman Bruce,1958,Hooker,Edinburgh,31,13,3,9,United Kingdom,Scotland,City of Edinburgh
Mike Robertson,1958,Flanker,?,1,1,0,0,g,n,i
Tremayne Rodd,1958,Scrum-half,?,14,3,0,0,g,n,i
Malcolm Swan,1958,Lock,Buenos Aires,8,3,0,0,Argentina,CABA,Comuna 6
Christie Elliot,1958,Wing,1933,12,3,0,8,Norge,Troms,Balsfjord
Stan Coughtrie,1959,Scrum-half,Hamilton,11,5,0,8,Canada,Ontario,Hamilton
Ian Laughland,1959,Centre,Bombay,31,13,2,9,India,Maharashtra,Greater Bombay
Frans Bos,1959,Lock,Richmond,17,6,1,3,United States of America,Virginia,Henrico
Jock Davidson,1959,No. 8,Ross,3,1,0,0,United States of America,Ohio,Ross County
David Rollo,1959,Prop,Fife,40,15,0,0,United Kingdom,Scotland,Fife
Jim Shackleton,1959,Centre,Assam,7,2,1,3,India,Assam,Missing
Keith Bearne,1960,No. 8,London,2,0,0,0,United Kingdom,England,Greater London
Joe McPartlin,1960,Centre,West Hartlepool,6,2,0,0,United Kingdom,England,North East England
Gregor Sharp,1960,Fly-half,Motherwell,4,1,0,0,United Kingdom,ML1,Scotland
Charlie Stewart,1960,Flanker,Yarrow,2,0,0,0,United Kingdom,England,South West England
David Edwards,1960,Flanker,?,3,1,0,0,g,n,i
Oliver Grant,1960,No. 8,Hawick,6,2,0,0,United Kingdom,Scotland,Scottish Borders
Brian Shillinglaw,1960,Scrum-half,?,5,1,0,0,g,n,i
Ronnie Thomson,1960,Wing,Finchley,15,6,3,9,United Kingdom,England,Greater London
Patrick Burnet,1960,Centre,Edinburgh,1,0,0,0,United Kingdom,Scotland,City of Edinburgh
Walter Hart,1960,Flanker,Newton St Boswells,1,0,0,0,g,n,i
Mike Campbell-Lamerton,1961,Lock,Valletta,31,13,1,3,Malta,Valletta,Missing
Ron Cowan,1961,Wing,Selkirk,6,2,2,6,Canada,Manitoba,Selkirk
John Douglas,1961,No. 8,Woolwich,12,6,1,3,United Kingdom,England,Greater London
Ken Ross,1961,Flanker,?,11,5,2,6,g,n,i
Alec Hastie,1961,Scrum-half,Hawick,18,10,0,0,United Kingdom,Scotland,Scottish Borders
John Brash,1961,Flanker,?,1,0,0,0,g,n,i
Ron Glasgow,1962,Flanker,?,10,5,3,9,g,n,i
Robert Steven,1962,Prop,Fyfe,1,1,0,0,Australia,4413,Queensland
Cameron Boyle,1963,Prop,Glasgow,3,2,0,0,United Kingdom,G,Scotland
William Watherston,1963,Flanker,Ford Midlothian,3,2,0,0,United Kingdom,Scotland,Midlothian
David White,1963,Centre,?,4,2,0,0,g,n,i
Colin Blaikie,1963,Fullback,Edinburgh,8,4,0,15,United Kingdom,Scotland,City of Edinburgh
Pringle Fisher,1963,Flanker,Edinburgh,25,9,0,0,United Kingdom,Scotland,City of Edinburgh
Brian Henderson,1963,Centre,?,12,5,2,6,g,n,i
Brian Neill,1963,Prop,Edinburgh,7,3,0,0,United Kingdom,Scotland,City of Edinburgh
Peter Brown,1964,No. 8,Troon,27,13,3,67,United Kingdom,Scotland,South Ayrshire
Billy Hunter,1964,Lock,?,7,3,0,0,g,n,i
Jim Telfer,1964,No. 8,Midlothian,33,11,3,9,United Kingdom,Scotland,Midlothian
Stewart Wilson,1964,Fullback,Downham,27,9,0,98,United Kingdom,England,Greater London
David Chisholm,1964,Fly-half,St Boswells,14,8,1,15,United Kingdom,Scotland,Scottish Borders
Doug Jackson,1964,Wing,?,8,4,0,0,g,n,i
Derrick Grant,1965,Flanker,Hawick,14,6,1,3,United Kingdom,Scotland,Scottish Borders
Frank Laidlaw,1965,Hooker,Hawick,34,10,0,0,United Kingdom,Scotland,Scottish Borders
Brian Simmers,1965,Centre,Glasgow,7,3,0,9,United Kingdom,G,Scotland
Peter Stagg,1965,Lock,Twickenham,31,10,0,0,United Kingdom,England,Greater London
Norm Suddon,1965,Prop,Roxburghshire,13,5,0,0,g,n,i
David Whyte,1965,Wing,?,13,6,2,6,g,n,i
Sandy Hinshelwood,1966,Wing,1942,24,8,6,18,Norge,Troms,Nordreisa
John Macdonald,1966,Prop,Kirkcaldy,8,4,0,0,United Kingdom,Scotland,Fife
Jock Turner,1966,Centre,Hawick,24,8,2,6,United Kingdom,Scotland,Scottish Borders
Alasdair Boyle,1966,No. 8,Glasgow,6,2,1,3,United Kingdom,G,Scotland
Sandy Carmichael,1967,Prop,Glasgow,50,19,1,3,United Kingdom,G,Scotland
Rob Welsh,1967,Centre,Hawick,2,0,0,0,United Kingdom,Scotland,Scottish Borders
Ian McCrae,1967,Scrum-half,?,6,2,0,0,g,n,i
John Frame,1967,Centre,Edinburgh,23,7,4,13,United Kingdom,Scotland,City of Edinburgh
Bob Keddie,1967,Wing,Edinburgh,1,0,0,0,United Kingdom,Scotland,City of Edinburgh
George Mitchell,1967,Lock,Edinburgh,3,0,0,0,United Kingdom,Scotland,City of Edinburgh
Hamish Keith,1968,Wing,?,2,0,1,3,g,n,i
Tommy Elliot,1968,Flanker,Langholm,5,3,0,0,United Kingdom,Scotland,Dumfries and Galloway
Rodger Arneil,1968,Flanker,Edinburgh,26,8,0,0,United Kingdom,Scotland,City of Edinburgh
Charlie Hodgson,1968,Wing,?,2,0,0,0,g,n,i
Alastair McHarg,1968,Lock,Irvine,44,17,2,8,United States of America,California,Orange County
Gordon Connell,1968,Scrum-half,Edinburgh,6,2,0,3,United Kingdom,Scotland,City of Edinburgh
Derek Deans,1968,Hooker,Hawick,1,0,0,0,United Kingdom,Scotland,Scottish Borders
Ian Robertson,1968,Fly-half,London,8,2,1,9,United Kingdom,England,Greater London
Chris Rea,1968,Centre,Dundee,13,5,3,9,United Kingdom,Scotland,Dundee City
Colin Telfer,1968,Fly-half,Hawick,17,9,3,18,United Kingdom,Scotland,Scottish Borders
Dick Allan,1969,Scrum-half,Glasgow,1,0,0,0,United Kingdom,G,Scotland
Wilson Lauder,1969,Flanker,Fife,18,5,2,19,United Kingdom,Scotland,Fife
Gordon Macdonald,1969,Fullback,Glasgow,1,0,0,0,United Kingdom,G,Scotland
Ian McLauchlan,1969,Prop,Tarbolton,51,20,1,3,United Kingdom,Scotland,South Ayrshire
Billy Steele,1969,Wing,Langholm,25,12,6,22,United Kingdom,Scotland,Dumfries and Galloway
Alastair Biggar,1969,Wing,Edinburgh,12,5,1,3,United Kingdom,Scotland,City of Edinburgh
Gordon Brown,1969,Lock,Troon,38,19,2,8,United Kingdom,Scotland,South Ayrshire
Duncan Paterson,1969,Scrum-half,Galashiels,10,4,1,6,United Kingdom,Scotland,Scottish Borders
Ian Smith,1969,Fullback,Dundee,8,2,2,14,United Kingdom,Scotland,Dundee City
Mike Smith,1970,Wing,Liverpool,4,1,1,3,United Kingdom,England,North West England
Robert Young,1970,Scrum-half,Edinburgh,1,0,0,0,United Kingdom,Scotland,City of Edinburgh
Ken Oliver,1970,No. 8,Galashiels,1,0,0,0,United Kingdom,Scotland,Scottish Borders
Nairn MacEwan,1971,Flanker,Dar-es-Salaam,20,10,1,4,Tanzania,Coastal,Dar es Salaam
Ronnie Hannah,1971,Wing,?,1,0,0,0,g,n,i
Arthur Brown,1971,Fullback,Galashiels,5,4,0,13,United Kingdom,Scotland,Scottish Borders
Quintin Dunlop,1971,Hooker,Ayr,2,2,0,0,United Kingdom,Scotland,South Ayrshire
Stephen Turk,1971,Centre,Cresswell,1,1,0,0,United Kingdom,Wales,Pembrokeshire
Gordon Strachan,1971,No. 8,Ayrshire,5,4,0,0,United Kingdom,Scotland,Ayrshire
Bobby Clark,1972,Hooker,Edinburgh,9,5,1,4,United Kingdom,Scotland,City of Edinburgh
Jim Renwick,1972,Centre,Hawick,53,17,8,67,United Kingdom,Scotland,Scottish Borders
Alan Lawson,1972,Scrum-half,Kirkcaldy,15,5,3,12,United Kingdom,Scotland,Fife
Ian Barnes,1972,Lock,Hawick,7,2,0,0,United Kingdom,Scotland,Scottish Borders
Lewis Dick,1972,Wing,Perth,14,6,2,8,Australia,Western Australia,Perth
Ian Forsyth,1972,Centre,Edinburgh,6,3,1,4,United Kingdom,Scotland,City of Edinburgh
Andy Irvine,1972,Fullback,Edinburgh,60,22,12,301,United Kingdom,Scotland,City of Edinburgh
Ian McGeechan,1972,Centre,Leeds,40,15,0,24,United Kingdom,England,Yorkshire and the Humber
David Shedden,1972,Wing,Kilwinning,15,6,2,8,United Kingdom,Scotland,North Ayrshire
Ronald Wright,1973,Lock,?,1,0,0,0,g,n,i
Jock Millican,1973,Flanker,Edinburgh,3,2,0,0,United Kingdom,Scotland,City of Edinburgh
Doug Morgan,1973,Scrum-half,Edinburgh,23,8,1,80,United Kingdom,Scotland,City of Edinburgh
Hamish Bryce,1973,Prop,?,1,1,0,0,g,n,i
Drew Gill,1973,Wing,Edinburgh,5,3,2,8,United Kingdom,Scotland,City of Edinburgh
Duncan Madsen,1974,Hooker,Gosforth,14,5,1,4,United Kingdom,England,North West England
Bill Watson,1974,No. 8,Edinburgh,10,3,0,0,United Kingdom,Scotland,City of Edinburgh
Michael Hunter,1974,Centre,?,1,1,0,0,g,n,i
David Bell,1975,Centre,Edinburgh,4,2,0,0,United Kingdom,Scotland,City of Edinburgh
Mike Biggar,1975,Flanker,Aberdeen,24,6,0,0,United Kingdom,Scotland,Aberdeenshire
David Leslie,1975,Flanker,Dundee,32,14,2,8,United Kingdom,Scotland,Dundee City
Graham Birkett,1975,Centre,Dumbarton,1,0,0,0,United Kingdom,Scotland,West Dunbartonshire
Colin Fisher,1975,Hooker,Liverpool,5,3,0,0,United Kingdom,England,North West England
Bruce Hay,1975,Wing,Edinburgh,26,5,4,16,United Kingdom,Scotland,City of Edinburgh
George Mackie,1975,No. 8,Aberdeen,4,1,0,0,United Kingdom,Scotland,Aberdeenshire
Alastair Cranston,1976,Centre,Hawick,11,2,0,0,United Kingdom,Scotland,Scottish Borders
Alan Tomes,1976,Lock,Hawick,48,17,3,12,United Kingdom,Scotland,Scottish Borders
Ron Wilson,1976,Fly-half,Mx,9,4,0,3,Estados Unidos Mexicanos,Missing,Missing
Jim Aitken,1977,Prop,Penicuik,24,12,1,4,United Kingdom,Scotland,Midlothian
Alex Brewster,1977,Prop,Dechmont,6,4,0,0,United Kingdom,Scotland,West Lothian
Don Macdonald,1977,No. 8,Durban,7,1,0,0,South Africa,KwaZulu-Natal,eThekwini Metropolitan Municipality
Bill Gammell,1977,Wing,Edinburgh,5,1,2,8,United Kingdom,Scotland,City of Edinburgh
Norman Pender,1977,Prop,Bridlington,4,1,0,0,United Kingdom,England,Yorkshire and the Humber
Brian Hegarty,1978,Flanker,?,4,0,0,0,g,n,i
Colin Deans,1978,Hooker,Hawick,52,21,2,8,United Kingdom,Scotland,Scottish Borders
Graham Hogg,1978,Wing,Hawick,2,0,0,0,United Kingdom,Scotland,Scottish Borders
Richard Breakey,1978,Fly-half,Consett,1,0,0,0,United Kingdom,England,North East England
David Gray,1978,Lock,Kilmarnock,9,1,0,0,United Kingdom,Scotland,East Ayrshire
Bob Cunningham,1978,Prop,Musselburgh,3,0,0,0,United Kingdom,Scotland,East Lothian
Gordon Dickson,1978,Flanker,Galashiels,9,1,1,4,United Kingdom,Scotland,Scottish Borders
Keith Robertson,1978,Wing,Hawick,44,14,8,41,United Kingdom,Scotland,Scottish Borders
Iain Lambie,1978,No. 8,Edinburgh,4,0,0,0,United Kingdom,Scotland,City of Edinburgh
John Rutherford,1979,Fly-half,Selkirk,43,18,8,68,Canada,Manitoba,Selkirk
Iain Milne,1979,Prop,Edinburgh,44,19,0,0,United Kingdom,Scotland,City of Edinburgh
David Johnston,1979,Centre,Edinburgh,27,14,4,16,United Kingdom,Scotland,City of Edinburgh
John Beattie,1980,No. 8,North Borneo,26,11,2,8,Indonesia,Kalimantan Timur,Borneo
James Burnett,1980,Prop,Kilmarnock,4,1,0,0,United Kingdom,Scotland,East Ayrshire
Bill Cuthbertson,1980,Lock,Kilwinning,21,9,0,0,United Kingdom,Scotland,North Ayrshire
Roy Laidlaw,1980,Scrum-half,Jedburgh,51,21,7,28,United Kingdom,Scotland,Scottish Borders
Steve Munro,1980,Wing,Ayr,10,5,2,8,United Kingdom,Scotland,South Ayrshire
Ken Lawrie,1980,Hooker,Gala,3,1,0,0,Nigeria,Kano,Sumaila
Bryan Gossman,1980,Fly-half,?,3,0,0,6,g,n,i
Norrie Rowan,1980,Prop,Edinburgh,13,4,0,0,United Kingdom,Scotland,City of Edinburgh
Jim Gossman,1980,Centre,1955,1,0,0,0,Algérie الجزائر,Sétif - سطيف‎,Daïra Maouklane
Jim Calder,1981,Flanker,Haddington,28,12,3,12,United Kingdom,Scotland,East Lothian
Iain Paxton,1981,No. 8,Dunfermline,40,17,5,20,United Kingdom,Scotland,Fife
Roger Baird,1981,Wing,Kelso,31,13,1,4,United States of America,Washington,Cowlitz County
Eric Paxton,1982,Flanker,?,2,0,0,0,g,n,i
Derek White,1982,No. 8,Haddington,42,22,11,44,United Kingdom,Scotland,East Lothian
Jim Pollock,1982,Wing,?,8,5,2,8,g,n,i
Rick Gordon,1982,Centre,Lahore,2,1,0,0,‏پاکستان‎,پنجاب,Lahore District
Gerry McGuinness,1982,Prop,Glasgow,7,1,0,0,United Kingdom,G,Scotland
Peter Dods,1983,Fullback,Galashiels,23,9,2,210,United Kingdom,Scotland,Scottish Borders
Tom Smith,1983,Lock,E Lothian,4,1,1,4,United Kingdom,Scotland,East Lothian
Euan Kennedy,1983,Centre,Edinburgh,4,2,1,4,United Kingdom,Scotland,City of Edinburgh
Alister Campbell,1984,Lock,Hawick,15,7,0,0,United Kingdom,Scotland,Scottish Borders
Gordon Hunter,1984,Scrum-half,Hawick,4,1,0,0,United Kingdom,Scotland,Scottish Borders
Gary Callander,1984,Hooker,Kelso,6,1,0,0,United States of America,Washington,Cowlitz County
Sean McGaughey,1984,Flanker,1962,1,0,0,0,Sverige,Svealand,Västmanlands län
John Jeffrey,1984,Flanker,Kelso,40,22,11,44,United States of America,Washington,Cowlitz County
Gregor Mackenzie,1984,Prop,Inverness,1,0,0,0,United Kingdom,Scotland,Highland
Peter Steven,1984,Wing,Kilwinning,4,0,0,0,United Kingdom,Scotland,North Ayrshire
Douglas Wyllie,1984,Centre,Edinburgh,18,6,0,3,United Kingdom,Scotland,City of Edinburgh
Keith Murray,1985,Centre,Hawick,3,0,0,0,United Kingdom,Scotland,Scottish Borders
Iwan Tukalo,1985,Wing,Edinburgh,37,19,15,60,United Kingdom,Scotland,City of Edinburgh
Finlay Calder,1986,Flanker,Haddington,37,21,2,8,United Kingdom,Scotland,East Lothian
Jeremy Campbell-Lamerton,1986,Lock,Gibraltar,3,3,0,0,Gibraltar,Missing,Missing
Matt Duncan,1986,Wing,Glasgow,18,9,7,28,United Kingdom,G,Scotland
Gavin Hastings,1986,Fullback,Edinburgh,67,35,18,733,United Kingdom,Scotland,City of Edinburgh
Scott Hastings,1986,Centre,Edinburgh,67,36,10,43,United Kingdom,Scotland,City of Edinburgh
David Sole,1986,Prop,Aylesbury,47,24,3,12,United Kingdom,England,South East
Alan Tait,1987,Centre,Kelso,29,13,18,86,United States of America,Washington,Cowlitz County
Greig Oliver,1987,Scrum-half,Hawick,3,2,1,4,United Kingdom,Scotland,Scottish Borders
Richard Cramb,1987,Fly-half,Falkirk,4,2,0,3,United Kingdom,Scotland,Falkirk Council
Derek Turnbull,1987,Flanker,Hawick,15,7,2,9,United Kingdom,Scotland,Scottish Borders
Damian Cronin,1988,Lock,Wegberg,45,20,5,23,Deutschland,Nordrhein-Westfalen,Regierungsbezirk Köln
Andrew Ker,1988,Fly-half,Kelso,2,0,0,0,United States of America,Washington,Cowlitz County
Gary Armstrong,1988,Scrum-half,Edinburgh,51,23,5,21,United Kingdom,Scotland,City of Edinburgh
Graham Marshall,1988,Flanker,Glasgow,4,3,0,0,United Kingdom,G,Scotland
Craig Chalmers,1989,Fly-half,Galashiels,61,28,5,172,United Kingdom,Scotland,Scottish Borders
Chris Gray,1989,Lock,Haddington,22,14,3,12,United Kingdom,Scotland,East Lothian
Sean Lineen,1989,Centre,Auckland,29,16,2,8,New Zealand/Aotearoa,Auckland,Missing
Kenny Milne,1989,Hooker,Edinburgh,40,20,3,12,United Kingdom,Scotland,City of Edinburgh
Paul Burnell,1989,Prop,Edinburgh,53,26,1,5,United Kingdom,Scotland,City of Edinburgh
Tony Stanger,1989,Wing,Hawick,52,22,24,106,United Kingdom,Scotland,Scottish Borders
George Buchanan-Smith,1989,Flanker,Edinburgh,2,2,0,0,United Kingdom,Scotland,City of Edinburgh
Lindsay Renwick,1989,Wing,Hawick,1,1,0,0,United Kingdom,Scotland,Scottish Borders
John Allan,1990,Hooker,Glasgow,22,11,0,0,United Kingdom,G,Scotland
Alex Moore,1990,Wing,Qld,5,2,2,8,Australia,Queensland,Missing
Doddie Weir,1990,Lock,Edinburgh,61,24,4,19,United Kingdom,Scotland,City of Edinburgh
David Milne,1991,Prop,Edinburgh,1,1,0,0,United Kingdom,Scotland,City of Edinburgh
Alan Watt,1991,Prop,Glasgow,4,2,0,0,United Kingdom,G,Scotland
Graham Shiel,1991,Centre,Galashiels,18,6,3,20,United Kingdom,Scotland,Scottish Borders
Neil Edwards,1992,Lock,Surrey,6,2,1,4,United Kingdom,England,South East
Dave McIvor,1992,Flanker,Kirkcaldy,6,2,0,0,United Kingdom,Scotland,Fife
Andy Nicol,1992,Scrum-half,Dundee,23,5,2,9,United Kingdom,Scotland,Dundee City
Ian Smith,1992,Flanker,Gloucester,25,7,0,0,United Kingdom,England,South West England
Rob Wainwright,1992,Flanker,Perth,38,14,3,14,Australia,Western Australia,Perth
Peter Jones,1992,Prop,Arbroath,1,0,0,0,United Kingdom,Scotland,Angus
Carl Hogg,1992,Flanker,Galashiels,5,0,0,0,United Kingdom,Scotland,Scottish Borders
Peter Wright,1992,Prop,Bonnyrigg,21,11,1,5,United Kingdom,Scotland,Midlothian
Ian Corcoran,1992,Hooker,Edinburgh,1,0,0,0,United Kingdom,Scotland,City of Edinburgh
Kenny Logan,1992,Wing,Stirling,70,27,13,220,United Kingdom,Scotland,Stirlingshire
Martin Scott,1992,Hooker,Falkirk,1,0,0,0,United Kingdom,Scotland,Falkirk Council
Iain Morrison,1993,Flanker,Linlithgow,15,8,0,0,United Kingdom,Scotland,West Lothian
Andy Reed,1993,Lock,Cornwall,19,7,0,0,United Kingdom,England,South West England
Derek Stark,1993,Wing,Johnstone,9,3,3,15,United Kingdom,Scotland,Renfrewshire
Gregor Townsend,1993,Fly-half,Edinburgh,84,34,17,164,United Kingdom,Scotland,City of Edinburgh
Ian Jardine,1993,Centre,Dunfermline,18,7,0,0,United Kingdom,Scotland,Fife
Andrew MacDonald,1993,Lock,Nairn,1,0,0,0,United Kingdom,Scotland,Highland
Bryan Redpath,1993,Scrum-half,Galashiels,60,28,1,5,United Kingdom,Scotland,Scottish Borders
Shade Munro,1994,Lock,Paisley,7,0,0,0,United Kingdom,Scotland,Renfrewshire
Alan Sharp,1994,Prop,Bristol,6,0,0,0,United Kingdom,England,South West England
Peter Walton,1994,Flanker,Alnwick,24,10,4,20,United Kingdom,England,North East England
Michael Dods,1994,"Fullback, Wing",Galashiels,8,3,3,80,United Kingdom,Scotland,Scottish Borders
Craig Joiner,1994,Wing,Glasgow,25,13,3,15,United Kingdom,G,Scotland
Kevin McKenzie,1994,Hooker,Stirling,14,6,1,5,United Kingdom,Scotland,Stirlingshire
Scott Nichol,1994,Centre,Selkirk,1,0,0,0,Canada,Manitoba,Selkirk
Derrick Patterson,1994,Scrum-half,Hawick,2,1,0,0,United Kingdom,Scotland,Scottish Borders
Jeremy Richardson,1994,Lock,Crawley,1,0,0,0,United Kingdom,England,South East
Stewart Campbell,1995,Lock,Glasgow,17,9,0,0,United Kingdom,G,Scotland
Dave Hilton,1995,Prop,Bristol,42,19,1,5,United Kingdom,England,South West England
Eric Peters,1995,Back-row,Glasgow,29,13,5,25,United Kingdom,G,Scotland
John Manson,1995,Prop,Bridge of Allan,1,0,0,0,United Kingdom,Scotland,Stirling Council
Jim Hay,1995,Hooker,Hawick,1,0,0,0,United Kingdom,Scotland,Scottish Borders
Stuart Reid,1995,Flanker,Kendal,8,3,0,0,United Kingdom,England,North West England
Rowen Shepherd,1995,Fullback,Edinburgh,20,6,2,104,United Kingdom,Scotland,City of Edinburgh
Ronnie Eriksson,1996,Centre,Athlone,3,0,1,5,Republic of Ireland,Leinster,County Westmeath
Barry Stewart,1996,Prop,Edinburgh,4,0,0,0,United Kingdom,Scotland,City of Edinburgh
Murray Wallace,1996,Flanker,Milton of Campsie,3,1,0,0,United Kingdom,Scotland,East Dunbartonshire
Mattie Stewart,1996,Prop,Dartford,34,11,0,0,United Kingdom,DA1 1ED,England
Graham Ellis,1997,Hooker,Hawick,4,1,0,0,United Kingdom,Scotland,Scottish Borders
Tom Smith,1997,Prop,London,67,29,6,30,United Kingdom,England,Greater London
Cameron Glasgow,1997,Fullback,Bridge of Allan,1,0,0,0,United Kingdom,Scotland,Stirling Council
Duncan Hodge,1997,Fly-half,Dumfries,26,11,6,123,United Kingdom,Scotland,Dumfries and Galloway
James Craig,1997,Wing,Glasgow,4,1,0,0,United Kingdom,G,Scotland
Grant McKelvey,1997,Hooker,Chingola,1,0,0,0,Zambia,Copperbelt Province,Chingola
Scott Murray,1997,Lock,Musselburgh,87,31,3,15,United Kingdom,Scotland,East Lothian
Adam Roxburgh,1997,Flanker,Edinburgh,8,0,0,0,United Kingdom,Scotland,City of Edinburgh
George Graham,1997,Prop,Stirling,25,11,1,5,United Kingdom,Scotland,Stirlingshire
Stuart Grimes,1997,Lock,Aberdeen,71,27,5,25,United Kingdom,Scotland,Aberdeenshire
Gordon Bulloch,1997,Hooker,Glasgow,77,26,4,20,United Kingdom,G,Scotland
Simon Holmes,1998,Flanker,Workington,3,1,0,0,United Kingdom,England,North West England
Derrick Lee,1998,Fullback,Ayr,12,1,1,34,United Kingdom,Scotland,South Ayrshire
Shaun Longstaff,1998,Wing,Wellington,15,5,2,10,New Zealand/Aotearoa,Wellington,Wellington City
Cammie Murray,1998,Wing,Hawick,26,11,7,35,United Kingdom,Scotland,Scottish Borders
Hugh Gilmour,1998,Wing,Edinburgh,1,0,1,5,United Kingdom,Scotland,City of Edinburgh
Gordon McIlwham,1998,Prop,Glasgow,16,5,0,0,United Kingdom,G,Scotland
Matthew Proudfoot,1998,Prop,Klerksdorp,4,0,0,0,South Africa,North West,Dr Kenneth Kaunda District Municipality
Glenn Metcalfe,1998,Fullback,Auckland,40,17,4,20,New Zealand/Aotearoa,Auckland,Missing
Gordon Simpson,1998,No. 8,Takapuna,15,5,3,15,New Zealand/Aotearoa,Auckland,Devonport-Takapuna
John Leslie,1998,Centre,Lower Hutt,23,10,4,20,New Zealand/Aotearoa,Wellington,Lower Hutt City
Jamie Mayer,1998,Centre,Edinburgh,8,3,0,0,United Kingdom,Scotland,City of Edinburgh
Budge Pountney,1998,Flanker,Southampton,31,15,5,25,United Kingdom,England,South East
Martin Leslie,1998,Flanker,Lower Hutt,37,17,10,50,New Zealand/Aotearoa,Wellington,Lower Hutt City
Iain Fairley,1999,Scrum-half,Kelso,3,3,0,0,United States of America,Washington,Cowlitz County
Graeme Burns,1999,Scrum-half,Edinburgh,4,3,0,0,United Kingdom,Scotland,City of Edinburgh
Steve Brotherstone,1999,Hooker,Duns,8,4,0,0,United Kingdom,Scotland,Scottish Borders
James McLaren,1999,Centre,Stirling,30,13,6,30,United Kingdom,Scotland,Stirlingshire
Robbie Russell,1999,Hooker,QLD,27,12,4,20,Australia,Queensland,Missing
Cameron Mather,1999,Back-row,Christchurch,10,4,2,10,New Zealand/Aotearoa,Canterbury,Christchurch City
Chris Paterson,1999,"Fullback, Wing",Edinburgh,109,43,22,809,United Kingdom,Scotland,City of Edinburgh
Craig Moir,2000,"Wing, Centre",Aberdeen,3,1,0,0,United Kingdom,Scotland,Aberdeenshire
Richard Metcalfe,2000,Lock,Leeds,9,3,1,5,United Kingdom,England,Yorkshire and the Humber
Jason White,2000,Back-row,Edinburgh,77,31,4,20,United Kingdom,Scotland,City of Edinburgh
Ross Beattie,2000,Back-row,Sittingbourne,9,5,0,0,United Kingdom,England,South East
Iain Fullarton,2000,Lock,Edinburgh,8,2,0,0,United Kingdom,Scotland,City of Edinburgh
Jon Petrie,2000,Back-row,Dundee,45,17,3,15,United Kingdom,Scotland,Dundee City
Graeme Beveridge,2000,Scrum-half,Edinburgh,6,4,0,0,United Kingdom,Scotland,City of Edinburgh
Nathan Hines,2000,Lock,Wagga Wagga,77,30,2,10,Australia,2650,New South Wales
Steve Scott,2000,Hooker,Galashiels,11,8,0,0,United Kingdom,Scotland,Scottish Borders
Alan Bulloch,2000,Centre,Glasgow,5,2,1,5,United Kingdom,G,Scotland
Jon Steel,2000,Outside back,Middlesbrough,5,3,0,0,United Kingdom,England,North East England
Simon Taylor,2000,Back-row,Stirling,66,29,6,30,United Kingdom,Scotland,Stirlingshire
Andrew Henderson,2001,Centre,Kent,53,17,8,40,United Kingdom,England,South East
Andrew Mower,2001,Flanker,NSW,13,4,0,0,Australia,New South Wales,Missing
Gordon Ross,2001,Fly-half,Edinburgh,25,13,2,55,United Kingdom,Scotland,City of Edinburgh
Roland Reid,2001,Wing,Middleberg,2,1,1,5,United States of America,Virginia,Loudoun County
Brendan Laney,2001,"Centre, Fly-half",Invercargill,20,7,4,141,New Zealand/Aotearoa,Southland,Invercargill City
Mike Blair,2002,Scrum-half,Edinburgh,85,33,7,35,United Kingdom,Scotland,City of Edinburgh
Andy Craig,2002,Centre,Lancs,23,9,8,40,United Kingdom,S6 3TB,England
Rory Kerr,2002,Fullback,Glasgow,3,1,1,5,United Kingdom,G,Scotland
Craig Smith,2002,Prop,York,25,12,0,0,United Kingdom,England,Yorkshire and the Humber
Ben Hinshelwood,2002,Centre,VIC,19,10,1,5,Australia,Victoria,Missing
Allan Jacobsen,2002,Prop,Edinburgh,65,24,0,0,United Kingdom,Scotland,City of Edinburgh
Donnie Macfadyen,2002,Flanker,Edinburgh,11,3,2,10,United Kingdom,Scotland,City of Edinburgh
Marcus di Rollo,2002,Centre,Edinburgh,21,10,2,13,United Kingdom,Scotland,City of Edinburgh
Andy Hall,2002,"Flanker, Lock",Solihull,1,1,0,0,United Kingdom,England,West Midlands
Bruce Douglas,2002,Prop,Edinburgh,43,15,1,5,United Kingdom,Scotland,City of Edinburgh
Stuart Moffat,2002,Fullback,Edinburgh,4,3,1,5,United Kingdom,Scotland,City of Edinburgh
Nikki Walker,2002,Wing,Aberdeen,24,13,6,30,United Kingdom,Scotland,Aberdeenshire
Gavin Kerr,2003,Prop,Newcastle-upon-Tyne,50,15,1,5,United Kingdom,England,North East England
Kevin Utterson,2003,Centre,Edinburgh,3,1,0,0,United Kingdom,Scotland,City of Edinburgh
Simon Danielli,2003,Wing,Edinburgh,32,12,8,40,United Kingdom,Scotland,City of Edinburgh
Andrew Dall,2003,Back-row,Edinburgh,1,0,0,0,United Kingdom,Scotland,City of Edinburgh
Dougie Hall,2003,Hooker,Dingwall,42,18,1,5,United Kingdom,Scotland,Highland
Simon Webster,2003,Wing,Hartlepool,37,15,8,40,United Kingdom,England,North East England
Chris Cusiter,2004,Scrum-half,Aberdeen,71,24,3,15,United Kingdom,Scotland,Aberdeenshire
Ally Hogg,2004,Back-row,Stirling,48,15,10,50,United Kingdom,Scotland,Stirlingshire
Tom Philip,2004,Outside back,Edinburgh,5,0,0,0,United Kingdom,Scotland,City of Edinburgh
Dan Parks,2004,Fly-half,Hornsby,67,25,4,266,Australia,New South Wales,Hornsby
Sean Lamont,2004,Wing,Perth,93,38,12,60,Australia,Western Australia,Perth
Hugo Southwell,2004,Fullback,London,59,22,8,40,United Kingdom,England,Greater London
Graeme Morrison,2004,Centre,1982,35,14,3,15,Sverige,Svealand,Västmanlands län
Craig Hamilton,2004,Lock,Dumfries,5,2,0,0,United Kingdom,Scotland,Dumfries and Galloway
Scott Gray,2004,Back-row,Rhodesia,8,2,1,5,United Kingdom,England,East Midlands
Scott Macleod,2004,Lock,Hawick,24,11,0,0,United Kingdom,Scotland,Scottish Borders
Ross Ford,2004,Hooker,Edinburgh,86,32,2,10,United Kingdom,Scotland,City of Edinburgh
Alastair Kellock,2004,Lock,Bishopbriggs,56,24,1,5,United Kingdom,Scotland,East Dunbartonshire
Jon Dunbar,2005,Back-row,Wegberg,2,1,0,0,Deutschland,Nordrhein-Westfalen,Regierungsbezirk Köln
Rory Lamont,2005,"Fullback, Wing",Perth,29,12,6,30,Australia,Western Australia,Perth
Kelly Brown,2005,Back-row,Edinburgh,64,25,4,20,United Kingdom,Scotland,City of Edinburgh
Scott Lawson,2005,Hooker,Lanark,46,20,2,10,United Kingdom,ML11,Scotland
Phil Godman,2005,Fly-half,Edinburgh,23,10,1,71,United Kingdom,Scotland,City of Edinburgh
Euan Murray,2005,Prop,Glasgow,66,25,2,10,United Kingdom,G,Scotland
Andy Wilson,2005,"Back-row, Wing",Fort Brown,1,1,0,0,United States of America,Ohio,Paulding County
Ben MacDougall,2006,Outside back,NSW,2,0,0,0,Australia,New South Wales,Missing
Sam Pinder,2006,Scrum-half,1979,2,0,0,0,România,Vâlcea,1979
Johnnie Beattie,2006,No. 8,Glasgow,38,15,3,15,United Kingdom,G,Scotland
Rob Dewey,2006,"Wing, Centre",Marlborough,13,6,4,20,New Zealand/Aotearoa,Marlborough,Missing
David Callam,2006,No. 8,Edinburgh,11,3,1,5,United Kingdom,Scotland,City of Edinburgh
Jim Hamilton,2006,Lock,Swindon,61,17,1,5,United Kingdom,England,South West England
Rory Lawson,2006,Scrum-half,Dunfermline,31,13,0,0,United Kingdom,Scotland,Fife
Alasdair Strokosch,2006,Back-row,Paisley,44,20,2,10,United Kingdom,Scotland,Renfrewshire
Fergus Thomson,2007,Hooker,Dundee,8,2,0,0,United Kingdom,Scotland,Dundee City
John Barclay,2007,Flanker,1986,43,16,2,10,Россия,СКФО,Карачаево-Черкесия
Alasdair Dickinson,2007,Prop,Dundee,44,15,2,10,United Kingdom,Scotland,Dundee City
Nick de Luca,2008,Centre,Dumfries,43,16,1,5,United Kingdom,Scotland,Dumfries and Galloway
Ross Rennie,2008,Back-row,Edinburgh,20,9,0,0,United Kingdom,Scotland,City of Edinburgh
Ben Cairns,2008,Centre,Leeds,7,2,1,5,United Kingdom,England,Yorkshire and the Humber
Thom Evans,2008,Wing,Harare,10,1,1,5,Zimbabwe,Harare Province,Harare
Matt Mustchin,2008,Lock,Christchurch,5,2,0,0,New Zealand/Aotearoa,Canterbury,Christchurch City
Max Evans,2008,Centre,Torquay,44,15,3,15,United Kingdom,England,South West England
Geoff Cross,2009,Prop,Edinburgh,40,13,2,10,United Kingdom,Scotland,City of Edinburgh
Moray Low,2009,Prop,Torphins,29,13,0,0,United Kingdom,Scotland,Aberdeenshire
Alex Grove,2009,Centre,Solihull,3,2,0,0,United Kingdom,England,West Midlands
Kyle Traynor,2009,Prop,Farnborough,4,2,0,0,United Kingdom,England,South East
Richie Vernon,2009,Back-row,Dundee,20,9,0,0,United Kingdom,Scotland,Dundee City
Alan MacDonald,2009,Back-row,Edinburgh,4,1,0,0,United Kingdom,Scotland,City of Edinburgh
Richie Gray,2010,Lock,Rutherglen,45,20,2,10,United Kingdom,Scotland,South Lanarkshire
Ruaridh Jackson,2010,Fly-half,Northampton,25,10,0,18,United Kingdom,England,East Midlands
Greig Laidlaw,2010,Fly-half,Edinburgh,39,13,3,340,United Kingdom,Scotland,City of Edinburgh
Joe Ansbro,2010,Centre,Glasgow,11,7,3,15,United Kingdom,G,Scotland
Jack Cuthbert,2011,"Fullback, Wing",Bristol,1,1,0,0,United Kingdom,England,South West England
David Denton,2011,Back-row,Marondera,25,6,0,0,Zimbabwe,Mashonaland East,Marondera
Lee Jones,2012,Wing,Edinburgh,4,0,1,5,United Kingdom,Scotland,City of Edinburgh
Stuart Hogg,2012,Fullback,Melrose,32,11,9,48,United States of America,Massachusetts,Middlesex County
Ed Kalman,2012,Prop,Plymouth,2,0,0,0,United Kingdom,England,South West England
Duncan Weir,2012,Fly-half,Rutherglen,18,7,1,36,United Kingdom,Scotland,South Lanarkshire
Matt Scott,2012,Centre,Dunfermline,25,8,3,15,United Kingdom,Scotland,Fife
Jon Welsh,2012,Prop,Glasgow,4,2,1,5,United Kingdom,G,Scotland
Ryan Grant,2012,Prop,Kirkcaldy,22,8,0,0,United Kingdom,Scotland,Fife
Tom Brown,2012,"Fullback, Wing",Edinburgh,1,1,0,0,United Kingdom,Scotland,City of Edinburgh
Tim Visser,2012,Wing,Netherland,18,8,7,35,Philippines,4023,Calabarzon
Tom Ryder,2012,Lock,Nottingham,2,2,0,0,United Kingdom,England,East Midlands
Rob Harley,2012,Back-row,Cheshire,15,7,1,5,United States of America,Connecticut,New Haven County
Henry Pyrgos,2012,Scrum-half,Dorchester,13,5,2,10,United Kingdom,England,South West England
Tom Heathcote,2012,Fly-half,Inverness,3,1,0,0,United Kingdom,Scotland,Highland
Sean Maitland,2013,"Fullback, Wing",Tokoroa,15,7,2,10,New Zealand/Aotearoa,Waikato,South Waikato District
Ryan Wilson,2013,No. 8,Aldershot,9,1,0,0,United Kingdom,England,South East
Grant Gilchrist,2013,Lock,Stirling,8,4,1,5,United Kingdom,Scotland,Stirlingshire
Alex Dunbar,2013,Centre,Dumfries,14,4,4,20,United Kingdom,Scotland,Dumfries and Galloway
Pat MacArthur,2013,Hooker,Irvine,6,3,0,0,United States of America,California,Orange County
Greig Tonks,2013,Fullback,Pretoria,4,0,0,0,South Africa,Gauteng,City of Tshwane Metropolitan Municipality
Peter Horne,2013,Centre,Kirkcaldy,7,2,0,0,United Kingdom,Scotland,Fife
Steven Lawrie,2013,Hooker,Edinburgh,1,0,0,0,United Kingdom,Scotland,City of Edinburgh
Duncan Taylor,2013,Wing,Northampton,12,5,0,0,United Kingdom,England,East Midlands
Peter Murchie,2013,Fullback,Carlisle,3,1,0,0,United Kingdom,England,North West England
Tommy Seymour,2013,Wing,United States,17,6,6,30,United States of America,Missing,Missing
Tim Swinson,2013,Lock,London,12,3,0,0,United Kingdom,England,Greater London
Fraser Brown,2013,Hooker,Lanark,8,2,0,0,United Kingdom,ML11,Scotland
Jonny Gray,2013,Lock,Glasgow,13,3,1,5,United Kingdom,G,Scotland
Kieran Low,2013,Lock,Chichester,5,4,0,0,United Kingdom,England,South East
Chris Fusaro,2014,Flanker,Kirkcaldy,4,2,0,0,United Kingdom,Scotland,Fife
Dougie Fife,2014,"Wing, Centre",Edinburgh,6,1,1,5,United Kingdom,Scotland,City of Edinburgh
Blair Cowan,2014,Flanker,Upper Hutt,11,5,1,5,New Zealand/Aotearoa,Wellington,Upper Hutt City
Gordon Reid,2014,Prop,Irvine,8,5,0,0,United States of America,California,Orange County
Finn Russell,2014,Fly-half,Bridge of Allan,9,4,1,7,United Kingdom,Scotland,Stirling Council
Alex Allan,2014,Prop,Harrogate,1,1,0,0,United Kingdom,England,Yorkshire and the Humber
Kevin Bryce,2014,Hooker,Alloa,2,1,0,0,United Kingdom,Scotland,Clackmannanshire
Grayson Hart,2014,Scrum-half,Auckland,3,2,0,0,New Zealand/Aotearoa,Auckland,Missing
Adam Ashe,2014,Back-row,Livingston,5,1,0,0,United States of America,Illinois,Livingston County
Tyrone Holmes,2014,Back-row,Johannesburg,1,0,0,0,South Africa,2001,Gauteng
Mark Bennett,2014,Centre,Cumnock,7,1,2,10,United Kingdom,Scotland,East Ayrshire
Sam Hidalgo-Clyne,2015,Scrum-half,Granada,5,0,0,0,España,Andalucía,Granada
Ben Toolis,2015,Lock,QLD,1,0,0,0,Australia,Queensland,Missing
Hamish Watson,2015,Back-row,Manchester,1,0,0,0,United Kingdom,England,North West England
