A. Bover,1910,Prop,date unknown,1,0,0,0,g,n,i
A. Donelly,1910,Hooker,date unknown,1,0,0,0,g,n,i
Oswald Gebbie,1910,Centre,Florencia Varela,1,0,0,0,Argentina,9000,Chubut
L.H. Gribbell,1910,Flanker,date unknown,1,0,0,0,g,n,i
Fairy Heatlie,1891,Forward,Cape Prov,7,2,0,6,g,n,i
F. Henrys,1910,Lock,date unknown,1,0,0,0,g,n,i
Frank Heriot,1910,Centre,Philippine,1,0,0,0,Nederland,4553,Nederland
W.H. Hyman,1910,Flanker,date unknown,1,0,0,0,g,n,i
C.J. MacCarthy,1910,Wing,date unknown,1,0,1,3,g,n,i
Carlos Mold,1910,Fly-half,date unknown,1,0,0,0,g,n,i
Alvan Reid,1910,Prop,date unknown,1,0,0,0,g,n,i
J.E. Saffery,1910,Fullback,date unknown,1,0,0,0,g,n,i
Frederick Sawyer,1910,Lock,Surrey,1,0,0,0,United Kingdom,England,South East
Henry Talbot,1910,Wing,date unknown,1,0,0,0,g,n,i
Arnaldo Watson-Hutton,1910,Scrum-half,date unknown,1,0,0,0,g,n,i
W. Braddon,1927,,date unknown,1,0,0,0,g,n,i
Enrique Bustamante,1927,,date unknown,4,0,0,0,g,n,i
Ray Cameron,1927,,date unknown,3,0,0,0,g,n,i
Jorge Conrard,1927,,date unknown,2,0,0,0,g,n,i
Reginald Cooper,1927,,date unknown,4,0,0,0,g,n,i
Jose Cuesta Silva,1927,,date unknown,4,0,0,0,g,n,i
Antonio Hobson,1927,,date unknown,1,0,0,0,g,n,i
Fabio Lucioni,1927,,date unknown,1,0,0,0,g,n,i
Miguel McCormick,1927,,date unknown,1,0,0,0,g,n,i
Antonio Pasalagua,1927,,date unknown,2,0,0,0,g,n,i
Cesar Pollano,1927,,date unknown,1,0,0,0,g,n,i
Arturo Rodriguez Jurado,1927,,Buenos Aires,8,2,0,0,Argentina,CABA,Comuna 6
Rodolfo Serra,1927,,date unknown,3,0,0,0,g,n,i
Cesar Vazquez,1927,,date unknown,3,0,0,0,g,n,i
Alberto Zappa,1927,,date unknown,1,0,0,0,g,n,i
Martin Ayerra,1927,,date unknown,1,0,0,0,g,n,i
Roberto Botting,1927,,date unknown,3,0,0,0,g,n,i
G.E.F. Cooke,1927,,date unknown,1,0,0,0,g,n,i
Marco Hernandez,1927,,date unknown,3,0,0,0,g,n,i
A. Jacobs,1927,,date unknown,2,0,0,0,g,n,i
Carlos Reyes,1927,,date unknown,3,0,0,0,g,n,i
Alfredo Riganti,1927,,date unknown,3,0,0,0,g,n,i
Julian Sommer,1927,,date unknown,1,0,0,0,g,n,i
C. Derkheim,1927,,date unknown,1,0,0,0,g,n,i
Norberto Escary,1927,,date unknown,4,0,1,3,g,n,i
Vicente Grimoldi,1927,,date unknown,2,0,0,0,g,n,i
Llewellyn Makin,1927,,date unknown,1,0,0,0,g,n,i
Francisco Torino,1927,,date unknown,2,0,0,3,g,n,i
Salvador Muller,1927,,date unknown,1,0,0,0,g,n,i
J. Bridger,1932,,date unknown,1,0,0,0,g,n,i
Ernesto Cilley,1932,,date unknown,2,0,0,0,g,n,i
K.A.M. Cookson,1932,,date unknown,1,0,0,0,g,n,i
Roberto de Abelleyra,1932,,date unknown,2,0,0,0,g,n,i
Carlos Echeverria,1932,,date unknown,1,0,0,0,g,n,i
Jumbo Francombe,1932,,date unknown,3,0,0,0,g,n,i
Carlos Huntley-Robertson,1932,,date unknown,2,0,0,0,g,n,i
Harald Maurer,1932,,date unknown,2,0,0,0,g,n,i
Adolfo Navajas,1932,,date unknown,2,0,0,0,g,n,i
Edmundo Stanfield,1932,,date unknown,1,0,0,0,g,n,i
Jorge Stewart,1932,,date unknown,2,0,0,0,g,n,i
Norman Tozer,1932,,date unknown,2,0,0,0,g,n,i
A. Turner,1932,,date unknown,2,0,0,0,g,n,i
Oscar Bernat,1932,,date unknown,1,0,0,0,g,n,i
Antonio Lanusse,1932,,date unknown,1,0,0,0,g,n,i
Ian Lewis,1932,,date unknown,1,0,0,0,g,n,i
Tomas Sanderson,1932,,date unknown,1,0,0,0,g,n,i
Hector Alfonso,1936,,date unknown,2,1,0,0,g,n,i
Jorge Cilley,1936,,date unknown,4,3,0,0,g,n,i
Noel Cooper,1936,,date unknown,3,2,0,0,g,n,i
Riebeck Elliot,1936,,date unknown,2,1,0,0,g,n,i
Jose Frigoli,1936,,date unknown,3,2,0,0,g,n,i
Virgilio Inchausti,1936,,date unknown,3,2,0,0,g,n,i
Gilbert Logan,1936,,date unknown,1,0,0,0,g,n,i
Bernardo Mitchelstein,1936,,date unknown,1,0,0,0,g,n,i
Horacio Pascuali,1936,,date unknown,1,0,0,0,g,n,i
Tomas Salzman,1936,,date unknown,3,2,0,0,g,n,i
Emilio Schiavio,1936,,date unknown,3,2,0,0,g,n,i
Herbert Talbot,1936,,date unknown,4,3,0,0,g,n,i
Percy Talbot,1936,,date unknown,2,1,0,0,g,n,i
Eduardo Arriaga,1936,,date unknown,2,2,0,0,g,n,i
Archie Cameron,1936,Hooker,date unknown,3,3,0,0,g,n,i
Luis Hughes,1936,,date unknown,1,1,0,0,g,n,i
Walter Sutton,1936,,date unknown,1,1,0,0,g,n,i
Jose Tagliabue,1936,,date unknown,2,2,0,0,g,n,i
Raymond Wilkins,1936,,date unknown,2,2,0,0,g,n,i
Archie Ker,1936,,date unknown,2,2,0,0,g,n,i
Hector Pasman,1936,,date unknown,1,1,0,0,g,n,i
Samuel Ratcliff,1936,,date unknown,1,1,0,0,g,n,i
Tomas Blades,1938,,date unknown,1,1,0,0,g,n,i
Eric Buckley,1938,,date unknown,1,1,0,0,g,n,i
Keith Bush,1938,,date unknown,1,1,0,0,g,n,i
Jeronimo Cernegoy,1938,,date unknown,1,1,0,0,g,n,i
P.H. Cox,1938,,date unknown,1,1,0,0,g,n,i
Douglas Hine,1938,,date unknown,1,1,0,0,g,n,i
Ricardo Martin,1938,,date unknown,1,1,0,0,g,n,i
Marcelo Pacheco,1938,,date unknown,1,1,0,0,g,n,i
J. Topping,1938,,date unknown,1,1,0,0,g,n,i
Matias Avellaneda,1948,Wing,Parana,4,2,0,0,Brasil,Região Nordeste,PE
Juan de Pablo,1948,Wing,date unknown,1,0,0,0,g,n,i
Guillermo Ehrman,1948,Scrum-half,date unknown,10,3,5,21,g,n,i
Ricardo Follett,1948,Prop,Buenos Aires,5,0,0,0,Argentina,CABA,Comuna 6
Ricardo Frigerio,1948,Fullback,date unknown,3,0,0,0,g,n,i
Ricardo Giles,1948,Fly-half,date unknown,6,1,0,0,g,n,i
Lucas Glastra,1948,Lock,date unknown,3,0,0,0,g,n,i
Bruno Grigolon,1948,"Flanker, Prop",date unknown,3,0,0,0,g,n,i
Luis Maurette,1948,Lock,date unknown,3,0,0,0,g,n,i
Enrique Monpelat,1948,"Centre, Fly-half",date unknown,2,0,0,0,g,n,i
Miguel Sarandon,1948,"Back-row, Hooker",date unknown,9,3,0,0,g,n,i
Ronaldo Sharpe,1948,Prop,date unknown,1,0,0,0,g,n,i
Carlos Swain,1948,Hooker,date unknown,7,3,1,3,g,n,i
Normando Tompkins,1948,"Lock, Flanker",date unknown,5,0,0,0,g,n,i
Prudencio Torres Garcia,1948,Centre,date unknown,1,0,0,0,g,n,i
Horacio Achaval,1948,Hooker,date unknown,1,0,0,0,g,n,i
Juan Hardie,1948,Prop,date unknown,1,0,0,0,g,n,i
Ezequiel Holmberg,1948,"Scrum-half, Flanker",date unknown,2,0,0,0,g,n,i
A. Jones,1948,Centre,date unknown,1,0,0,0,g,n,i
Jaime O'Farrell,1948,"Prop, Flanker",date unknown,4,2,6,18,g,n,i
Arturo Phillips,1948,No. 8,date unknown,3,0,0,0,g,n,i
Jorge Sansot,1948,Centre,date unknown,1,0,0,0,g,n,i
Julian Santiago,1948,Wing,date unknown,2,0,0,0,g,n,i
Edmundo Caffarone,1949,Wing,date unknown,8,2,2,6,g,n,i
Emilio Dominguez,1949,Lock,date unknown,6,0,0,0,g,n,i
Luis Dorado,1949,Wing,date unknown,1,0,0,0,g,n,i
Barry Holmes,1949,Fullback,Buenos Aires,6,2,0,4,Argentina,CABA,Comuna 6
Miguel Hughes,1949,Flanker,date unknown,2,0,0,0,g,n,i
Pedro Macadam,1949,Centre,1921,2,0,0,0,Algérie الجزائر,Sétif - سطيف‎,Daïra Djemila
Carlos Orti,1949,Prop,date unknown,2,0,0,0,g,n,i
Alfredo Palma,1949,Centre,date unknown,6,0,1,3,g,n,i
Juan Petrone,1949,Prop,date unknown,2,0,0,0,g,n,i
William Chiswell,1949,Wing,date unknown,1,0,0,0,g,n,i
Emilio Dacharry,1949,Hooker,date unknown,1,0,0,0,g,n,i
Leslie Allen,1951,Prop,date unknown,3,3,0,0,g,n,i
Ricardo Bazan,1951,Centre,date unknown,4,3,2,8,g,n,i
Desmond Farrell,1951,,date unknown,1,1,2,6,g,n,i
Enrique Fernandez del Casal,1951,Centre,date unknown,7,3,0,40,g,n,i
Marcelo Lanusse,1951,Back-row,date unknown,3,3,0,0,g,n,i
Carlos Morea,1951,Lock,date unknown,3,3,2,6,g,n,i
Jose Morganti,1951,Lock,date unknown,3,3,0,0,g,n,i
Uriel O'Farrell,1951,Wing,date unknown,3,3,14,42,g,n,i
Ricardo Pont Lezica,1951,Back-row,date unknown,3,3,0,0,g,n,i
Horacio Solveyra,1951,,date unknown,1,1,0,0,g,n,i
Isidro Comas,1951,Fly-half,date unknown,5,4,1,3,g,n,i
Alberto Conen,1951,No. 8,date unknown,3,1,0,0,g,n,i
Julio Genoud,1952,Fullback,date unknown,3,0,0,0,g,n,i
Rodolfo Grosse,1952,Flanker,date unknown,4,0,0,0,g,n,i
Gaston Recagno,1952,Centre,date unknown,1,0,0,0,g,n,i
Antonio Salinas,1952,"Flanker, Wing",date unknown,7,2,1,3,g,n,i
Osvaldo Bernacchi,1954,Wing,date unknown,6,3,0,3,g,n,i
Victor Christianson,1954,Hooker,date unknown,3,0,0,0,g,n,i
Eric Gahan,1954,Centre,date unknown,2,0,0,0,g,n,i
Erwin Hirsch,1954,Prop,date unknown,2,0,0,0,g,n,i
Michael Hughes,1954,Fly-half,date unknown,2,0,1,3,g,n,i
Roberto Pineo,1954,Flanker,date unknown,1,0,0,0,g,n,i
Bernardo Yustini,1954,Lock,date unknown,2,0,0,0,g,n,i
Luis Bavio,1954,No. 8,date unknown,1,0,0,0,g,n,i
Osvaldo Elia,1954,Fullback,date unknown,1,0,0,0,g,n,i
Jesus Loures,1954,Flanker,date unknown,1,0,0,0,g,n,i
Oscar Martinez Basante,1954,Lock,date unknown,1,0,0,0,g,n,i
Juan Manuel Belgrano,1956,,date unknown,1,0,0,0,g,n,i
Malcolm Caldwell,1956,,date unknown,1,0,0,0,g,n,i
Ricardo Dell'Acqua,1956,,date unknown,1,0,0,0,g,n,i
Juan Diez,1956,,date unknown,1,0,0,0,g,n,i
Pedro Felisari,1956,,date unknown,1,0,0,0,g,n,i
Elias Gavina,1956,Prop,date unknown,12,6,0,0,g,n,i
Stanley Hogg,1956,,date unknown,7,3,1,3,g,n,i
Roque Lagarde,1956,,date unknown,1,0,0,0,g,n,i
Enrique Mitchelstein,1956,No. 8,date unknown,3,0,0,0,g,n,i
Roberto Ochoa,1956,,date unknown,1,0,0,0,g,n,i
Martin Azpiros,1956,,date unknown,6,3,0,0,g,n,i
Roberto Dillon,1956,,date unknown,1,0,0,0,g,n,i
Angel Guastella,1956,Fly-half,date unknown,4,0,0,6,g,n,i
Eamon Horan,1956,,date unknown,1,0,0,0,g,n,i
Uriel Propato,1956,,date unknown,1,0,0,0,g,n,i
Pablo Yanguela,1956,,date unknown,1,0,0,0,g,n,i
Carlos Alvarez,1958,Flanker,date unknown,6,3,0,0,g,n,i
Carlos Ezcurra,1958,,date unknown,3,3,0,0,g,n,i
Juan Guidi,1958,Fly-half,date unknown,8,6,1,3,g,n,i
Ricardo Hogg,1958,,date unknown,8,6,1,3,g,n,i
Enrique Holmgren,1958,Scrum-half,date unknown,7,3,0,0,g,n,i
Carlos Lennon,1958,Wing,date unknown,2,2,0,0,g,n,i
Luis Mendez,1958,,date unknown,4,3,0,0,g,n,i
Carlos Olivera,1958,,date unknown,5,3,0,0,g,n,i
Raul Pesce,1958,,date unknown,3,3,0,0,g,n,i
Eduardo Sorhaburu,1958,Prop,date unknown,4,3,0,0,g,n,i
Eduardo Verardo,1958,,date unknown,8,6,1,3,g,n,i
Enrique Bianchetti,1959,,date unknown,2,0,0,0,g,n,i
Juan Casanegra,1959,Hooker,date unknown,4,0,0,0,g,n,i
Carlos Giuliano,1959,Wing,date unknown,3,0,0,0,g,n,i
Esteban Karplus,1959,Centre,date unknown,5,0,1,3,g,n,i
Ricardo Raimundez,1959,,date unknown,2,0,0,3,g,n,i
Rodolfo Devoto,1960,Fullback,date unknown,1,0,0,3,g,n,i
Eduardo Gonzalez del Solar,1960,Scrum-half,date unknown,4,3,1,3,g,n,i
Enrique Krossler,1960,Wing,date unknown,3,0,0,0,g,n,i
Enrico Neri,1960,Wing,date unknown,13,7,12,36,g,n,i
Ricardo Oliveri,1960,Centre,date unknown,6,3,1,34,g,n,i
Aitor Otano,1960,Lock,1938,26,15,6,18,Norge,Troms,Lyngen
Jorge Pulido,1960,Flanker,date unknown,1,0,0,0,g,n,i
Rodolfo Schmidt,1960,Lock,date unknown,7,4,0,0,g,n,i
Florencio Varela,1960,No. 8,date unknown,1,0,0,0,g,n,i
Glauco Wessek,1960,Flanker,Buenos Aires,1,0,0,0,Argentina,CABA,Comuna 6
Cristobal Hirsch,1960,Prop,date unknown,2,0,0,0,g,n,i
Jorge Rios,1960,Fullback,date unknown,2,0,0,6,g,n,i
Horacio Vidou,1960,Hooker,date unknown,2,1,0,0,g,n,i
Walter Aniz,1960,Prop,date unknown,1,0,0,0,g,n,i
John Vibart,1960,Flanker,date unknown,1,0,0,0,g,n,i
Camilo Aldao,1961,,date unknown,3,3,0,0,g,n,i
Hector Goti,1961,,date unknown,8,6,11,37,g,n,i
Jorge Lavayen,1961,,date unknown,3,3,1,3,g,n,i
Guillermo Montes de Oca,1961,,date unknown,3,3,2,6,g,n,i
Martin Odriozola,1961,"Centre, Fly-half",date unknown,2,2,0,0,g,n,i
Eduardo Scharemberg,1961,Flanker,date unknown,11,8,3,9,g,n,i
Luis Varela,1961,,date unknown,3,3,0,0,g,n,i
Adolfo Etchegaray,1964,Scrum-half,circa 1942,25,15,3,10,Perú,Tacna,Candarave
Nicanor Gonzalez del Solar,1964,Hooker,date unknown,8,5,0,0,g,n,i
Jose Lasalle,1964,,date unknown,1,1,1,3,g,n,i
Raul Loyola,1964,Flanker,date unknown,19,12,11,33,g,n,i
Mariano Molina Berro,1964,,date unknown,3,3,1,26,g,n,i
Miguel Puigdeval,1964,,date unknown,2,2,0,0,g,n,i
Juan Queirolo,1964,,date unknown,3,3,0,5,g,n,i
Guillermo Schmitt,1964,,date unknown,2,2,2,6,g,n,i
Leopoldo Tahier,1964,,date unknown,1,1,0,0,g,n,i
Carlos Contepomi,1964,,date unknown,2,2,1,3,g,n,i
Alejandro da Milano,1964,,date unknown,2,2,0,0,g,n,i
Jorge Dartiguelongue,1964,Fly-half,date unknown,4,3,1,3,g,n,i
Roberto Gallo,1964,,date unknown,2,2,0,0,g,n,i
Willie McCormick,1964,,date unknown,8,3,1,3,g,n,i
Manuel Beccar Varela,1965,,date unknown,3,0,0,0,g,n,i
Juan Benzi,1965,Centre,date unknown,4,2,3,9,g,n,i
Roberto Cazenave,1965,Fullback,date unknown,6,2,1,14,g,n,i
Ronnie Foster,1965,Prop,date unknown,14,7,0,0,g,n,i
Luis Garcia Yanez,1965,Prop,date unknown,20,12,0,0,g,n,i
Guillermo Illia,1965,,date unknown,1,0,0,0,g,n,i
Marcelo Pascual,1965,"Wing, Centre",date unknown,21,13,8,24,g,n,i
Eduardo Espana,1965,Wing,date unknown,6,4,4,12,g,n,i
Eduardo Poggi,1965,Fly-half,date unknown,7,4,1,36,g,n,i
Arturo Rodriguez Jurado,1965,Centre,circa 1944,24,12,11,43,Perú,Tacna,Candarave
Hector Silva,1965,No. 8,circa 1945,24,15,5,16,Perú,Tacna,Candarave
Luis Gradin,1965,Scrum-half,date unknown,14,9,5,32,g,n,i
Adrian Anthony,1965,Lock,date unknown,19,12,2,6,g,n,i
Eduardo Quetglas,1965,,date unknown,1,1,0,0,g,n,i
Mario Bouza,1966,,date unknown,4,2,0,0,g,n,i
Miguel Chesta,1966,Flanker,date unknown,6,3,1,3,g,n,i
Marcos Dumas,1966,,date unknown,2,0,0,0,g,n,i
Ricardo Handley,1966,Hooker,date unknown,14,8,0,0,g,n,i
Jose Imhoff,1967,,date unknown,2,2,0,0,g,n,i
Hector Mendez,1967,,circa 1945,2,2,1,15,Perú,Tacna,Candarave
Ronaldo Seaton,1967,,date unknown,2,2,0,0,g,n,i
Alejandro Travaglini,1967,Centre,circa 1947,27,15,10,36,Perú,Tacna,Candarave
Mario Walther,1967,Wing,date unknown,17,13,9,31,g,n,i
Dudley Morgan,1967,Fullback,date unknown,11,8,0,0,g,n,i
Marcelo Farina,1968,Prop,date unknown,4,2,0,0,g,n,i
Jorge Seaton,1968,Fullback,date unknown,4,3,0,40,g,n,i
Nestor Perez,1968,Wing,date unknown,1,0,0,0,g,n,i
Tomas Harris-Smith,1969,Fly-half,date unknown,7,6,1,32,g,n,i
Hugo Miguens,1969,No. 8,date unknown,18,13,2,7,g,n,i
Arturo Abella,1969,,date unknown,2,2,0,0,g,n,i
Nestor Carbone,1969,Flanker,date unknown,5,2,1,3,g,n,i
Miguel Cutler,1969,,date unknown,5,5,0,25,g,n,i
Carlos Martinez,1969,Fly-half,date unknown,4,4,2,6,g,n,i
Julio Otaola,1970,Wing,date unknown,7,5,3,9,g,n,i
Guillermo Blacksley,1971,,date unknown,1,0,0,0,g,n,i
Ricardo Espagnol,1971,,date unknown,1,0,0,6,g,n,i
Roberto Matarazzo,1971,Centre,date unknown,15,9,5,20,g,n,i
Jorge Wittman,1971,Flanker,date unknown,8,6,0,0,g,n,i
Jose Fernandez,1971,Lock,circa 1949,24,12,1,3,Perú,Tacna,Candarave
Miguel Morgan,1971,,date unknown,3,3,1,3,g,n,i
Hugo Nicola,1971,Prop,circa 1947,15,7,2,6,Perú,Tacna,Candarave
Jose Costante,1971,Hooker,circa 1946,9,6,2,6,Perú,Tacna,Candarave
Julio Walther,1971,,date unknown,1,1,1,3,g,n,i
Guillermo Casas,1971,Hooker,date unknown,6,3,1,4,g,n,i
Jorge Carracedo,1971,Flanker,circa 1947,19,10,8,28,Perú,Tacna,Candarave
Ruben Castro,1971,,date unknown,3,3,0,0,g,n,i
Gustavo Foster,1971,,date unknown,4,4,1,3,g,n,i
Fernando Insua,1971,Prop,date unknown,18,8,1,4,g,n,i
Enrique Martinez,1971,,date unknown,3,3,1,3,g,n,i
Marcelo Martinez Mosquera,1971,,date unknown,1,1,2,6,g,n,i
Hugo Porta,1971,Fly-half,Buenos Aires,66,26,12,651,Argentina,CABA,Comuna 6
Marcelo Rodriguez Jurado,1971,,date unknown,4,4,10,58,g,n,i
Alberto Velasquez,1971,,date unknown,2,2,1,3,g,n,i
Jorge Braceras,1971,Hooker,circa 1946,5,2,2,6,Perú,Tacna,Candarave
Gustavo Pimentel,1971,,date unknown,1,1,0,0,g,n,i
Alejandro Altberg,1972,Wing,date unknown,5,4,1,4,g,n,i
Eduardo Morgan,1972,"Wing, Fullback",date unknown,12,7,12,127,g,n,i
Martin Alonso,1973,Fullback,circa 1952,5,2,1,4,Perú,Tacna,Candarave
Mario Carluccio,1973,Prop,circa 1945,10,5,0,0,Perú,Tacna,Candarave
Juan Dumas,1973,Hooker,date unknown,5,4,1,4,g,n,i
Jose Virasoro,1973,Lock,date unknown,6,5,1,4,g,n,i
Miguel Iglesias,1973,Flanker,date unknown,3,1,0,0,g,n,i
Carlos Bottarini,1973,Lock,date unknown,15,10,1,4,g,n,i
Roberto Fariello,1973,Prop,date unknown,3,2,2,8,g,n,i
Martin Giargia,1973,,date unknown,5,5,1,4,g,n,i
Raul Sanz,1973,No. 8,circa 1949,7,4,6,24,Perú,Tacna,Candarave
Guillermo Perez Leiros,1973,Wing,date unknown,2,1,4,16,g,n,i
Rito Iraneta,1974,Prop,circa 1951,3,0,0,0,Perú,Tacna,Candarave
Arturo Orzabal,1974,Prop,date unknown,2,0,0,0,g,n,i
Osvaldo Rocha,1974,Hooker,date unknown,2,0,0,0,g,n,i
Guillermo Alvarez,1975,Wing,circa 1951,9,8,14,56,Perú,Tacna,Candarave
Eduardo Brouchou,1975,,date unknown,4,4,4,16,g,n,i
Juan Cato,1975,,date unknown,2,2,1,4,g,n,i
Jorge Copello,1975,,date unknown,2,2,0,0,g,n,i
Felix d'Agnilo,1975,,date unknown,6,6,3,12,g,n,i
Miguel Devoto,1975,,date unknown,4,4,1,4,g,n,i
Javier Escalante,1975,Centre,date unknown,7,6,2,16,g,n,i
Alejandro Iachetti,1975,Lock,1956,38,18,3,12,Algérie الجزائر,Sétif - سطيف‎,Daïra El Eulma
Tomas Landajo,1975,Scrum-half,circa 1953,18,9,1,13,Perú,Tacna,Candarave
Roberto Lucke,1975,No. 8,circa 1953,5,5,2,8,Perú,Tacna,Candarave
Ernesto Miguens,1975,No. 8,date unknown,3,3,2,8,g,n,i
Manuel Parra,1975,,date unknown,3,3,0,0,g,n,i
Eduardo Sanguinetti,1975,Fullback,date unknown,9,6,3,36,g,n,i
Rodolfo Ventura,1975,Prop,date unknown,12,11,6,24,g,n,i
Eduardo Vila,1975,,date unknown,4,3,0,0,g,n,i
Camilo Abud,1975,,date unknown,3,3,0,0,g,n,i
Julio Bach,1975,,date unknown,3,3,2,8,g,n,i
Eduardo de Forteza,1975,,date unknown,3,3,2,66,g,n,i
Buenaventura Minguez,1975,No. 8,date unknown,13,10,5,20,g,n,i
Ricardo Muniz,1975,Fullback,circa 1955,3,3,2,8,Perú,Tacna,Candarave
Nestor Bozzo,1975,,date unknown,1,1,1,4,g,n,i
Javier Capalbo,1975,,date unknown,4,4,1,42,g,n,i
Daniel Beccar Varela,1975,Wing,Buenos Aires,6,0,0,0,Argentina,CABA,Comuna 6
Jorge Gauweloose,1975,Wing,circa 1955,8,1,2,8,Perú,Tacna,Candarave
Ricardo Mastai,1975,No. 8,circa 1954,11,5,2,8,Perú,Tacna,Candarave
Carlos Neyra,1975,Flanker,Santa Fe,6,1,0,0,United States of America,New Mexico,Santa Fe County
Martin Sansot,1975,Fullback,circa 1955,18,6,7,63,Perú,Tacna,Candarave
Carlos Bori,1975,No. 8,date unknown,1,0,0,0,g,n,i
Alejandro Cerioni,1975,Prop,date unknown,5,2,2,8,g,n,i
Gonzalo Beccar Varela,1976,Centre,Buenos Aires,7,2,1,30,Argentina,CABA,Comuna 6
Eliseo Branca,1976,Lock,1957,40,19,5,20,Algérie الجزائر,Sétif - سطيف‎,Daïra Amoucha
Adolfo Cappelletti,1977,Wing,circa 1954,17,4,5,20,Perú,Tacna,Candarave
Ricardo Castagna,1977,Scrum-half,circa 1953,1,0,0,0,Perú,Tacna,Candarave
Horacio Mazzini,1977,No. 8,circa 1949,2,0,0,0,Perú,Tacna,Candarave
Fernando Bustillo,1977,,date unknown,6,4,0,0,g,n,i
Luis Balfour,1977,,date unknown,4,4,3,12,g,n,i
Alejandro Cubelli,1977,Hooker,circa 1959,21,10,4,16,Perú,Tacna,Candarave
Eduardo Garcia Teran,1977,,date unknown,6,6,10,40,g,n,i
Guillermo Morgan,1977,,date unknown,7,7,14,56,g,n,i
Ricardo Passaglia,1977,Lock,date unknown,5,3,2,8,g,n,i
Javier Trucco,1977,,date unknown,4,4,2,8,g,n,i
Agustin Badano,1977,,date unknown,4,4,1,4,g,n,i
Gabriel Allen,1977,,date unknown,1,1,1,4,g,n,i
Pablo Guarrochena,1977,,date unknown,1,1,0,29,g,n,i
Jorge Posse,1977,,date unknown,1,1,0,0,g,n,i
Santos Rosatti,1977,,date unknown,2,2,0,0,g,n,i
Marcelo Campo,1978,Wing,circa 1957,26,8,9,36,Perú,Tacna,Candarave
Marcelo Loffreda,1978,Centre,Buenos Aires,50,29,11,57,Argentina,CABA,Comuna 6
Rafael Madero,1978,"Fullback, Centre, Fly-half",1958,44,20,9,42,Algérie الجزائر,Sétif - سطيف‎,Daïra Hammam Sokhna
Tomas Petersen,1978,Flanker,circa 1957,30,11,4,16,Perú,Tacna,Candarave
Gabriel Travaglini,1978,No. 8,circa 1958,23,8,8,32,Perú,Tacna,Candarave
Carlos Serrano,1978,Flanker,date unknown,7,4,0,0,g,n,i
Alfredo Soares Gache,1978,Scrum-half,circa 1953,15,7,0,0,Perú,Tacna,Candarave
Marcos Iachetti,1979,Lock,circa 1958,4,1,0,0,Perú,Tacna,Candarave
Javier Perez Cobo,1979,Hooker,circa 1957,6,2,1,4,Perú,Tacna,Candarave
Topo Rodriguez,1979,Prop,Cordoba,43,25,0,0,España,Andalucía,Córdoba
Ernesto Ure,1979,Flanker,circa 1959,27,9,5,20,Perú,Tacna,Candarave
Fernando Argerich,1979,,date unknown,1,1,1,4,g,n,i
Andres Courreges,1979,Hooker,date unknown,15,10,4,16,g,n,i
Miguel Glastra,1979,Lock,date unknown,4,3,0,0,g,n,i
Armando Memoli,1979,,date unknown,3,3,0,0,g,n,i
Andres Nicholson,1979,Scrum-half,date unknown,3,3,0,0,g,n,i
Guillermo Paz,1979,,date unknown,7,7,5,20,g,n,i
Carlos Ramallo,1979,,date unknown,3,3,3,12,g,n,i
Carlos Sainz Trapaga,1979,Prop,date unknown,3,2,0,0,g,n,i
Guillermo Sanguinetti,1979,Fly-half,date unknown,4,4,3,31,g,n,i
Martin Garcia Laborde,1979,,date unknown,2,2,0,0,g,n,i
Carlos Jacobi,1979,,date unknown,2,2,0,0,g,n,i
Mario Negri,1979,No. 8,date unknown,3,3,2,8,g,n,i
Alejandro Puccio,1979,Wing,date unknown,5,4,3,12,g,n,i
Jaime Sartori,1979,,date unknown,3,3,3,12,g,n,i
Marcelo Dip,1979,,date unknown,2,2,1,40,g,n,i
Fernando Morel,1979,Prop,1957,23,10,0,0,Algérie الجزائر,Sétif - سطيف‎,Daïra Amoucha
Daniel Baetti,1980,Scrum-half,circa 1956,19,10,4,112,Perú,Tacna,Candarave
Juan Pablo Piccardo,1980,Centre,circa 1959,6,3,1,28,Perú,Tacna,Candarave
Jorge Allen,1980,Flanker,Vicente Lopez,29,15,1,4,Argentina,BA,Partido de Vicente López
Jose Palma,1981,Wing,date unknown,9,4,2,8,g,n,i
Pablo Devoto,1982,Prop,date unknown,6,3,0,0,g,n,i
Javier Miguens,1982,Scrum-half,date unknown,9,2,0,0,g,n,i
Gustavo Milano,1982,Lock,Rosario,33,16,6,24,Argentina,S2000,SFE
Guillermo Varone,1980,Wing,date unknown,4,1,0,0,g,n,i
Serafin Dengra,1982,Prop,Buenos Aires,21,9,1,4,Argentina,CABA,Comuna 6
Ricardo de Vedia,1982,Flanker,date unknown,3,1,1,4,g,n,i
Bernardo Miguens,1983,Fullback,date unknown,12,5,1,4,g,n,i
Juan Aguilar,1983,,date unknown,2,2,0,0,g,n,i
Ricardo Annichini,1983,Wing,date unknown,5,5,8,32,g,n,i
Eduardo Basile,1983,,date unknown,2,2,0,0,g,n,i
Diego Cuesta Silva,1983,"Wing, Centre",Buenos Aires,65,31,28,125,Argentina,CABA,Comuna 6
Sebastian Dassen,1983,,date unknown,3,3,2,8,g,n,i
Lucio de Chazal,1983,,date unknown,3,3,1,4,g,n,i
Gonzalo Gasso,1983,,date unknown,2,2,0,0,g,n,i
Pedro Lanza,1983,Wing,1963,16,9,6,24,Österreich,8362,Steiermark
Alejandro Schiavio,1983,Flanker,1961,6,3,0,0,Sverige,Svealand,Västmanlands län
Alejandro Scolni,1983,"Fullback, Wing",1962,19,9,8,32,Sverige,Svealand,Västmanlands län
Marcos Baeck,1983,Flanker,circa 1961,7,6,3,12,Perú,Tacna,Candarave
Marcelo Carrique,1983,,date unknown,2,2,0,0,g,n,i
Carlos Cordeiro,1983,,date unknown,1,1,1,4,g,n,i
Jose Carlos Galvalisi,1983,Prop,date unknown,2,2,0,0,g,n,i
Ricardo Sauze,1983,,date unknown,1,1,0,7,g,n,i
Eduardo Torello,1983,,date unknown,2,2,0,0,g,n,i
Diego Cash,1984,Prop,Buenos Aires,41,14,3,12,Argentina,CABA,Comuna 6
Juan Lanza,1985,Wing,1963,13,6,8,32,Österreich,8362,Steiermark
Fabian Turnes,1984,Centre,1965,29,11,5,65,Danmark,1965,Region Hovedstaden
Fabio Gomez,1985,Scrum-half,Buenos Aires,9,4,1,4,Argentina,CABA,Comuna 6
Rodrigo de la Arena,1985,Fullback,date unknown,4,3,4,17,g,n,i
Pedro Merlo,1985,,date unknown,2,2,4,16,g,n,i
Luis Molina,1985,Prop,San Miguel de Tucuma,12,6,0,0,g,n,i
Daniel Sanes,1985,Prop,1962,9,8,2,8,Sverige,Svealand,Västmanlands län
Jose Luis Visca,1985,Flanker,date unknown,1,1,2,8,g,n,i
Guillermo Holmgren,1985,Scrum-half,date unknown,2,0,0,0,g,n,i
Sergio Carossio,1985,Lock,1962,3,1,0,0,Sverige,Svealand,Västmanlands län
Eduardo Valesani,1986,,date unknown,2,0,0,0,g,n,i
Joaquin Uriarte,1986,Lock,circa 1963,2,1,0,0,Perú,Tacna,Candarave
Jose Mostany,1987,Flanker,circa 1963,3,1,0,0,Perú,Tacna,Candarave
Sebastian Salvat,1987,Centre,Buenos Aires,37,21,12,58,Argentina,CABA,Comuna 6
Martin Yanguela,1987,Scrum-half,circa 1962,1,1,0,0,Perú,Tacna,Candarave
Guillermo Angaut,1987,Fullback,La Plata,7,2,0,0,Argentina,BA,Partido de La Plata
Pablo Garreton,1987,Flanker,San Miguel de Tucuma,31,14,2,8,g,n,i
Marcelo Ricci,1987,No. 8,date unknown,1,1,0,0,g,n,i
Juan Jose Angelillo,1987,Hooker,1963,26,19,4,17,Österreich,8362,Steiermark
Javier Caminotti,1987,,date unknown,3,3,1,4,g,n,i
Roberto Cobelo,1987,Lock,circa 1963,3,3,0,0,Perú,Tacna,Candarave
Julio Coria,1987,,date unknown,4,4,1,4,g,n,i
Pablo Franchi,1987,,date unknown,3,3,2,8,g,n,i
Mario Gerosa,1987,Wing,Rosario,9,5,8,36,Argentina,S2000,SFE
Cristian Mendy,1987,Wing,1966,17,10,7,28,Россия,СКФО,Карачаево-Черкесия
Mario Carreras,1987,Flanker,Buenos Aires,8,2,2,8,Argentina,CABA,Comuna 6
Julio Clement,1987,Hooker,circa 1962,2,2,0,0,Perú,Tacna,Candarave
Dardo Gonzalez,1987,,date unknown,3,1,0,0,g,n,i
Santiago Meson,1987,Fullback,San Miguel de Tucuma,34,23,8,365,g,n,i
Hernan Vidou,1987,Fly-half,1967,6,3,1,48,Danmark,1967,Region Hovedstaden
Gabriel Teran Nougues,1988,Wing,date unknown,1,0,0,0,g,n,i
Fernando Conti,1988,Flanker,date unknown,1,0,0,0,g,n,i
Federico Silvestre,1988,Scrum-half,circa 1967,7,5,2,8,Perú,Tacna,Tarata
Miguel Bertranou,1989,No. 8,1967,15,6,2,8,Danmark,1967,Region Hovedstaden
Marcelo Valesani,1989,Lock,circa 1965,10,6,0,0,Perú,Tacna,Candarave
Juan Soler Valls,1989,Fullback,circa 1966,4,4,5,20,Perú,Tacna,Candarave
Pablo Buabse,1989,"Lock, Flanker",San Miguel de Tucuma,7,4,0,0,g,n,i
Pablo di Nisio,1989,Flanker,circa 1965,3,1,0,0,Perú,Tacna,Candarave
Marcelo Righentini,1989,Wing,circa 1969,1,0,0,0,Perú,Tacna,Candarave
Pablo Camerlinckx,1989,No. 8,Buenos Aires,32,17,8,36,Argentina,CABA,Comuna 6
Diego Halle,1989,Fly-half,date unknown,5,5,1,4,g,n,i
Gustavo Jorge,1989,Wing,Lomas de Zamora,23,17,24,111,Argentina,BA,Partido de Lomas de Zamora
Federico Schacht,1989,Wing,date unknown,6,5,9,36,g,n,i
Jose Simes,1989,Lock,1967,12,9,0,0,Danmark,1967,Region Hovedstaden
Juan Coppola,1989,,date unknown,2,2,3,12,g,n,i
Diego Dominguez,1989,Fly-half,Cordoba,76,29,9,1010,España,Andalucía,Córdoba
Hector Lacarra,1989,,date unknown,2,2,0,0,g,n,i
Sergio Bunader,1989,No. 8,1962,2,1,3,12,Sverige,Svealand,Västmanlands län
Adrian Rocca,1989,Prop,1962,7,4,1,4,Sverige,Svealand,Västmanlands län
Javier Grondona,1990,Lock,date unknown,1,0,0,0,g,n,i
Ricardo Zanero,1990,Wing,date unknown,1,0,0,0,g,n,i
Matias Allen,1990,Centre,Buenos Aires,5,1,0,0,Argentina,CABA,Comuna 6
Pablo Garzon,1990,Fullback,circa 1964,3,2,3,12,Perú,Tacna,Candarave
Manuel Aguirre,1990,Prop,Buenos Aires,3,1,0,0,Argentina,CABA,Comuna 6
Rodrigo Crexell,1990,Scrum-half,1968,14,8,5,32,Россия,СКФО,Карачаево-Черкесия
Santiago Ezcurra,1990,Wing,date unknown,2,0,0,0,g,n,i
Hernan Garcia Simon,1990,Centre,Buenos Aires,7,0,1,4,Argentina,CABA,Comuna 6
Ricardo le Fort,1990,Hooker,San Miguel de Tucuma,16,8,1,5,g,n,i
German Llanes,1990,Lock,Junin,42,13,1,5,Perú,Junín,Missing
Agustin Macome,1990,Flanker,1967,4,2,1,4,Danmark,1967,Region Hovedstaden
Federico Mendez Azpillaga,1990,"Prop, Hooker",Mendoza,73,33,14,70,Argentina,MZA,Departamento Capital
Pedro Sporleder,1990,Lock,Buenos Aires,78,41,14,70,Argentina,CABA,Comuna 6
Lisandro Arbizu,1990,Fly-half,Buenos Aires,86,41,17,188,Argentina,CABA,Comuna 6
Gonzalo Camardon,1990,"Centre, Scrum-half",Buenos Aires,41,21,10,49,Argentina,CABA,Comuna 6
Emilio Ezcurra,1990,Flanker,date unknown,1,0,0,0,g,n,i
Guillermo del Castillo,1991,Fly-half,Rosario,15,8,0,24,Argentina,S2000,SFE
Jose Santamarina,1991,No. 8,San Miguel de Tucuma,23,12,2,9,g,n,i
Martin Teran Nougues,1991,Wing,San Miguel de Tucuma,30,14,11,50,g,n,i
Fernando Buabse,1991,,date unknown,4,4,2,8,g,n,i
Rafael Bullrich,1991,Scrum-half,date unknown,8,5,0,0,g,n,i
Juan Luis Damioli,1991,,date unknown,3,3,2,8,g,n,i
Rodolfo Etchegoyen,1991,No. 8,date unknown,3,3,2,8,g,n,i
Lucas Herrera,1991,,date unknown,2,2,1,4,g,n,i
Martin Lanfranco,1991,,date unknown,3,3,0,0,g,n,i
Alejandro Marguery,1991,Centre,date unknown,4,4,3,13,g,n,i
Federico Jose Mendez,1991,Fly-half,date unknown,6,6,1,63,g,n,i
Julio Jose Paz,1991,,date unknown,3,3,0,0,g,n,i
Franco Rossi,1991,No. 8,Rosario,4,3,3,12,Argentina,S2000,SFE
Guillermo Ugartemendia,1991,"No. 8, Lock",Buenos Aires,13,8,1,5,Argentina,CABA,Comuna 6
Marcelo Urbano,1991,Prop,1965,7,6,0,0,Danmark,1965,Region Hovedstaden
Ariel Mammana,1991,,date unknown,3,3,0,0,g,n,i
Eduardo Pittinari,1991,,date unknown,3,3,1,4,g,n,i
Patricio Noriega,1991,Prop,Buenos Aires,49,32,2,10,Argentina,CABA,Comuna 6
Alejandro Tolomei,1991,Wing,date unknown,5,5,11,51,g,n,i
Eduardo Laborde,1991,Centre,Buenos Aires,3,0,0,3,Argentina,CABA,Comuna 6
Mariano Bosch,1991,Hooker,Buenos Aires,4,0,0,0,Argentina,CABA,Comuna 6
Francisco Irarrazaval,1991,Flanker,Mendoza,3,2,0,0,Argentina,MZA,Departamento Capital
Luis Criscuolo,1992,"Centre, Fullback",Buenos Aires,7,2,1,9,Argentina,CABA,Comuna 6
Raul Perez,1992,Flanker,Buenos Aires,21,14,1,5,Argentina,CABA,Comuna 6
Normando Ferrari,1992,"No. 8, Lock",date unknown,2,2,0,0,g,n,i
Eduardo Garbarino,1992,Hooker,date unknown,2,2,0,0,g,n,i
Matias Roby,1992,Wing,date unknown,2,2,1,5,g,n,i
Leandro Bouza,1992,Wing,1971,1,1,0,0,Россия,СКФО,Карачаево-Черкесия
Gonzalo Garcia Orsetti,1992,Flanker,1971,2,2,0,0,Россия,СКФО,Карачаево-Черкесия
Pablo Cremaschi,1993,Centre,date unknown,6,6,3,40,g,n,i
Roberto Grau,1993,Prop,Buenos Aires,47,19,2,10,Argentina,CABA,Comuna 6
Sebastian Irazoqui,1993,No. 8,1969,8,6,1,5,Nederland,1969,Nederland
Diego Silvetti,1993,Hooker,date unknown,1,1,1,5,g,n,i
Martin Grau,1993,,date unknown,1,1,0,0,g,n,i
Matias Corral,1993,Prop,Buenos Aires,17,8,1,5,Argentina,CABA,Comuna 6
Sebastian Paz Posse,1993,Hooker,date unknown,3,3,2,10,g,n,i
Cristian Viel Temperley,1993,Flanker,Buenos Aires,26,16,3,15,Argentina,CABA,Comuna 6
Martin Viola,1993,,date unknown,1,1,0,0,g,n,i
Eduardo Garcia Hamilton,1993,,date unknown,1,1,0,0,g,n,i
Ivan Merlo,1993,Centre,Cordoba,2,2,2,10,España,Andalucía,Córdoba
Sergio Peretti,1993,Hooker,date unknown,3,2,0,0,g,n,i
Pablo Fernandez Bravo,1993,Flanker,date unknown,2,0,0,0,g,n,i
Nicolas Fernandez Miranda,1994,Scrum-half,Buenos Aires,46,33,6,30,Argentina,CABA,Comuna 6
Rolando Martin,1994,Flanker,United States,86,44,18,90,United States of America,Missing,Missing
Martin Pfister,1994,Wing,date unknown,6,2,2,10,g,n,i
Francisco Garcia,1994,Centre,1970,13,5,2,10,Danmark,1970,Region Hovedstaden
Jose Cilley,1994,Fly-half,Buenos Aires,15,6,2,138,Argentina,CABA,Comuna 6
Diego Albanese,1995,Wing,Mar del Plata,55,24,10,50,Argentina,BA,Partido de General Pueyrredón
Nicolas Bossicovich,1995,,Rosario,2,2,0,0,Argentina,S2000,SFE
Omar Hasan Jalil,1995,Prop,Tucuman,65,34,4,20,Argentina,Tucumán,Missing
Martin Lerga,1995,,date unknown,5,4,0,0,g,n,i
Fernando del Castillo,1995,Centre,Rosario,6,5,0,0,Argentina,S2000,SFE
Agustin Pichot,1995,Scrum-half,Buenos Aires,71,34,12,60,Argentina,CABA,Comuna 6
Ezequiel Jurado,1995,Fullback,Rosario,28,11,6,30,Argentina,S2000,SFE
Jose Luna,1995,Wing,1971,8,7,4,129,Россия,СКФО,Карачаево-Черкесия
Omar Portillo,1995,Lock,date unknown,4,4,1,5,g,n,i
Martin Sugasti,1995,,1967,2,2,1,5,Danmark,1967,Region Hovedstaden
Roberto Petti,1995,,date unknown,2,2,0,0,g,n,i
Pablo Bouza,1996,Lock,Rosario,37,27,10,50,Argentina,S2000,SFE
Carlos Promanzio,1996,Hooker,1971,10,4,1,5,Россия,СКФО,Карачаево-Черкесия
Mauricio Reggiardo,1996,Prop,Bragado,50,23,3,15,Argentina,BA,Partido de Bragado
Gustavo Rivero,1996,Prop,date unknown,3,3,0,0,g,n,i
Facundo Soler,1996,Fullback,Cordoba,25,12,18,90,España,Andalucía,Córdoba
Julian Legora,1996,Centre,1973,6,4,1,5,Россия,СКФО,Карачаево-Черкесия
Octavio Bartolucci,1996,Wing,Rosario,20,11,9,45,Argentina,S2000,SFE
Ignacio Fernandez Lobbe,1996,Lock,Buenos Aires,65,33,6,30,Argentina,CABA,Comuna 6
Leandro Lobrauco,1996,Scrum-half,Rosario,5,4,1,9,Argentina,S2000,SFE
Martin Palou,1996,Lock,1968,2,2,0,0,Россия,СКФО,Карачаево-Черкесия
Gonzalo Quesada,1996,Fly-half,Buenos Aires,38,19,4,486,Argentina,CABA,Comuna 6
Martin Scelzo,1996,Prop,Buenos Aires,59,34,10,50,Argentina,CABA,Comuna 6
Eduardo Simone,1996,Centre,Buenos Aires,36,17,9,45,Argentina,CABA,Comuna 6
Roberto Travaglini,1996,Flanker,Buenos Aires,8,6,1,5,Argentina,CABA,Comuna 6
Federico Werner,1996,Prop,1973,2,2,0,0,Россия,СКФО,Карачаево-Черкесия
Christian Barrea,1996,Scrum-half,1972,3,2,1,5,Danmark,1972,Region Hovedstaden
Diego Giannantonio,1996,Centre,Buenos Aires,10,4,3,38,Argentina,CABA,Comuna 6
Mario Ledesma Arocena,1996,Hooker,Buenos Aires,84,42,3,15,Argentina,CABA,Comuna 6
Jose Orengo,1996,Centre,Rosario,36,17,9,45,Argentina,S2000,SFE
Tomas Solari,1996,Wing,1976,7,3,4,20,Россия,СКФО,Карачаево-Черкесия
German Aristide,1997,Centre,Rosario,1,1,0,0,Argentina,S2000,SFE
Miguel Ruiz,1997,Back-row,Mendoza,24,12,2,10,Argentina,MZA,Departamento Capital
Alejandro Aguirre,1997,Lock,date unknown,2,2,1,5,g,n,i
Pablo Alexenicer,1997,Lock,date unknown,2,2,0,0,g,n,i
Alejandro Allub,1997,Lock,Cordoba,29,10,1,5,España,Andalucía,Córdoba
Matias Brandi,1997,Fullback,date unknown,5,5,1,5,g,n,i
Marcelo Carmona,1997,Flanker,date unknown,2,2,1,5,g,n,i
Diego Gomez Coll,1997,Centre,date unknown,1,1,3,15,g,n,i
Agustin Lopresti,1997,"Hooker, Prop",Salta,2,2,1,5,Argentina,Salta,Missing
Juan Meabe,1997,Flanker,date unknown,1,1,0,0,g,n,i
Facundo Rave,1997,Wing,date unknown,1,1,1,5,g,n,i
Damian Rotondo,1997,Flanker,date unknown,2,2,3,15,g,n,i
Gustavo Veron,1997,Wing,date unknown,1,1,0,0,g,n,i
Raul Cano,1997,,date unknown,1,1,0,0,g,n,i
Manuel Diaz,1997,Scrum-half,La Prida,5,4,2,10,España,Principado de Asturias,Llanes
Andres Irigoyen,1997,,date unknown,1,1,0,0,g,n,i
Fernando Diaz Alberdi,1997,Prop,Buenos Aires,5,2,1,5,Argentina,CABA,Comuna 6
Juan Fernandez Miranda,1997,Fly-half,Buenos Aires,29,22,5,158,Argentina,CABA,Comuna 6
Santiago Phelan,1997,Flanker,San Isidro,45,26,1,5,Philippines,8421,Caraga
Camilo Boffelli,1997,Flanker,date unknown,5,5,2,10,g,n,i
Hugo Cespedes,1997,Prop,date unknown,2,2,0,0,g,n,i
Guillermo Bernardi,1997,,date unknown,1,1,0,0,g,n,i
Martin Durand,1997,Flanker,Buenos Aires,60,38,9,45,Argentina,CABA,Comuna 6
Leonardo Gravano,1997,Fullback,date unknown,3,3,1,5,g,n,i
Emiliano Mulieri,1997,"Fullback, Wing",Mar del Plata,1,1,2,10,Argentina,BA,Partido de General Pueyrredón
Gaston Nazassi,1997,,date unknown,1,1,0,0,g,n,i
Nicolas Gomez,1997,,date unknown,1,1,0,0,g,n,i
Federico Todeschini,1998,"Fly-half, Fullback",Rosario,21,16,4,256,Argentina,S2000,SFE
Manuel Contepomi,1998,Centre,Buenos Aires,38,23,9,45,Argentina,CABA,Comuna 6
Gabriel Bocca,1998,Prop,Buenos Aires,2,1,0,0,Argentina,CABA,Comuna 6
Ignacio Corleto,1998,Fullback,Buenos Aires,37,19,14,73,Argentina,CABA,Comuna 6
Patricio Fuselli,1998,Fly-half,date unknown,2,1,0,10,g,n,i
Pablo Garcia Hamilton,1998,Wing,date unknown,2,1,0,0,g,n,i
Rodrigo Roncero,1998,Prop,Buenos Aires,55,26,6,30,Argentina,CABA,Comuna 6
Rafael Silva,1998,Flanker,date unknown,1,0,0,0,g,n,i
Bernardo Stortoni,1998,Fullback,Bahia Blanca,26,17,10,50,Argentina,BA,Partido de Bahía Blanca
Daniel Villen,1998,Fullback,date unknown,2,1,0,0,g,n,i
Arturo Mimesi,1998,Lock,date unknown,3,2,0,0,g,n,i
Damian Rodriguez,1998,Prop,date unknown,4,3,0,0,g,n,i
Patricio Grande,1998,Wing,1972,3,3,6,30,Danmark,1972,Region Hovedstaden
Matias Lamas,1998,Hooker,date unknown,2,2,0,0,g,n,i
Martin Molina,1998,Centre,date unknown,3,3,2,12,g,n,i
Christian Ohanian,1998,No. 8,date unknown,2,2,1,5,g,n,i
Jose Altube,1998,Fly-half,date unknown,3,3,0,9,g,n,i
Rimas Alvarez Kairelis,1998,Lock,Quilmes,44,30,3,15,Argentina,BA,Partido de Quilmes
Julio Garcia,1998,Prop,Cordoba,3,2,0,0,España,Andalucía,Córdoba
Alejandro Moreno,1998,Prop,Buenos Aires,8,4,0,0,Argentina,CABA,Comuna 6
Eduardo Zapiola,1998,,date unknown,1,1,0,0,g,n,i
Julio Brolese,1998,Flanker,date unknown,2,2,2,10,g,n,i
Felipe Contepomi,1998,Fly-half,Buenos Aires,87,42,16,651,Argentina,CABA,Comuna 6
Gerardo Lazcano Miranda,1998,Lock,date unknown,5,5,0,0,g,n,i
Ernesto Naveyra,1998,,date unknown,1,1,0,0,g,n,i
Matias Peri Brusa,1998,,date unknown,1,1,0,0,g,n,i
Martin Gaitan,1998,Centre,Parana,10,9,8,40,Brasil,Região Nordeste,PE
Gonzalo Longo Elia,1999,No. 8,San Isidro,51,24,5,25,Philippines,8421,Caraga
Lucas Ostiglia,1999,Flanker,Buenos Aires,32,17,3,15,Argentina,CABA,Comuna 6
Agustin Canalda,1999,Hooker,Buenos Aires,6,3,0,0,Argentina,CABA,Comuna 6
Hugo Dande,2001,Flanker,Tucuman,4,4,2,10,Argentina,Tucumán,Missing
Leopoldo de Chazal,2001,Prop,Tucuman,3,2,0,0,Argentina,Tucumán,Missing
Santiago Gonzalez Bonorino,2001,Prop,Buenos Aires,15,12,0,0,Argentina,CABA,Comuna 6
Gustavo Morlaes Oliver,2001,Lock,date unknown,3,3,0,0,g,n,i
Jose Nunez Piossek,2001,"Wing, Centre",Tucuman,28,18,29,145,Argentina,Tucumán,Missing
Leonardo Roldan,2001,Lock,Rosario,2,2,1,5,Argentina,S2000,SFE
Juan Jose Villar,2001,Hooker,date unknown,5,5,0,0,g,n,i
Matias Albina,2001,Scrum-half,La Plata,10,9,4,20,Argentina,BA,Partido de La Plata
Francisco Leonelli Morey,2001,"Wing, Fullback",Bolivia,16,13,8,40,Bolivia,Missing,Missing
Mariano Sambucetti,2001,Lock,Buenos Aires,11,9,3,15,Argentina,CABA,Comuna 6
Emiliano Bergamaschi,2001,Prop,Rosario,1,1,0,0,Argentina,S2000,SFE
Pablo Cardinali,2001,Prop,La Plata,5,5,0,0,Argentina,BA,Partido de La Plata
Daniel Rodriguez,2002,Prop,Cordoba,3,3,0,0,España,Andalucía,Córdoba
Hernan Senillosa,2002,"Wing, Centre",Buenos Aires,33,27,17,128,Argentina,CABA,Comuna 6
Alfonso Amuchastegui,2002,No. 8,Rosario,3,3,0,0,Argentina,S2000,SFE
Maximiliano Nannini,2002,Centre,Rosario,5,5,4,20,Argentina,S2000,SFE
Juan Cruz Legora,2002,Scrum-half,Cordoba,2,2,1,5,España,Andalucía,Córdoba
Patricio Albacete,2003,Lock,Buenos Aires,57,24,1,5,Argentina,CABA,Comuna 6
Lucas Borges,2003,Wing,Buenos Aires,32,19,14,70,Argentina,CABA,Comuna 6
German Bustos,2003,Fly-half,Mendoza,4,4,0,51,Argentina,MZA,Departamento Capital
Eusebio Guinazu,2003,Hooker,Mendoza,36,16,1,5,Argentina,MZA,Departamento Capital
Juan Martin Hernandez,2003,Fullback,Buenos Aires,52,25,6,133,Argentina,CABA,Comuna 6
Francisco Lecot,2003,Prop,Catamarca,4,4,0,0,Argentina,Catamarca,Missing
Leonardo Ortiz,2003,Hooker,date unknown,3,3,0,0,g,n,i
Martin Schusterman,2003,Flanker,San Juan,17,13,1,5,United States of America,Puerto Rico,San Juan
Martin Rospide,2003,Prop,1979,3,3,0,0,România,Vâlcea,1979
Federico Cortopasso,2003,Hooker,date unknown,2,2,0,0,g,n,i
Julio Freixas,2003,Centre,date unknown,2,2,1,5,g,n,i
Federico Serra Miras,2003,Fullback,Buenos Aires,10,8,2,26,Argentina,CABA,Comuna 6
Santiago Sanz,2003,Flanker,Buenos Aires,6,5,1,5,Argentina,CABA,Comuna 6
Federico Aramburu,2004,"Wing, Centre",La Plata,22,10,8,40,Argentina,BA,Partido de La Plata
Francisco Bosch,2004,"Fullback, Wing",Buenos Aires,4,2,2,10,Argentina,CABA,Comuna 6
Pablo Henn,2004,Prop,Don Torcuato,9,7,1,5,Argentina,BA,Partido de Tigre
Ariel Castellina,2004,Prop,Tucuman,3,3,0,0,Argentina,Tucumán,Missing
Federico Andres Genoud,2004,Flanker,Mendoza,6,6,2,10,Argentina,MZA,Departamento Capital
Andres Romagnoli,2004,Fly-half,Buenos Aires,3,3,0,0,Argentina,CABA,Comuna 6
Galo Alvarez Quinones,2004,"Prop, Hooker",Cordoba,2,2,0,0,España,Andalucía,Córdoba
Juan Martin Fernandez Lobbe,2004,No. 8,Buenos Aires,61,26,6,30,Argentina,CABA,Comuna 6
Alvaro Galindo,2004,Back-row,Tucuman,13,5,2,10,Argentina,Tucumán,Missing
Lucio Lopez Fleming,2004,"Wing, Scrum-half",Salta,5,4,4,20,Argentina,Salta,Missing
Fernando Higgs,2004,Utility back,Mendoza,3,3,7,35,Argentina,MZA,Departamento Capital
Pablo Gomez Cora,2004,Centre,Lomas de Zamora,4,1,0,0,Argentina,BA,Partido de Lomas de Zamora
Santiago Artese,2004,Lock,Buenos Aires,1,0,1,5,Argentina,CABA,Comuna 6
Augusto Petrilli,2004,Back-row,San Fernando,2,1,0,0,Philippines,Mimaropa,Romblon
Gonzalo Tiesi,2004,Centre,Buenos Aires,37,17,6,30,Argentina,CABA,Comuna 6
Marcos Ayerza,2004,Prop,Buenos Aires,57,24,1,5,Argentina,CABA,Comuna 6
Manuel Carizza,2004,Lock,Rosario,43,14,1,5,Argentina,S2000,SFE
Alberto Vernet Basualdo,2004,Hooker,Buenos Aires,12,9,0,0,Argentina,CABA,Comuna 6
Miguel Avramovic,2005,Centre,Buenos Aires,11,6,4,20,Argentina,CABA,Comuna 6
Juan Manuel Leguizamon,2005,Back-row,Santiago del Estero,59,25,10,50,Argentina,Santiago del Estero,Missing
Agustin Creevy,2005,Hooker,La Plata,36,11,0,0,Argentina,BA,Partido de La Plata
Horacio Agulla,2005,"Fullback, Wing",Buenos Aires,58,22,5,25,Argentina,CABA,Comuna 6
Jaime Arocena Mesones,2005,Lock,1978,1,0,0,0,Svizra,Svizzera,Suisse
Agustin Costa Repetto,2005,"Prop, Hooker",Buenos Aires,1,0,0,0,Argentina,CABA,Comuna 6
Gaston de Robertis,2005,Prop,Buenos Aires,4,3,0,0,Argentina,CABA,Comuna 6
Matias Cortese,2005,Hooker,Mendoza,15,7,1,5,Argentina,MZA,Departamento Capital
Sebastien Rondinelli,2005,Prop,La Plata,1,0,0,0,Argentina,BA,Partido de La Plata
Nicolas Vergallo,2005,Scrum-half,Rosario,33,13,0,0,Argentina,S2000,SFE
Rafael Carballo,2006,Wing,Buenos Aires,8,5,3,15,Argentina,CABA,Comuna 6
Pablo Gambarini,2006,Hooker,Tucuman,8,8,1,5,Argentina,Tucumán,Missing
Esteban Lozada,2006,Lock,Brussels,22,12,0,0,België - Belgique - Belgien,1000;1040,Région de Bruxelles-Capitale - Brussels Hoofdstedelijk Gewest
Juan Gomez,2006,Prop,Buenos Aires,6,4,0,0,Argentina,CABA,Comuna 6
Tomas de Vedia,2007,Wing,Buenos Aires,3,3,0,0,Argentina,CABA,Comuna 6
Genaro Fessia,2007,Back-row,Cordoba,13,9,2,10,España,Andalucía,Córdoba
Marcelo Bosch,2007,Centre,Buenos Aires,33,6,4,45,Argentina,CABA,Comuna 6
Alejandro Abadie,2007,Back-row,San Fernando,5,3,1,5,Philippines,Mimaropa,Romblon
Federico Amelong,2007,Centre,Rosario,2,2,1,5,Argentina,S2000,SFE
Felipe Aranguren,2007,Lock,Buenos Aires,6,6,1,5,Argentina,CABA,Comuna 6
Gabriel Ascarate,2007,"Fullback, Centre",San Miguel de Tucuma,16,10,4,20,g,n,i
Gonzalo Begino,2007,Prop,1976,1,1,0,0,Россия,СКФО,Карачаево-Черкесия
Agustin Guzman,2007,Back-row,San Miguel de Tucuma,5,5,1,5,g,n,i
Francisco Merello,2007,Wing,Buenos Aires,5,5,6,30,Argentina,CABA,Comuna 6
Ignacio Mieres,2007,Fly-half,Buenos Aires,6,6,2,32,Argentina,CABA,Comuna 6
Sebastian Ponce,2007,Fullback,date unknown,1,1,2,10,g,n,i
James Stuart,2007,Lock,Buenos Aires,3,1,0,0,Argentina,CABA,Comuna 6
Ben Urdapilleta,2007,Fly-half,Buenos Aires,10,6,2,40,Argentina,CABA,Comuna 6
Francisco Albarracin,2007,Scrum-half,La Plata,3,3,1,5,Argentina,BA,Partido de La Plata
Alejandro Campos,2007,Back-row,Buenos Aires,15,7,1,5,Argentina,CABA,Comuna 6
Bruno Fabricio Cuezzo,2007,No. 8,1976,1,1,0,0,Россия,СКФО,Карачаево-Черкесия
Ramiro del Busto,2007,Fullback,Buenos Aires,1,1,1,5,Argentina,CABA,Comuna 6
Lucas Gonzalez Amorosino,2007,Fullback,Buenos Aires,40,13,7,35,Argentina,CABA,Comuna 6
Tomas Roan,2007,Lock,La Plata,2,2,0,0,Argentina,BA,Partido de La Plata
Federico Rodriguez,2007,Hooker,date unknown,1,1,0,0,g,n,i
Lucas Barrera Oro,2008,Fullback,Tucuman,3,3,0,0,Argentina,Tucumán,Missing
Felipe Bettolli,2008,Prop,Cordoba,3,3,0,0,España,Andalucía,Córdoba
Gonzalo Camacho,2008,Wing,Buenos Aires,23,7,6,30,Argentina,CABA,Comuna 6
Mauro Comuzzi,2008,"Wing, Fullback",Buenos Aires,5,3,0,0,Argentina,CABA,Comuna 6
Juan Ignacio Gauthier,2008,Utility back,Buenos Aires,2,2,3,15,Argentina,CABA,Comuna 6
Francisco Gomez Kodela,2008,Prop,1985,11,6,1,5,Nederland,1985,Nederland
Juan Pablo Lagarrigue,2008,Lock,Tucuman,2,2,0,0,Argentina,Tucumán,Missing
Rodrigo Maria,2008,Hooker,date unknown,1,1,2,10,g,n,i
Leonardo Senatore,2008,Back-row,Rosario,29,11,3,15,Argentina,S2000,SFE
Carlos Caceres,2008,Lock,Tucuman,4,4,0,0,Argentina,Tucumán,Missing
Ariel Hevia,2008,Prop,Buenos Aires,1,1,0,0,Argentina,CABA,Comuna 6
Roman Miralles,2008,Fullback,Rosario,5,5,3,15,Argentina,S2000,SFE
Alvaro Tejeda,2008,Hooker,San Miguel de Tucuma,3,1,1,5,g,n,i
Pedro Ledesma Arocena,2008,Prop,Buenos Aires,2,0,0,0,Argentina,CABA,Comuna 6
Alfredo Lalanne,2008,Scrum-half,Buenos Aires,10,4,0,0,Argentina,CABA,Comuna 6
Martin Bustos Moyano,2008,Wing,Cordoba,4,2,0,43,España,Andalucía,Córdoba
Miguel de Achaval,2008,Back-row,Buenos Aires,5,4,1,5,Argentina,CABA,Comuna 6
Juan-Pablo Estelles,2008,Centre,Rosario,1,1,0,0,Argentina,S2000,SFE
Tomas Leonardi,2008,Back-row,Buenos Aires,18,6,4,20,Argentina,CABA,Comuna 6
Agustin Smidt,2008,Lock,Cordoba,3,3,2,10,España,Andalucía,Córdoba
Esteban Bustillo,2008,Hooker,Buenos Aires,1,1,0,0,Argentina,CABA,Comuna 6
Mauricio Guidone,2008,"Hooker, Prop",La Plata,10,8,1,5,Argentina,BA,Partido de La Plata
Martin Landajo,2008,Scrum-half,Buenos Aires,42,16,3,15,Argentina,CABA,Comuna 6
Ignacio Pasman,2008,Back-row,Buenos Aires,2,2,0,0,Argentina,CABA,Comuna 6
Juan Pablo Orlandi,2008,Prop,Mendoza,15,2,0,0,Argentina,MZA,Departamento Capital
Santiago Fernandez,2008,Centre,Buenos Aires,32,8,1,8,Argentina,CABA,Comuna 6
Agustin Figuerola,2008,Scrum-half,Buenos Aires,7,2,0,0,Argentina,CABA,Comuna 6
Belisario Agulla,2009,Fullback,Buenos Aires,11,9,7,35,Argentina,CABA,Comuna 6
Lucas Alcacer Mackinlay,2009,Scrum-half,Buenos Aires,2,2,0,0,Argentina,CABA,Comuna 6
Rodrigo Bruno,2009,Flanker,Cordoba,7,7,3,15,España,Andalucía,Córdoba
Pedro Garzon,2009,Fullback,Cordoba,2,2,1,5,España,Andalucía,Córdoba
Santiago Gonzalez Iglesias,2009,Fly-half,Buenos Aires,14,7,4,91,Argentina,CABA,Comuna 6
Juan Imhoff,2009,Wing,Rosario,26,9,13,65,Argentina,S2000,SFE
Benjamin Macome,2009,No. 8,Tucuman,21,10,2,10,Argentina,Tucumán,Missing
Matias Narvaez,2009,Prop,Cordoba,2,2,0,0,España,Andalucía,Córdoba
Santiago Piccaluga,2009,Centre,Buenos Aires,2,2,0,0,Argentina,CABA,Comuna 6
Guillermo Roan,2009,Prop,La Plata,7,5,0,0,Argentina,BA,Partido de La Plata
Facundo Vega,2009,Centre,date unknown,2,2,1,9,g,n,i
Francisco Cubelli,2009,Scrum-half,date unknown,2,2,0,0,g,n,i
Ignacio di Santi,2009,Hooker,1988,2,2,0,0,Россия,СКФО,Карачаево-Черкесия
Paolo Mac,2009,Centre,1988,1,1,1,5,Россия,СКФО,Карачаево-Черкесия
Federico Merlo,2009,Prop,date unknown,1,1,1,5,g,n,i
Gabriel Pata Curello,2009,Back-row,date unknown,2,2,1,5,g,n,i
Martin Rodriguez Gurruchage,2009,Centre,Rosario,19,6,2,72,Argentina,S2000,SFE
Horacio San Martin,2009,Centre,Formosa,2,1,0,0,Argentina,Formosa,Missing
Leandro Pereyra,2010,Prop,date unknown,2,2,0,0,g,n,i
Matias Viazzo,2010,Centre,1983,2,2,1,5,Sverige,Svealand,Västmanlands län
Tomas Cubelli,2010,Scrum-half,Buenos Aires,34,15,8,40,Argentina,CABA,Comuna 6
Marcos Lobato,2010,Lock,Cordoba,2,2,0,0,España,Andalucía,Córdoba
Ramiro Pacheco,2010,Prop,Rosario,2,2,0,0,Argentina,S2000,SFE
Luciano Proto,2010,Hooker,Tucuman,2,2,0,0,Argentina,Tucumán,Missing
Nicolas Sanchez,2010,Fly-half,San Miguel de Tucuma,30,9,2,230,g,n,i
Rodrigo Baez,2010,Flanker,Mendoza,16,7,2,10,Argentina,MZA,Departamento Capital
Nahuel Tetaz Chaparro,2010,Prop,General Madariaga,16,8,1,5,Argentina,BA,Partido de General Madariaga
Mariano Galarza,2010,Lock,Veinticinco de Mayo,24,7,0,0,Argentina,Santa Cruz,Deseado
Santiago Guzman,2010,Lock,San Miguel de Tucuma,6,4,0,0,g,n,i
Juan Figallo,2010,Prop,Salta,22,6,1,5,Argentina,Salta,Missing
Julio Farias Cabello,2010,Back-row,San Miguel de Tucuma,30,6,2,10,g,n,i
Jose Basile,2011,No. 8,1982,2,2,1,5,Sverige,Svealand,Västmanlands län
Santiago Bottini,2011,Fly-half,Buenos Aires,2,2,0,0,Argentina,CABA,Comuna 6
Tomas de la Vega,2011,Flanker,Buenos Aires,12,5,2,10,Argentina,CABA,Comuna 6
Tomas Rosati,2011,Fly-half,Buenos Aires,2,2,0,0,Argentina,CABA,Comuna 6
Hugo Schierano,2011,Lock,1985,2,2,0,0,Nederland,1985,Nederland
Roberto Tejerizo,2011,Hooker,San Miguel de Tucuma,4,4,0,0,g,n,i
Federico Alloggio,2011,Lock,Rosario,2,2,0,0,Argentina,S2000,SFE
Nicolas Centurion,2011,Back-row,1989,2,2,1,5,Česko,43201,Severozápad
Gaston Cortes,2011,Prop,Cordoba,4,4,0,0,España,Andalucía,Córdoba
Benjamin Madero,2011,Fly-half,Buenos Aires,4,3,1,29,Argentina,CABA,Comuna 6
Martin Maineri,2011,Scrum-half,date unknown,2,2,0,0,g,n,i
Ramiro Moyano Joya,2011,Fullback,Tucuman,6,6,7,35,Argentina,Tucumán,Missing
Fernando Luna,2011,Fullback,1990,1,1,3,15,Portugal,1990,Lisboa
Walter Weiss,2011,Centre,1987,1,1,2,10,Россия,СКФО,Карачаево-Черкесия
Tomas Baravalle,2011,Prop,1990,1,1,0,0,Portugal,1990,Lisboa
Agustin Gosio,2011,Wing,Buenos Aires,3,2,1,5,Argentina,CABA,Comuna 6
Tomas Vallejos Cinalli,2011,Lock,Rosario,6,3,0,0,Argentina,S2000,SFE
Lisandro Ahualli de Chazal,2012,Flanker,San Miguel de Tucuma,6,6,1,5,g,n,i
Valentin Cruz Hernestrosa,2012,Fly-half,1990,3,3,0,32,Portugal,1990,Lisboa
Martin Garcia Veiga,2012,Hooker,Buenos Aires,6,4,1,5,Argentina,CABA,Comuna 6
Manuel Montero,2012,Wing,Adrogue,21,9,14,70,Argentina,BA,Partido de Almirante Brown
Matias Orlando,2012,Centre,Tucuman,10,6,2,10,Argentina,Tucumán,Missing
Javier Ortega Desio,2012,Flanker,Parana,14,10,5,25,Brasil,Região Nordeste,PE
Diego Palma,2012,Wing,1988,2,2,0,0,Россия,СКФО,Карачаево-Черкесия
Javier Rojas Alvarez,2012,Centre,Tucuman,5,5,1,5,Argentina,Tucumán,Missing
Stefano Ambrosio,2012,"Centre, Fly-half",Cordoba,2,2,0,18,España,Andalucía,Córdoba
Nicolas Azorin,2012,Flanker,Mar del Plata,2,2,0,0,Argentina,BA,Partido de General Pueyrredón
Facundo Barrea,2012,Wing,Cordoba,4,3,8,40,España,Andalucía,Córdoba
Cesar Fruttero,2012,Lock,Villa Maria,5,5,1,5,Canada,H4A 1C6,Québec
Bruno Postiglioni,2012,"Prop, Hooker",La Plata,18,12,1,5,Argentina,BA,Partido de La Plata
Ignacio Saenz Lancuba,2012,Prop,Buenos Aires,5,5,0,0,Argentina,CABA,Comuna 6
German Araoz,2012,Prop,San Miguel de Tucuma,2,2,0,0,g,n,i
Santiago Craig,2012,Centre,Buenos Aires,2,2,3,15,Argentina,CABA,Comuna 6
Joaquin Tuculet,2012,Centre,La Plata,20,8,6,30,Argentina,BA,Partido de La Plata
Andres Bordoy,2012,Hooker,1982,2,1,0,0,Sverige,Svealand,Västmanlands län
Nahuel Lobo,2012,Prop,Chajari,10,1,0,0,España,Extremadura,Badajoz
Maximiliano Bustos,2012,Prop,Santa Fe,7,2,0,0,United States of America,New Mexico,Santa Fe County
Juan Cappiello,2013,Centre,Buenos Aires,3,3,1,5,Argentina,CABA,Comuna 6
Tomas Carrio,2013,Fullback,Chaco,6,6,3,15,Argentina,Chaco,Missing
Matias Diaz,2013,Prop,Mendoza,9,4,0,0,Argentina,MZA,Departamento Capital
Dan Isaack,2013,Centre,Rosario,2,2,4,20,Argentina,S2000,SFE
Fidel Lamy,2013,Flanker,Mendoza,3,3,0,0,Argentina,MZA,Departamento Capital
Tomas Lavanini,2013,Lock,Buenos Aires,18,8,1,5,Argentina,CABA,Comuna 6
Santiago Mendez Angelillo,2013,Scrum-half,Buenos Aires,3,3,1,5,Argentina,CABA,Comuna 6
Francisco Panessi,2013,No. 8,Villa la Angostura,2,2,0,0,Argentina,Neuquén,Departamento Los Lagos
Joaquin Paz,2013,Fly-half,Cordoba,3,3,2,10,España,Andalucía,Córdoba
Sebastian Poet,2013,Fly-half,Rosario,3,3,4,34,Argentina,S2000,SFE
Santiago Rocchia,2013,Flanker,Tucuman,3,3,1,5,Argentina,Tucumán,Missing
German Schulz,2013,Wing,Cordoba,2,2,1,5,España,Andalucía,Córdoba
Santiago Alvarez,2013,Centre,Bahia Blanca,3,3,2,10,Argentina,BA,Partido de Bahía Blanca
Tomas Borghi,2013,Lock,Buenos Aires,3,3,1,5,Argentina,CABA,Comuna 6
Martin Chiappesoni,2013,Lock,Parana,3,3,3,15,Brasil,Região Nordeste,PE
Tomas Gilardon,2013,Prop,Buenos Aires,3,3,0,0,Argentina,CABA,Comuna 6
Santiago Iglesias Valdez,2013,Hooker,Tucuman,10,6,1,5,Argentina,Tucumán,Missing
Pedro Imhoff,2013,Scrum-half,Rosario,3,3,2,10,Argentina,S2000,SFE
Patricio Fernandez Fiant,2013,Fullback,Rosario,2,2,2,38,Argentina,S2000,SFE
Santiago Garcia Botta,2013,Prop,Buenos Aires,4,4,1,5,Argentina,CABA,Comuna 6
Pablo Matera,2013,Flanker,Buenos Aires,14,4,2,10,Argentina,CABA,Comuna 6
Joaquin Paz,2013,Fullback,Buenos Aires,2,2,1,5,Argentina,CABA,Comuna 6
Macario Villaluenga,2013,Wing,Tucuman,2,2,2,10,Argentina,Tucumán,Missing
Gonzalo Manso,2013,Hooker,Tucuman,2,2,0,0,Argentina,Tucumán,Missing
Santiago Cordero,2013,Fullback,Buenos Aires,9,5,3,15,Argentina,CABA,Comuna 6
Antonio Ahualli de Chazal,2014,No. 8,Tucuman,4,2,1,5,Argentina,Tucumán,Missing
Matias Alemanno,2014,Lock,Cordoba,11,3,1,5,España,Andalucía,Córdoba
Jeronimo de la Fuente,2014,Centre,Rosario,11,6,4,20,Argentina,S2000,SFE
Lucas Noguera Paz,2014,Prop,Tucuman,13,6,1,5,Argentina,Tucumán,Missing
Lucas Ponce,2014,Lock,Buenos Aires,5,4,1,5,Argentina,CABA,Comuna 6
Felipe Ezcurra,2014,Scrum-half,Buenos Aires,2,2,0,0,Argentina,CABA,Comuna 6
Julian Montoya,2014,Hooker,Buenos Aires,6,4,2,10,Argentina,CABA,Comuna 6
Lucas Maguire,2014,Back-row,Buenos Aires,1,1,0,0,Argentina,CABA,Comuna 6
Ramiro Herrera,2014,Prop,Comodoro Rivadavia,11,3,0,0,Argentina,Chubut,Departamento Escalante
Matias Moroni,2014,Centre,Buenos Aires,2,1,0,0,Argentina,CABA,Comuna 6
Juan Cruz Guillemain,2014,Lock,San Juan,1,0,0,0,United States of America,Puerto Rico,San Juan
Facundo Isa,2014,Flanker,Santiago del Estero,5,4,1,5,Argentina,Santiago del Estero,Missing
Guido Petti Pagadizaval,2014,Lock,Buenos Aires,4,4,0,0,Argentina,CABA,Comuna 6
Tomas Lezana,2014,Flanker,Santiago del Estero,3,3,1,5,Argentina,Santiago del Estero,Missing
Geronimo Albertario,2015,Lock,Buenos Aires,2,2,0,0,Argentina,CABA,Comuna 6
Gregorio del Prete,2015,Scrum-half,Mar del Plata,1,1,0,0,Argentina,BA,Partido de General Pueyrredón
Juan Leon Novillo,2015,Wing,1992,2,2,1,17,Россия,СКФО,Карачаево-Черкесия
Gonzalo Bertranou,2015,Scrum-half,Mendoza,1,1,0,0,Argentina,MZA,Departamento Capital
Manuel Plaza,2015,Lock,Salta,1,1,0,0,Argentina,Salta,Missing
